suburb_group,apartment_type,bedrooms,postcodes,horizon,label,anchor_median,prediction,lower,upper
Albert Park-Middle Park-West St Kilda,flat,1,3206.0,1,2025 Q4,450.0,454.43,437.13,471.72
Albert Park-Middle Park-West St Kilda,flat,2,3206.0,1,2025 Q4,643.0,645.99,628.7,663.28
Albert Park-Middle Park-West St Kilda,flat,3,3206.0,1,2025 Q4,825.0,815.51,798.22,832.81
Albert Park-Middle Park-West St Kilda,house,2,3206.0,1,2025 Q4,760.0,761.44,744.15,778.73
Albert Park-Middle Park-West St Kilda,house,3,3206.0,1,2025 Q4,1150.0,1151.84,1134.54,1169.13
Albert Park-Middle Park-West St Kilda,house,4,3206.0,1,2025 Q4,1400.0,1397.21,1379.92,1414.5
Altona,flat,1,3018.0,1,2025 Q4,385.0,389.19,371.9,406.48
Altona,flat,2,3018.0,1,2025 Q4,475.0,478.24,460.94,495.53
Altona,flat,3,3018.0,1,2025 Q4,550.0,552.72,535.42,570.01
Altona,house,2,3018.0,1,2025 Q4,490.0,493.01,475.72,510.3
Altona,house,3,3018.0,1,2025 Q4,530.0,533.68,516.39,550.97
Altona,house,4,3018.0,1,2025 Q4,580.0,583.71,566.42,601.0
Armadale,flat,1,3143.0,1,2025 Q4,450.0,454.31,437.02,471.6
Armadale,flat,2,3143.0,1,2025 Q4,650.0,654.49,637.19,671.78
Armadale,flat,3,3143.0,1,2025 Q4,1000.0,1006.5,989.21,1023.79
Armadale,house,2,3143.0,1,2025 Q4,830.0,836.56,819.27,853.85
Armadale,house,3,3143.0,1,2025 Q4,1100.0,1099.38,1082.09,1116.67
Armadale,house,4,3143.0,1,2025 Q4,1738.0,1751.77,1734.48,1769.07
Aspendale-Chelsea-Carrum,flat,1,3195.0,1,2025 Q4,435.0,437.53,420.24,454.83
Aspendale-Chelsea-Carrum,flat,2,3195.0,1,2025 Q4,545.0,549.53,532.23,566.82
Aspendale-Chelsea-Carrum,flat,3,3195.0,1,2025 Q4,675.0,678.65,661.36,695.94
Aspendale-Chelsea-Carrum,house,2,3195.0,1,2025 Q4,550.0,553.35,536.06,570.65
Aspendale-Chelsea-Carrum,house,3,3195.0,1,2025 Q4,680.0,683.27,665.98,700.56
Aspendale-Chelsea-Carrum,house,4,3195.0,1,2025 Q4,870.0,872.5,855.21,889.79
Bairnsdale,flat,1,3860.0,1,2025 Q4,290.0,292.28,274.98,309.57
Bairnsdale,flat,2,3860.0,1,2025 Q4,370.0,373.55,356.26,390.84
Bairnsdale,flat,3,3860.0,1,2025 Q4,458.0,462.1,444.81,479.39
Bairnsdale,house,2,3860.0,1,2025 Q4,390.0,393.11,375.82,410.4
Bairnsdale,house,3,3860.0,1,2025 Q4,460.0,463.33,446.04,480.63
Bairnsdale,house,4,3860.0,1,2025 Q4,550.0,552.91,535.62,570.2
Ballarat,flat,1,3350.0,1,2025 Q4,285.0,287.55,270.26,304.85
Ballarat,flat,2,3350.0,1,2025 Q4,360.0,362.99,345.7,380.28
Ballarat,flat,3,3350.0,1,2025 Q4,400.0,403.13,385.84,420.42
Ballarat,house,2,3350.0,1,2025 Q4,360.0,362.77,345.48,380.06
Ballarat,house,3,3350.0,1,2025 Q4,410.0,413.75,396.46,431.05
Ballarat,house,4,3350.0,1,2025 Q4,475.0,479.41,462.11,496.7
Balwyn,flat,1,3103.0,1,2025 Q4,500.0,504.03,486.74,521.32
Balwyn,flat,2,3103.0,1,2025 Q4,588.0,591.79,574.49,609.08
Balwyn,flat,3,3103.0,1,2025 Q4,798.0,800.52,783.23,817.82
Balwyn,house,2,3103.0,1,2025 Q4,570.0,573.77,556.48,591.07
Balwyn,house,3,3103.0,1,2025 Q4,750.0,754.97,737.68,772.26
Balwyn,house,4,3103.0,1,2025 Q4,1000.0,1000.61,983.32,1017.9
Bayswater,flat,1,3153.0,1,2025 Q4,393.0,396.98,379.68,414.27
Bayswater,flat,2,3153.0,1,2025 Q4,493.0,497.12,479.83,514.42
Bayswater,flat,3,3153.0,1,2025 Q4,590.0,592.93,575.64,610.22
Bayswater,house,2,3153.0,1,2025 Q4,500.0,502.56,485.27,519.85
Bayswater,house,3,3153.0,1,2025 Q4,590.0,594.2,576.91,611.49
Bayswater,house,4,3153.0,1,2025 Q4,675.0,678.83,661.54,696.12
Belmont-Grovedale,flat,1,3216.0,1,2025 Q4,340.0,344.15,326.86,361.44
Belmont-Grovedale,flat,2,3216.0,1,2025 Q4,430.0,433.46,416.17,450.75
Belmont-Grovedale,flat,3,3216.0,1,2025 Q4,500.0,503.79,486.5,521.08
Belmont-Grovedale,house,2,3216.0,1,2025 Q4,450.0,453.44,436.15,470.73
Belmont-Grovedale,house,3,3216.0,1,2025 Q4,500.0,504.0,486.71,521.29
Belmont-Grovedale,house,4,3216.0,1,2025 Q4,550.0,554.56,537.27,571.85
Benalla,flat,1,3672.0,1,2025 Q4,305.0,310.48,293.19,327.77
Benalla,flat,2,3672.0,1,2025 Q4,370.0,373.38,356.09,390.67
Benalla,house,2,3672.0,1,2025 Q4,380.0,382.95,365.65,400.24
Benalla,house,3,3672.0,1,2025 Q4,450.0,453.12,435.83,470.41
Benalla,house,4,3672.0,1,2025 Q4,570.0,574.73,557.44,592.03
Bendigo,flat,1,3550.0,1,2025 Q4,330.0,334.03,316.74,351.32
Bendigo,flat,2,3550.0,1,2025 Q4,400.0,402.51,385.22,419.8
Bendigo,house,2,3550.0,1,2025 Q4,470.0,473.77,456.48,491.06
Bendigo,house,3,3550.0,1,2025 Q4,480.0,483.99,466.7,501.28
Bendigo,house,4,3550.0,1,2025 Q4,580.0,586.89,569.6,604.18
Bentleigh,flat,1,3204.0,1,2025 Q4,405.0,409.23,391.94,426.53
Bentleigh,flat,2,3204.0,1,2025 Q4,590.0,594.58,577.29,611.87
Bentleigh,flat,3,3204.0,1,2025 Q4,750.0,752.3,735.01,769.59
Bentleigh,house,2,3204.0,1,2025 Q4,600.0,603.09,585.79,620.38
Bentleigh,house,3,3204.0,1,2025 Q4,735.0,738.47,721.18,755.76
Bentleigh,house,4,3204.0,1,2025 Q4,1025.0,1026.83,1009.54,1044.12
Berwick,flat,2,3806.0,1,2025 Q4,500.0,503.36,486.07,520.66
Berwick,flat,3,3806.0,1,2025 Q4,550.0,554.35,537.05,571.64
Berwick,house,2,3806.0,1,2025 Q4,490.0,492.73,475.44,510.02
Berwick,house,3,3806.0,1,2025 Q4,560.0,563.22,545.93,580.51
Berwick,house,4,3806.0,1,2025 Q4,620.0,623.14,605.85,640.43
Blackburn,flat,1,3130.0,1,2025 Q4,460.0,462.86,445.56,480.15
Blackburn,flat,2,3130.0,1,2025 Q4,550.0,552.7,535.4,569.99
Blackburn,flat,3,3130.0,1,2025 Q4,644.0,646.01,628.72,663.31
Blackburn,house,2,3130.0,1,2025 Q4,550.0,552.37,535.08,569.67
Blackburn,house,3,3130.0,1,2025 Q4,620.0,624.03,606.74,641.32
Blackburn,house,4,3130.0,1,2025 Q4,800.0,805.33,788.04,822.62
Boronia,flat,1,3155.0,1,2025 Q4,400.0,401.59,384.3,418.88
Boronia,flat,2,3155.0,1,2025 Q4,500.0,503.43,486.14,520.73
Boronia,flat,3,3155.0,1,2025 Q4,600.0,603.42,586.13,620.72
Boronia,house,2,3155.0,1,2025 Q4,520.0,526.06,508.77,543.35
Boronia,house,3,3155.0,1,2025 Q4,590.0,594.27,576.98,611.57
Boronia,house,4,3155.0,1,2025 Q4,680.0,684.38,667.09,701.67
Box Hill,flat,1,3128.0,1,2025 Q4,490.0,492.57,475.28,509.86
Box Hill,flat,2,3128.0,1,2025 Q4,610.0,612.86,595.57,630.15
Box Hill,flat,3,3128.0,1,2025 Q4,710.0,712.32,695.03,729.61
Box Hill,house,2,3128.0,1,2025 Q4,540.0,544.92,527.63,562.21
Box Hill,house,3,3128.0,1,2025 Q4,650.0,654.27,636.98,671.56
Box Hill,house,4,3128.0,1,2025 Q4,808.0,811.33,794.04,828.63
Brighton,flat,1,3186.0,1,2025 Q4,498.0,506.81,489.52,524.1
Brighton,flat,2,3186.0,1,2025 Q4,680.0,686.39,669.09,703.68
Brighton,flat,3,3186.0,1,2025 Q4,1000.0,1003.61,986.32,1020.9
Brighton,house,2,3186.0,1,2025 Q4,760.0,763.3,746.01,780.6
Brighton,house,3,3186.0,1,2025 Q4,1150.0,1152.11,1134.82,1169.4
Brighton,house,4,3186.0,1,2025 Q4,1650.0,1649.77,1632.48,1667.07
Brighton East,flat,2,3187.0,1,2025 Q4,630.0,634.56,617.27,651.85
Brighton East,flat,3,3187.0,1,2025 Q4,738.0,739.71,722.42,757.0
Brighton East,house,2,3187.0,1,2025 Q4,690.0,694.61,677.32,711.9
Brighton East,house,3,3187.0,1,2025 Q4,940.0,945.54,928.25,962.83
Brighton East,house,4,3187.0,1,2025 Q4,1295.0,1288.11,1270.82,1305.4
Broadmeadows-Roxburgh Park,flat,1,3047.0,1,2025 Q4,325.0,326.42,309.13,343.71
Broadmeadows-Roxburgh Park,flat,2,3047.0,1,2025 Q4,470.0,472.54,455.24,489.83
Broadmeadows-Roxburgh Park,flat,3,3047.0,1,2025 Q4,520.0,523.62,506.33,540.92
Broadmeadows-Roxburgh Park,house,2,3047.0,1,2025 Q4,460.0,462.33,445.04,479.62
Broadmeadows-Roxburgh Park,house,3,3047.0,1,2025 Q4,506.0,509.25,491.96,526.54
Broadmeadows-Roxburgh Park,house,4,3047.0,1,2025 Q4,600.0,602.99,585.7,620.28
Brunswick,flat,1,3056.0,1,2025 Q4,460.0,463.99,446.7,481.29
Brunswick,flat,2,3056.0,1,2025 Q4,600.0,604.22,586.92,621.51
Brunswick,flat,3,3056.0,1,2025 Q4,840.0,843.67,826.38,860.96
Brunswick,house,2,3056.0,1,2025 Q4,660.0,663.21,645.92,680.5
Brunswick,house,3,3056.0,1,2025 Q4,850.0,852.71,835.42,870.0
Brunswick,house,4,3056.0,1,2025 Q4,1000.0,1000.28,982.99,1017.57
Bulleen-Templestowe-Doncaster,flat,1,3108.0,1,2025 Q4,480.0,482.54,465.24,499.83
Bulleen-Templestowe-Doncaster,flat,2,3108.0,1,2025 Q4,595.0,598.15,580.86,615.44
Bulleen-Templestowe-Doncaster,flat,3,3108.0,1,2025 Q4,720.0,723.12,705.83,740.41
Bulleen-Templestowe-Doncaster,house,2,3108.0,1,2025 Q4,570.0,573.91,556.61,591.2
Bulleen-Templestowe-Doncaster,house,3,3108.0,1,2025 Q4,660.0,664.01,646.72,681.3
Bulleen-Templestowe-Doncaster,house,4,3108.0,1,2025 Q4,820.0,823.69,806.4,840.98
Bundoora-Greensborough-Hurstbridge,flat,1,3088.0,1,2025 Q4,420.0,423.01,405.72,440.31
Bundoora-Greensborough-Hurstbridge,flat,2,3088.0,1,2025 Q4,490.0,492.82,475.53,510.11
Bundoora-Greensborough-Hurstbridge,flat,3,3088.0,1,2025 Q4,580.0,582.39,565.1,599.68
Bundoora-Greensborough-Hurstbridge,house,2,3088.0,1,2025 Q4,500.0,502.38,485.09,519.67
Bundoora-Greensborough-Hurstbridge,house,3,3088.0,1,2025 Q4,570.0,573.77,556.48,591.06
Bundoora-Greensborough-Hurstbridge,house,4,3088.0,1,2025 Q4,600.0,603.5,586.21,620.79
Burwood-Ashburton,flat,1,3125.0,1,2025 Q4,450.0,456.88,439.59,474.17
Burwood-Ashburton,flat,2,3125.0,1,2025 Q4,570.0,573.47,556.18,590.76
Burwood-Ashburton,flat,3,3125.0,1,2025 Q4,720.0,723.21,705.92,740.5
Burwood-Ashburton,house,2,3125.0,1,2025 Q4,580.0,583.56,566.27,600.86
Burwood-Ashburton,house,3,3125.0,1,2025 Q4,650.0,652.84,635.55,670.13
Burwood-Ashburton,house,4,3125.0,1,2025 Q4,878.0,880.85,863.56,898.14
CBD-St Kilda Rd,flat,1,,1,2025 Q4,560.0,563.97,546.68,581.26
CBD-St Kilda Rd,flat,2,,1,2025 Q4,735.0,738.37,721.08,755.66
CBD-St Kilda Rd,flat,3,,1,2025 Q4,1050.0,1048.54,1031.25,1065.83
Camberwell-Glen Iris,flat,1,3124.0,1,2025 Q4,440.0,443.93,426.64,461.22
Camberwell-Glen Iris,flat,2,3124.0,1,2025 Q4,600.0,604.56,587.27,621.85
Camberwell-Glen Iris,flat,3,3124.0,1,2025 Q4,815.0,817.18,799.89,834.48
Camberwell-Glen Iris,house,2,3124.0,1,2025 Q4,660.0,663.29,646.0,680.58
Camberwell-Glen Iris,house,3,3124.0,1,2025 Q4,838.0,840.92,823.63,858.21
Camberwell-Glen Iris,house,4,3124.0,1,2025 Q4,1195.0,1196.31,1179.02,1213.6
Canterbury-Surrey Hills-Mont Albert,flat,1,3127.0,1,2025 Q4,450.0,455.11,437.81,472.4
Canterbury-Surrey Hills-Mont Albert,flat,2,3127.0,1,2025 Q4,570.0,574.34,557.05,591.63
Canterbury-Surrey Hills-Mont Albert,flat,3,3127.0,1,2025 Q4,740.0,741.42,724.13,758.71
Canterbury-Surrey Hills-Mont Albert,house,2,3127.0,1,2025 Q4,620.0,623.98,606.69,641.27
Canterbury-Surrey Hills-Mont Albert,house,3,3127.0,1,2025 Q4,800.0,804.65,787.35,821.94
Canterbury-Surrey Hills-Mont Albert,house,4,3127.0,1,2025 Q4,1100.0,1100.35,1083.06,1117.64
Carlton North,flat,1,3054.0,1,2025 Q4,430.0,434.81,417.52,452.1
Carlton North,flat,2,3054.0,1,2025 Q4,600.0,605.06,587.77,622.35
Carlton North,flat,3,3054.0,1,2025 Q4,778.0,780.58,763.28,797.87
Carlton North,house,2,3054.0,1,2025 Q4,755.0,759.56,742.27,776.85
Carlton North,house,3,3054.0,1,2025 Q4,950.0,953.47,936.18,970.76
Carlton-Parkville,flat,1,3053.0,1,2025 Q4,500.0,504.39,487.1,521.68
Carlton-Parkville,flat,2,3053.0,1,2025 Q4,670.0,674.11,656.82,691.4
Carlton-Parkville,flat,3,3053.0,1,2025 Q4,855.0,857.34,840.05,874.63
Carlton-Parkville,house,2,3053.0,1,2025 Q4,670.0,674.32,657.03,691.61
Carlton-Parkville,house,3,3053.0,1,2025 Q4,950.0,953.85,936.56,971.14
Carlton-Parkville,house,4,3053.0,1,2025 Q4,1100.0,1095.34,1078.04,1112.63
Carnegie,flat,1,3163.0,1,2025 Q4,420.0,424.3,407.0,441.59
Carnegie,flat,2,3163.0,1,2025 Q4,595.0,598.17,580.88,615.46
Carnegie,flat,3,3163.0,1,2025 Q4,775.0,779.63,762.34,796.92
Carnegie,house,2,3163.0,1,2025 Q4,600.0,603.05,585.76,620.35
Carnegie,house,3,3163.0,1,2025 Q4,750.0,752.85,735.55,770.14
Carnegie,house,4,3163.0,1,2025 Q4,1100.0,1105.55,1088.26,1122.84
Castlemaine,flat,2,3450.0,1,2025 Q4,390.0,393.04,375.75,410.33
Castlemaine,house,2,3450.0,1,2025 Q4,430.0,432.42,415.13,449.71
Castlemaine,house,3,3450.0,1,2025 Q4,500.0,503.81,486.52,521.1
Castlemaine,house,4,3450.0,1,2025 Q4,580.0,583.34,566.05,600.63
Caulfield,flat,1,3162.0,1,2025 Q4,500.0,503.55,486.26,520.84
Caulfield,flat,2,3162.0,1,2025 Q4,630.0,634.79,617.5,652.08
Caulfield,flat,3,3162.0,1,2025 Q4,810.0,813.87,796.58,831.16
Caulfield,house,2,3162.0,1,2025 Q4,633.0,636.8,619.5,654.09
Caulfield,house,3,3162.0,1,2025 Q4,850.0,853.2,835.9,870.49
Caulfield,house,4,3162.0,1,2025 Q4,1250.0,1254.54,1237.24,1271.83
Chadstone-Oakleigh,flat,1,3166.0,1,2025 Q4,500.0,502.84,485.55,520.13
Chadstone-Oakleigh,flat,2,3166.0,1,2025 Q4,580.0,583.85,566.56,601.14
Chadstone-Oakleigh,flat,3,3166.0,1,2025 Q4,680.0,682.78,665.49,700.08
Chadstone-Oakleigh,house,2,3166.0,1,2025 Q4,570.0,573.64,556.35,590.93
Chadstone-Oakleigh,house,3,3166.0,1,2025 Q4,630.0,633.03,615.74,650.32
Chadstone-Oakleigh,house,4,3166.0,1,2025 Q4,850.0,852.71,835.42,870.01
Cheltenham,flat,1,3192.0,1,2025 Q4,450.0,453.56,436.27,470.85
Cheltenham,flat,2,3192.0,1,2025 Q4,550.0,554.08,536.79,571.37
Cheltenham,flat,3,3192.0,1,2025 Q4,693.0,695.42,678.12,712.71
Cheltenham,house,2,3192.0,1,2025 Q4,585.0,588.2,570.91,605.49
Cheltenham,house,3,3192.0,1,2025 Q4,720.0,723.48,706.19,740.77
Cheltenham,house,4,3192.0,1,2025 Q4,950.0,953.58,936.29,970.87
Clayton,flat,1,3168.0,1,2025 Q4,490.0,494.0,476.71,511.3
Clayton,flat,2,3168.0,1,2025 Q4,590.0,593.47,576.17,610.76
Clayton,flat,3,3168.0,1,2025 Q4,650.0,652.32,635.03,669.62
Clayton,house,2,3168.0,1,2025 Q4,550.0,552.54,535.25,569.83
Clayton,house,3,3168.0,1,2025 Q4,603.0,606.22,588.93,623.52
Clayton,house,4,3168.0,1,2025 Q4,800.0,805.39,788.1,822.68
Coburg-Pascoe Vale South,flat,1,3058.0,1,2025 Q4,425.0,427.62,410.32,444.91
Coburg-Pascoe Vale South,flat,2,3058.0,1,2025 Q4,550.0,553.38,536.09,570.67
Coburg-Pascoe Vale South,flat,3,3058.0,1,2025 Q4,700.0,704.39,687.1,721.68
Coburg-Pascoe Vale South,house,2,3058.0,1,2025 Q4,580.0,583.51,566.22,600.8
Coburg-Pascoe Vale South,house,3,3058.0,1,2025 Q4,710.0,712.63,695.34,729.92
Coburg-Pascoe Vale South,house,4,3058.0,1,2025 Q4,850.0,851.64,834.35,868.93
Collingwood-Abbotsford,flat,1,3066.0,1,2025 Q4,520.0,524.28,506.99,541.58
Collingwood-Abbotsford,flat,2,3066.0,1,2025 Q4,695.0,698.95,681.66,716.24
Collingwood-Abbotsford,flat,3,3066.0,1,2025 Q4,1000.0,1000.55,983.26,1017.84
Collingwood-Abbotsford,house,2,3066.0,1,2025 Q4,720.0,723.87,706.58,741.16
Collingwood-Abbotsford,house,3,3066.0,1,2025 Q4,950.0,953.97,936.68,971.26
Corio,flat,1,3214.0,1,2025 Q4,320.0,322.86,305.57,340.15
Corio,flat,2,3214.0,1,2025 Q4,380.0,382.51,365.22,399.81
Corio,flat,3,3214.0,1,2025 Q4,445.0,447.9,430.61,465.19
Corio,house,2,3214.0,1,2025 Q4,380.0,382.99,365.69,400.28
Corio,house,3,3214.0,1,2025 Q4,420.0,424.19,406.89,441.48
Corio,house,4,3214.0,1,2025 Q4,485.0,488.52,471.23,505.81
Craigieburn,flat,2,3064.0,1,2025 Q4,440.0,442.14,424.84,459.43
Craigieburn,flat,3,3064.0,1,2025 Q4,485.0,488.02,470.72,505.31
Craigieburn,house,2,3064.0,1,2025 Q4,450.0,452.76,435.47,470.05
Craigieburn,house,3,3064.0,1,2025 Q4,500.0,502.79,485.5,520.08
Craigieburn,house,4,3064.0,1,2025 Q4,560.0,563.23,545.94,580.53
Cranbourne,flat,1,3977.0,1,2025 Q4,400.0,401.85,384.56,419.14
Cranbourne,flat,2,3977.0,1,2025 Q4,460.0,462.82,445.53,480.11
Cranbourne,flat,3,3977.0,1,2025 Q4,530.0,533.15,515.86,550.45
Cranbourne,house,2,3977.0,1,2025 Q4,490.0,492.69,475.4,509.98
Cranbourne,house,3,3977.0,1,2025 Q4,550.0,553.4,536.11,570.69
Cranbourne,house,4,3977.0,1,2025 Q4,600.0,603.16,585.87,620.46
Croydon-Lilydale,flat,1,3136.0,1,2025 Q4,363.0,368.03,350.74,385.32
Croydon-Lilydale,flat,2,3136.0,1,2025 Q4,500.0,503.28,485.99,520.57
Croydon-Lilydale,flat,3,3136.0,1,2025 Q4,620.0,623.57,606.28,640.86
Croydon-Lilydale,house,2,3136.0,1,2025 Q4,525.0,528.99,511.7,546.29
Croydon-Lilydale,house,3,3136.0,1,2025 Q4,600.0,604.01,586.71,621.3
Croydon-Lilydale,house,4,3136.0,1,2025 Q4,730.0,734.24,716.94,751.53
Dandenong,flat,1,3175.0,1,2025 Q4,375.0,378.84,361.54,396.13
Dandenong,flat,2,3175.0,1,2025 Q4,450.0,453.85,436.56,471.14
Dandenong,flat,3,3175.0,1,2025 Q4,570.0,572.02,554.73,589.32
Dandenong,house,2,3175.0,1,2025 Q4,490.0,492.01,474.72,509.3
Dandenong,house,3,3175.0,1,2025 Q4,560.0,563.35,546.06,580.64
Dandenong,house,4,3175.0,1,2025 Q4,750.0,752.63,735.34,769.93
Dandenong North-Endeavour Hills,flat,1,3177.0,1,2025 Q4,350.0,353.02,335.72,370.31
Dandenong North-Endeavour Hills,flat,2,3177.0,1,2025 Q4,468.0,470.7,453.4,487.99
Dandenong North-Endeavour Hills,flat,3,3177.0,1,2025 Q4,550.0,553.53,536.23,570.82
Dandenong North-Endeavour Hills,house,2,3177.0,1,2025 Q4,475.0,478.99,461.7,496.28
Dandenong North-Endeavour Hills,house,3,3177.0,1,2025 Q4,530.0,533.43,516.14,550.72
Dandenong North-Endeavour Hills,house,4,3177.0,1,2025 Q4,630.0,633.95,616.66,651.24
Docklands,flat,1,3008.0,1,2025 Q4,600.0,606.38,589.09,623.67
Docklands,flat,2,3008.0,1,2025 Q4,763.0,768.28,750.99,785.57
Docklands,flat,3,3008.0,1,2025 Q4,1200.0,1202.34,1185.05,1219.63
Doncaster East-Donvale,flat,1,3109.0,1,2025 Q4,470.0,472.34,455.05,489.63
Doncaster East-Donvale,flat,2,3109.0,1,2025 Q4,575.0,578.07,560.78,595.36
Doncaster East-Donvale,flat,3,3109.0,1,2025 Q4,695.0,699.42,682.13,716.71
Doncaster East-Donvale,house,2,3109.0,1,2025 Q4,530.0,531.94,514.65,549.23
Doncaster East-Donvale,house,3,3109.0,1,2025 Q4,680.0,684.0,666.71,701.3
Doncaster East-Donvale,house,4,3109.0,1,2025 Q4,830.0,833.43,816.13,850.72
Dromana-Portsea,flat,1,3936.0,1,2025 Q4,393.0,395.05,377.76,412.35
Dromana-Portsea,flat,2,3936.0,1,2025 Q4,478.0,481.64,464.35,498.94
Dromana-Portsea,flat,3,3936.0,1,2025 Q4,600.0,603.38,586.09,620.68
Dromana-Portsea,house,2,3936.0,1,2025 Q4,490.0,493.71,476.42,511.01
Dromana-Portsea,house,3,3936.0,1,2025 Q4,570.0,573.93,556.64,591.22
Dromana-Portsea,house,4,3936.0,1,2025 Q4,745.0,748.33,731.04,765.63
East Brunswick,flat,1,3057.0,1,2025 Q4,500.0,503.83,486.53,521.12
East Brunswick,flat,2,3057.0,1,2025 Q4,625.0,629.33,612.03,646.62
East Brunswick,flat,3,3057.0,1,2025 Q4,880.0,881.49,864.2,898.79
East Brunswick,house,2,3057.0,1,2025 Q4,710.0,711.71,694.42,729.01
East Brunswick,house,3,3057.0,1,2025 Q4,880.0,881.81,864.52,899.1
East Brunswick,house,4,3057.0,1,2025 Q4,1100.0,1107.73,1090.44,1125.02
East Hawthorn,flat,1,3123.0,1,2025 Q4,490.0,494.63,477.33,511.92
East Hawthorn,flat,2,3123.0,1,2025 Q4,610.0,614.39,597.1,631.68
East Hawthorn,flat,3,3123.0,1,2025 Q4,890.0,893.71,876.42,911.0
East Hawthorn,house,2,3123.0,1,2025 Q4,698.0,702.02,684.73,719.31
East Hawthorn,house,3,3123.0,1,2025 Q4,898.0,901.66,884.37,918.96
East Hawthorn,house,4,3123.0,1,2025 Q4,1300.0,1300.86,1283.56,1318.15
East Melbourne,flat,1,3002.0,1,2025 Q4,520.0,524.58,507.29,541.87
East Melbourne,flat,2,3002.0,1,2025 Q4,690.0,694.83,677.54,712.13
East Melbourne,flat,3,3002.0,1,2025 Q4,1175.0,1181.26,1163.97,1198.56
East Melbourne,house,3,3002.0,1,2025 Q4,1100.0,1089.08,1071.78,1106.37
East St Kilda,flat,1,3183.0,1,2025 Q4,425.0,430.31,413.02,447.6
East St Kilda,flat,2,3183.0,1,2025 Q4,575.0,579.73,562.44,597.02
East St Kilda,flat,3,3183.0,1,2025 Q4,840.0,842.58,825.29,859.87
East St Kilda,house,2,3183.0,1,2025 Q4,763.0,765.27,747.98,782.56
East St Kilda,house,3,3183.0,1,2025 Q4,900.0,898.51,881.22,915.8
East St Kilda,house,4,3183.0,1,2025 Q4,1100.0,1096.2,1078.9,1113.49
Echuca,flat,1,3564.0,1,2025 Q4,278.0,281.03,263.74,298.32
Echuca,flat,2,3564.0,1,2025 Q4,420.0,424.24,406.94,441.53
Echuca,flat,3,3564.0,1,2025 Q4,450.0,451.32,434.03,468.61
Echuca,house,2,3564.0,1,2025 Q4,418.0,421.3,404.01,438.59
Echuca,house,3,3564.0,1,2025 Q4,520.0,523.9,506.61,541.2
Echuca,house,4,3564.0,1,2025 Q4,640.0,644.2,626.9,661.49
Elsternwick,flat,1,3185.0,1,2025 Q4,440.0,444.5,427.21,461.8
Elsternwick,flat,2,3185.0,1,2025 Q4,600.0,603.28,585.99,620.57
Elsternwick,flat,3,3185.0,1,2025 Q4,800.0,800.92,783.63,818.21
Elsternwick,house,2,3185.0,1,2025 Q4,718.0,721.1,703.81,738.39
Elsternwick,house,3,3185.0,1,2025 Q4,900.0,901.21,883.91,918.5
Elsternwick,house,4,3185.0,1,2025 Q4,1150.0,1148.17,1130.88,1165.46
Eltham-Research-Montmorency,flat,1,3095.0,1,2025 Q4,360.0,363.64,346.34,380.93
Eltham-Research-Montmorency,flat,2,3095.0,1,2025 Q4,500.0,503.7,486.41,520.99
Eltham-Research-Montmorency,flat,3,3095.0,1,2025 Q4,620.0,623.04,605.75,640.33
Eltham-Research-Montmorency,house,2,3095.0,1,2025 Q4,500.0,502.85,485.56,520.14
Eltham-Research-Montmorency,house,3,3095.0,1,2025 Q4,650.0,653.33,636.04,670.62
Eltham-Research-Montmorency,house,4,3095.0,1,2025 Q4,813.0,815.23,797.94,832.52
Elwood,flat,1,3184.0,1,2025 Q4,450.0,454.34,437.05,471.64
Elwood,flat,2,3184.0,1,2025 Q4,608.0,612.1,594.81,629.39
Elwood,flat,3,3184.0,1,2025 Q4,875.0,875.44,858.15,892.74
Elwood,house,2,3184.0,1,2025 Q4,795.0,798.87,781.58,816.16
Elwood,house,3,3184.0,1,2025 Q4,1095.0,1099.23,1081.94,1116.52
Elwood,house,4,3184.0,1,2025 Q4,1500.0,1489.12,1471.82,1506.41
Essendon,flat,1,3040.0,1,2025 Q4,430.0,433.24,415.95,450.53
Essendon,flat,2,3040.0,1,2025 Q4,510.0,513.46,496.17,530.75
Essendon,flat,3,3040.0,1,2025 Q4,650.0,653.79,636.5,671.08
Essendon,house,2,3040.0,1,2025 Q4,550.0,554.01,536.71,571.3
Essendon,house,3,3040.0,1,2025 Q4,650.0,653.04,635.75,670.34
Essendon,house,4,3040.0,1,2025 Q4,895.0,896.28,878.99,913.57
Fairfield-Alphington,flat,1,3078.0,1,2025 Q4,400.0,404.57,387.28,421.86
Fairfield-Alphington,flat,2,3078.0,1,2025 Q4,575.0,578.44,561.15,595.74
Fairfield-Alphington,flat,3,3078.0,1,2025 Q4,815.0,812.61,795.32,829.9
Fairfield-Alphington,house,2,3078.0,1,2025 Q4,650.0,652.27,634.98,669.56
Fairfield-Alphington,house,3,3078.0,1,2025 Q4,850.0,851.39,834.09,868.68
Fairfield-Alphington,house,4,3078.0,1,2025 Q4,1113.0,1118.5,1101.21,1135.79
Ferntree Gully,flat,2,3156.0,1,2025 Q4,520.0,523.57,506.28,540.86
Ferntree Gully,flat,3,3156.0,1,2025 Q4,580.0,582.43,565.13,599.72
Ferntree Gully,house,2,3156.0,1,2025 Q4,518.0,522.22,504.93,539.51
Ferntree Gully,house,3,3156.0,1,2025 Q4,600.0,603.46,586.17,620.76
Ferntree Gully,house,4,3156.0,1,2025 Q4,720.0,724.28,706.99,741.58
Fitzroy,flat,1,3065.0,1,2025 Q4,528.0,531.9,514.61,549.19
Fitzroy,flat,2,3065.0,1,2025 Q4,750.0,753.67,736.37,770.96
Fitzroy,flat,3,3065.0,1,2025 Q4,1175.0,1179.19,1161.9,1196.48
Fitzroy,house,2,3065.0,1,2025 Q4,848.0,854.88,837.59,872.18
Fitzroy,house,3,3065.0,1,2025 Q4,1100.0,1105.25,1087.96,1122.54
Fitzroy North-Clifton Hill,flat,1,3068.0,1,2025 Q4,500.0,505.88,488.58,523.17
Fitzroy North-Clifton Hill,flat,2,3068.0,1,2025 Q4,690.0,695.37,678.08,712.66
Fitzroy North-Clifton Hill,flat,3,3068.0,1,2025 Q4,1050.0,1055.58,1038.29,1072.87
Fitzroy North-Clifton Hill,house,2,3068.0,1,2025 Q4,740.0,743.69,726.4,760.98
Fitzroy North-Clifton Hill,house,3,3068.0,1,2025 Q4,998.0,1002.95,985.66,1020.24
Fitzroy North-Clifton Hill,house,4,3068.0,1,2025 Q4,1295.0,1288.28,1270.99,1305.58
Flemington-Kensington,flat,1,3031.0,1,2025 Q4,470.0,476.84,459.54,494.13
Flemington-Kensington,flat,2,3031.0,1,2025 Q4,560.0,565.35,548.06,582.65
Flemington-Kensington,flat,3,3031.0,1,2025 Q4,850.0,855.83,838.54,873.12
Flemington-Kensington,house,2,3031.0,1,2025 Q4,620.0,622.76,605.47,640.06
Flemington-Kensington,house,3,3031.0,1,2025 Q4,760.0,762.83,745.54,780.12
Flemington-Kensington,house,4,3031.0,1,2025 Q4,945.0,946.32,929.03,963.61
Flora Hill-Bendigo East,flat,1,3550.0,1,2025 Q4,350.0,354.96,337.67,372.26
Flora Hill-Bendigo East,flat,2,3550.0,1,2025 Q4,380.0,383.26,365.97,400.56
Flora Hill-Bendigo East,flat,3,3550.0,1,2025 Q4,450.0,453.07,435.77,470.36
Flora Hill-Bendigo East,house,2,3550.0,1,2025 Q4,420.0,424.07,406.78,441.37
Flora Hill-Bendigo East,house,3,3550.0,1,2025 Q4,475.0,479.31,462.02,496.6
Flora Hill-Bendigo East,house,4,3550.0,1,2025 Q4,570.0,574.62,557.33,591.92
Footscray,flat,1,3011.0,1,2025 Q4,450.0,453.21,435.92,470.5
Footscray,flat,2,3011.0,1,2025 Q4,560.0,561.5,544.21,578.79
Footscray,flat,3,3011.0,1,2025 Q4,698.0,699.48,682.19,716.77
Footscray,house,2,3011.0,1,2025 Q4,573.0,576.3,559.01,593.6
Footscray,house,3,3011.0,1,2025 Q4,640.0,641.93,624.63,659.22
Footscray,house,4,3011.0,1,2025 Q4,750.0,751.54,734.25,768.83
Frankston,flat,1,3199.0,1,2025 Q4,350.0,353.24,335.95,370.53
Frankston,flat,2,3199.0,1,2025 Q4,475.0,479.01,461.71,496.3
Frankston,flat,3,3199.0,1,2025 Q4,560.0,563.37,546.08,580.67
Frankston,house,2,3199.0,1,2025 Q4,490.0,493.62,476.33,510.91
Frankston,house,3,3199.0,1,2025 Q4,570.0,574.0,556.7,591.29
Frankston,house,4,3199.0,1,2025 Q4,670.0,673.99,656.69,691.28
Geelong-Newcombe,flat,1,3219.0,1,2025 Q4,380.0,381.08,363.79,398.37
Geelong-Newcombe,flat,2,3219.0,1,2025 Q4,460.0,461.4,444.11,478.69
Geelong-Newcombe,flat,3,3219.0,1,2025 Q4,518.0,521.77,504.48,539.07
Geelong-Newcombe,house,2,3219.0,1,2025 Q4,440.0,443.32,426.02,460.61
Geelong-Newcombe,house,3,3219.0,1,2025 Q4,480.0,484.52,467.23,501.81
Geelong-Newcombe,house,4,3219.0,1,2025 Q4,575.0,579.83,562.54,597.12
Gladstone Park-Tullamarine,flat,2,3043.0,1,2025 Q4,450.0,452.33,435.03,469.62
Gladstone Park-Tullamarine,flat,3,3043.0,1,2025 Q4,553.0,556.5,539.21,573.79
Gladstone Park-Tullamarine,house,2,3043.0,1,2025 Q4,500.0,501.96,484.67,519.26
Gladstone Park-Tullamarine,house,3,3043.0,1,2025 Q4,530.0,533.81,516.52,551.1
Gladstone Park-Tullamarine,house,4,3043.0,1,2025 Q4,620.0,623.91,606.62,641.21
Glen Waverley-Mulgrave,flat,1,3150.0,1,2025 Q4,550.0,553.48,536.19,570.77
Glen Waverley-Mulgrave,flat,2,3150.0,1,2025 Q4,640.0,643.05,625.76,660.35
Glen Waverley-Mulgrave,flat,3,3150.0,1,2025 Q4,660.0,663.43,646.13,680.72
Glen Waverley-Mulgrave,house,2,3150.0,1,2025 Q4,590.0,593.3,576.01,610.59
Glen Waverley-Mulgrave,house,3,3150.0,1,2025 Q4,640.0,644.39,627.1,661.68
Glen Waverley-Mulgrave,house,4,3150.0,1,2025 Q4,780.0,784.45,767.16,801.75
Golden Square-Kangaroo Flat,flat,2,3555.0,1,2025 Q4,380.0,382.7,365.4,399.99
Golden Square-Kangaroo Flat,flat,3,3555.0,1,2025 Q4,470.0,473.86,456.57,491.15
Golden Square-Kangaroo Flat,house,2,3555.0,1,2025 Q4,420.0,423.51,406.21,440.8
Golden Square-Kangaroo Flat,house,3,3555.0,1,2025 Q4,480.0,484.48,467.19,501.77
Golden Square-Kangaroo Flat,house,4,3555.0,1,2025 Q4,550.0,554.28,536.99,571.58
Hamilton,flat,1,3300.0,1,2025 Q4,260.0,262.89,245.59,280.18
Hamilton,flat,2,3300.0,1,2025 Q4,320.0,323.86,306.57,341.15
Hamilton,house,2,3300.0,1,2025 Q4,330.0,332.9,315.6,350.19
Hamilton,house,3,3300.0,1,2025 Q4,390.0,393.98,376.68,411.27
Hamilton,house,4,3300.0,1,2025 Q4,460.0,464.2,446.91,481.49
Hampton-Beaumaris,flat,1,3188.0,1,2025 Q4,480.0,484.49,467.2,501.78
Hampton-Beaumaris,flat,2,3188.0,1,2025 Q4,650.0,654.58,637.29,671.88
Hampton-Beaumaris,flat,3,3188.0,1,2025 Q4,900.0,902.76,885.47,920.05
Hampton-Beaumaris,house,2,3188.0,1,2025 Q4,650.0,653.89,636.6,671.18
Hampton-Beaumaris,house,3,3188.0,1,2025 Q4,895.0,897.71,880.42,915.0
Hampton-Beaumaris,house,4,3188.0,1,2025 Q4,1295.0,1293.12,1275.83,1310.42
Hastings-Flinders,flat,1,3915.0,1,2025 Q4,360.0,363.02,345.73,380.31
Hastings-Flinders,flat,2,3915.0,1,2025 Q4,470.0,473.69,456.4,490.98
Hastings-Flinders,flat,3,3915.0,1,2025 Q4,550.0,553.64,536.35,570.93
Hastings-Flinders,house,2,3915.0,1,2025 Q4,498.0,503.06,485.77,520.35
Hastings-Flinders,house,3,3915.0,1,2025 Q4,595.0,599.13,581.84,616.42
Hastings-Flinders,house,4,3915.0,1,2025 Q4,750.0,754.02,736.73,771.32
Hawthorn,flat,1,3122.0,1,2025 Q4,450.0,455.07,437.78,472.36
Hawthorn,flat,2,3122.0,1,2025 Q4,600.0,604.49,587.2,621.78
Hawthorn,flat,3,3122.0,1,2025 Q4,850.0,851.45,834.16,868.74
Hawthorn,house,2,3122.0,1,2025 Q4,710.0,711.33,694.04,728.62
Hawthorn,house,3,3122.0,1,2025 Q4,950.0,952.11,934.82,969.4
Hawthorn,house,4,3122.0,1,2025 Q4,1500.0,1508.62,1491.33,1525.91
Heidelberg-Heidelberg West,flat,1,3084.0,1,2025 Q4,450.0,452.85,435.56,470.15
Heidelberg-Heidelberg West,flat,2,3084.0,1,2025 Q4,530.0,532.54,515.25,549.83
Heidelberg-Heidelberg West,flat,3,3084.0,1,2025 Q4,650.0,653.1,635.81,670.39
Heidelberg-Heidelberg West,house,2,3084.0,1,2025 Q4,510.0,513.51,496.21,530.8
Heidelberg-Heidelberg West,house,3,3084.0,1,2025 Q4,600.0,603.08,585.79,620.37
Heidelberg-Heidelberg West,house,4,3084.0,1,2025 Q4,795.0,797.78,780.49,815.08
Herne Hill-Geelong West,flat,1,3218.0,1,2025 Q4,340.0,343.19,325.89,360.48
Herne Hill-Geelong West,flat,2,3218.0,1,2025 Q4,410.0,413.52,396.23,430.81
Herne Hill-Geelong West,flat,3,3218.0,1,2025 Q4,575.0,578.56,561.27,595.86
Herne Hill-Geelong West,house,2,3218.0,1,2025 Q4,460.0,462.89,445.6,480.18
Herne Hill-Geelong West,house,3,3218.0,1,2025 Q4,520.0,524.13,506.84,541.42
Herne Hill-Geelong West,house,4,3218.0,1,2025 Q4,660.0,664.46,647.17,681.75
Horsham,flat,1,3400.0,1,2025 Q4,250.0,249.85,232.56,267.15
Horsham,flat,2,3400.0,1,2025 Q4,320.0,323.09,305.8,340.39
Horsham,flat,3,3400.0,1,2025 Q4,415.0,418.67,401.38,435.96
Horsham,house,2,3400.0,1,2025 Q4,350.0,352.7,335.4,369.99
Horsham,house,3,3400.0,1,2025 Q4,430.0,434.5,417.21,451.79
Horsham,house,4,3400.0,1,2025 Q4,520.0,525.13,507.84,542.43
Ivanhoe-Ivanhoe East,flat,1,3079.0,1,2025 Q4,490.0,492.78,475.49,510.07
Ivanhoe-Ivanhoe East,flat,2,3079.0,1,2025 Q4,600.0,604.77,587.48,622.06
Ivanhoe-Ivanhoe East,flat,3,3079.0,1,2025 Q4,750.0,754.72,737.43,772.01
Ivanhoe-Ivanhoe East,house,2,3079.0,1,2025 Q4,600.0,604.71,587.42,622.0
Ivanhoe-Ivanhoe East,house,3,3079.0,1,2025 Q4,750.0,754.66,737.37,771.96
Ivanhoe-Ivanhoe East,house,4,3079.0,1,2025 Q4,1000.0,1000.57,983.28,1017.86
Keilor,house,4,3036.0,1,2025 Q4,730.0,732.8,715.5,750.09
Keilor East-Avondale Heights,flat,1,3033.0,1,2025 Q4,450.0,452.12,434.82,469.41
Keilor East-Avondale Heights,flat,2,3033.0,1,2025 Q4,520.0,522.82,505.53,540.11
Keilor East-Avondale Heights,flat,3,3033.0,1,2025 Q4,623.0,626.62,609.33,643.91
Keilor East-Avondale Heights,house,2,3033.0,1,2025 Q4,520.0,523.71,506.42,541.01
Keilor East-Avondale Heights,house,3,3033.0,1,2025 Q4,580.0,584.69,567.4,601.98
Keilor East-Avondale Heights,house,4,3033.0,1,2025 Q4,768.0,771.04,753.75,788.33
Kew,flat,1,3101.0,1,2025 Q4,470.0,474.82,457.53,492.11
Kew,flat,2,3101.0,1,2025 Q4,575.0,580.02,562.72,597.31
Kew,flat,3,3101.0,1,2025 Q4,850.0,853.02,835.72,870.31
Kew,house,2,3101.0,1,2025 Q4,663.0,664.74,647.44,682.03
Kew,house,3,3101.0,1,2025 Q4,850.0,852.96,835.67,870.25
Kew,house,4,3101.0,1,2025 Q4,1300.0,1303.15,1285.85,1320.44
Lara,flat,2,3212.0,1,2025 Q4,415.0,418.36,401.07,435.65
Lara,flat,3,3212.0,1,2025 Q4,485.0,489.75,472.45,507.04
Lara,house,2,3212.0,1,2025 Q4,430.0,433.66,416.37,450.95
Lara,house,3,3212.0,1,2025 Q4,500.0,503.83,486.54,521.12
Lara,house,4,3212.0,1,2025 Q4,580.0,583.15,565.86,600.44
Malvern,flat,1,3144.0,1,2025 Q4,450.0,454.3,437.0,471.59
Malvern,flat,2,3144.0,1,2025 Q4,600.0,604.78,587.48,622.07
Malvern,flat,3,3144.0,1,2025 Q4,908.0,910.56,893.27,927.85
Malvern,house,2,3144.0,1,2025 Q4,790.0,791.6,774.31,808.9
Malvern,house,3,3144.0,1,2025 Q4,1000.0,1000.5,983.21,1017.79
Malvern,house,4,3144.0,1,2025 Q4,1400.0,1394.44,1377.14,1411.73
Malvern East,flat,1,3145.0,1,2025 Q4,480.0,484.48,467.19,501.77
Malvern East,flat,2,3145.0,1,2025 Q4,600.0,603.98,586.69,621.27
Malvern East,flat,3,3145.0,1,2025 Q4,800.0,802.14,784.85,819.44
Malvern East,house,2,3145.0,1,2025 Q4,650.0,652.03,634.74,669.32
Malvern East,house,3,3145.0,1,2025 Q4,750.0,752.81,735.52,770.11
Malvern East,house,4,3145.0,1,2025 Q4,1150.0,1149.39,1132.1,1166.68
Melton,flat,1,3337.0,1,2025 Q4,350.0,350.4,333.11,367.69
Melton,flat,2,3337.0,1,2025 Q4,365.0,368.37,351.07,385.66
Melton,flat,3,3337.0,1,2025 Q4,400.0,403.36,386.06,420.65
Melton,house,2,3337.0,1,2025 Q4,375.0,377.19,359.9,394.48
Melton,house,3,3337.0,1,2025 Q4,420.0,423.07,405.78,440.36
Melton,house,4,3337.0,1,2025 Q4,470.0,473.63,456.34,490.92
Mentone-Parkdale-Mordialloc,flat,1,3194.0,1,2025 Q4,405.0,409.08,391.79,426.37
Mentone-Parkdale-Mordialloc,flat,2,3194.0,1,2025 Q4,550.0,554.35,537.06,571.65
Mentone-Parkdale-Mordialloc,flat,3,3194.0,1,2025 Q4,720.0,723.28,705.99,740.58
Mentone-Parkdale-Mordialloc,house,2,3194.0,1,2025 Q4,600.0,602.93,585.64,620.23
Mentone-Parkdale-Mordialloc,house,3,3194.0,1,2025 Q4,750.0,753.68,736.39,770.97
Mentone-Parkdale-Mordialloc,house,4,3194.0,1,2025 Q4,910.0,912.56,895.27,929.85
Mildura,flat,1,3500.0,1,2025 Q4,280.0,283.42,266.12,300.71
Mildura,flat,2,3500.0,1,2025 Q4,350.0,353.48,336.19,370.78
Mildura,flat,3,3500.0,1,2025 Q4,450.0,453.47,436.18,470.77
Mildura,house,2,3500.0,1,2025 Q4,380.0,383.19,365.9,400.48
Mildura,house,3,3500.0,1,2025 Q4,480.0,484.13,466.84,501.42
Mildura,house,4,3500.0,1,2025 Q4,580.0,584.12,566.83,601.42
Mill Park-Epping,flat,1,3076.0,1,2025 Q4,400.0,402.8,385.51,420.09
Mill Park-Epping,flat,2,3076.0,1,2025 Q4,450.0,452.3,435.01,469.59
Mill Park-Epping,flat,3,3076.0,1,2025 Q4,520.0,523.8,506.5,541.09
Mill Park-Epping,house,2,3076.0,1,2025 Q4,480.0,482.7,465.4,499.99
Mill Park-Epping,house,3,3076.0,1,2025 Q4,530.0,533.25,515.96,550.55
Mill Park-Epping,house,4,3076.0,1,2025 Q4,600.0,603.06,585.77,620.35
Moe-Newborough,flat,1,3825.0,1,2025 Q4,250.0,252.67,235.37,269.96
Moe-Newborough,flat,2,3825.0,1,2025 Q4,310.0,313.48,296.19,330.77
Moe-Newborough,house,2,3825.0,1,2025 Q4,350.0,353.39,336.1,370.68
Moe-Newborough,house,3,3825.0,1,2025 Q4,420.0,423.72,406.43,441.02
Moe-Newborough,house,4,3825.0,1,2025 Q4,525.0,527.34,510.04,544.63
Moonee Ponds-Ascot Vale,flat,1,3039.0,1,2025 Q4,450.0,453.27,435.98,470.56
Moonee Ponds-Ascot Vale,flat,2,3039.0,1,2025 Q4,550.0,554.32,537.03,571.61
Moonee Ponds-Ascot Vale,flat,3,3039.0,1,2025 Q4,730.0,732.61,715.31,749.9
Moonee Ponds-Ascot Vale,house,2,3039.0,1,2025 Q4,620.0,622.67,605.38,639.96
Moonee Ponds-Ascot Vale,house,3,3039.0,1,2025 Q4,750.0,754.44,737.15,771.73
Moonee Ponds-Ascot Vale,house,4,3039.0,1,2025 Q4,995.0,998.04,980.75,1015.34
Morwell,flat,1,3840.0,1,2025 Q4,275.0,278.26,260.96,295.55
Morwell,flat,2,3840.0,1,2025 Q4,320.0,323.61,306.32,340.9
Morwell,house,2,3840.0,1,2025 Q4,350.0,353.47,336.18,370.77
Morwell,house,3,3840.0,1,2025 Q4,400.0,404.03,386.74,421.33
Morwell,house,4,3840.0,1,2025 Q4,493.0,497.79,480.5,515.08
Mount Clear-Buninyong,flat,2,3357.0,1,2025 Q4,360.0,363.16,345.87,380.45
Mount Clear-Buninyong,flat,3,3357.0,1,2025 Q4,390.0,394.37,377.08,411.66
Mount Clear-Buninyong,house,3,3357.0,1,2025 Q4,430.0,434.65,417.36,451.95
Mount Clear-Buninyong,house,4,3357.0,1,2025 Q4,480.0,483.63,466.33,500.92
Mount Waverley,flat,1,3149.0,1,2025 Q4,280.0,285.6,268.31,302.89
Mount Waverley,flat,2,3149.0,1,2025 Q4,540.0,543.88,526.58,561.17
Mount Waverley,flat,3,3149.0,1,2025 Q4,700.0,703.71,686.42,721.01
Mount Waverley,house,2,3149.0,1,2025 Q4,570.0,572.95,555.66,590.24
Mount Waverley,house,3,3149.0,1,2025 Q4,660.0,663.32,646.03,680.61
Mount Waverley,house,4,3149.0,1,2025 Q4,800.0,802.32,785.03,819.62
Mt Eliza-Mornington-Mt Martha,flat,2,3930.0,1,2025 Q4,535.0,538.57,521.28,555.86
Mt Eliza-Mornington-Mt Martha,flat,3,3930.0,1,2025 Q4,650.0,653.66,636.36,670.95
Mt Eliza-Mornington-Mt Martha,house,2,3930.0,1,2025 Q4,533.0,535.11,517.82,552.4
Mt Eliza-Mornington-Mt Martha,house,3,3930.0,1,2025 Q4,675.0,677.79,660.49,695.08
Mt Eliza-Mornington-Mt Martha,house,4,3930.0,1,2025 Q4,895.0,896.41,879.12,913.7
Murrumbeena-Hughesdale,flat,1,3163.0,1,2025 Q4,405.0,409.47,392.17,426.76
Murrumbeena-Hughesdale,flat,2,3163.0,1,2025 Q4,570.0,573.72,556.43,591.01
Murrumbeena-Hughesdale,flat,3,3163.0,1,2025 Q4,750.0,756.87,739.58,774.16
Murrumbeena-Hughesdale,house,2,3163.0,1,2025 Q4,590.0,594.76,577.46,612.05
Murrumbeena-Hughesdale,house,3,3163.0,1,2025 Q4,730.0,731.65,714.35,748.94
Murrumbeena-Hughesdale,house,4,3163.0,1,2025 Q4,1050.0,1055.48,1038.19,1072.77
Narre Warren-Hampton Park,flat,1,3805.0,1,2025 Q4,323.0,322.21,304.92,339.5
Narre Warren-Hampton Park,flat,2,3805.0,1,2025 Q4,470.0,472.74,455.45,490.03
Narre Warren-Hampton Park,flat,3,3805.0,1,2025 Q4,545.0,548.81,531.52,566.1
Narre Warren-Hampton Park,house,2,3805.0,1,2025 Q4,475.0,476.83,459.54,494.12
Narre Warren-Hampton Park,house,3,3805.0,1,2025 Q4,550.0,553.96,536.67,571.25
Narre Warren-Hampton Park,house,4,3805.0,1,2025 Q4,640.0,643.27,625.98,660.56
Newport-Spotswood,flat,1,3015.0,1,2025 Q4,455.0,456.94,439.64,474.23
Newport-Spotswood,flat,2,3015.0,1,2025 Q4,575.0,577.49,560.2,594.78
Newport-Spotswood,flat,3,3015.0,1,2025 Q4,725.0,726.65,709.36,743.94
Newport-Spotswood,house,2,3015.0,1,2025 Q4,580.0,584.23,566.94,601.52
Newport-Spotswood,house,3,3015.0,1,2025 Q4,700.0,702.4,685.11,719.7
Newport-Spotswood,house,4,3015.0,1,2025 Q4,925.0,927.3,910.0,944.59
Newtown,flat,1,3220.0,1,2025 Q4,318.0,320.81,303.51,338.1
Newtown,flat,2,3220.0,1,2025 Q4,440.0,443.18,425.89,460.47
Newtown,flat,3,3220.0,1,2025 Q4,590.0,593.66,576.37,610.95
Newtown,house,2,3220.0,1,2025 Q4,485.0,489.2,471.91,506.49
Newtown,house,3,3220.0,1,2025 Q4,570.0,573.57,556.27,590.86
Newtown,house,4,3220.0,1,2025 Q4,700.0,701.1,683.81,718.39
Noble Park,flat,1,3174.0,1,2025 Q4,370.0,373.36,356.06,390.65
Noble Park,flat,2,3174.0,1,2025 Q4,495.0,498.33,481.03,515.62
Noble Park,flat,3,3174.0,1,2025 Q4,580.0,583.75,566.46,601.04
Noble Park,house,2,3174.0,1,2025 Q4,480.0,481.85,464.56,499.14
Noble Park,house,3,3174.0,1,2025 Q4,550.0,552.71,535.42,570.01
Noble Park,house,4,3174.0,1,2025 Q4,630.0,633.2,615.9,650.49
North Bendigo,flat,1,3550.0,1,2025 Q4,320.0,326.05,308.75,343.34
North Bendigo,flat,2,3550.0,1,2025 Q4,398.0,402.01,384.72,419.3
North Bendigo,flat,3,3550.0,1,2025 Q4,475.0,480.16,462.87,497.45
North Bendigo,house,2,3550.0,1,2025 Q4,420.0,424.07,406.78,441.37
North Bendigo,house,3,3550.0,1,2025 Q4,480.0,484.52,467.23,501.81
North Bendigo,house,4,3550.0,1,2025 Q4,550.0,554.85,537.56,572.14
North Geelong,flat,1,3215.0,1,2025 Q4,330.0,333.05,315.75,350.34
North Geelong,flat,2,3215.0,1,2025 Q4,420.0,422.62,405.33,439.91
North Geelong,flat,3,3215.0,1,2025 Q4,500.0,502.84,485.55,520.13
North Geelong,house,2,3215.0,1,2025 Q4,440.0,443.66,426.37,460.95
North Geelong,house,3,3215.0,1,2025 Q4,495.0,499.27,481.98,516.56
North Geelong,house,4,3215.0,1,2025 Q4,580.0,583.26,565.97,600.56
North Melbourne-West Melbourne,flat,1,3051.0,1,2025 Q4,525.0,529.89,512.59,547.18
North Melbourne-West Melbourne,flat,2,3051.0,1,2025 Q4,660.0,663.68,646.39,680.98
North Melbourne-West Melbourne,flat,3,3051.0,1,2025 Q4,882.0,882.81,865.51,900.1
North Melbourne-West Melbourne,house,2,3051.0,1,2025 Q4,650.0,653.48,636.18,670.77
North Melbourne-West Melbourne,house,3,3051.0,1,2025 Q4,853.0,855.45,838.16,872.75
North Melbourne-West Melbourne,house,4,3051.0,1,2025 Q4,1080.0,1079.78,1062.49,1097.08
Northcote,flat,1,3070.0,1,2025 Q4,420.0,424.05,406.76,441.34
Northcote,flat,2,3070.0,1,2025 Q4,600.0,603.4,586.11,620.69
Northcote,flat,3,3070.0,1,2025 Q4,850.0,854.33,837.03,871.62
Northcote,house,2,3070.0,1,2025 Q4,700.0,702.2,684.91,719.49
Northcote,house,3,3070.0,1,2025 Q4,850.0,851.62,834.33,868.92
Northcote,house,4,3070.0,1,2025 Q4,1250.0,1255.45,1238.16,1272.74
Nunawading-Mitcham,flat,1,3132.0,1,2025 Q4,435.0,438.18,420.89,455.48
Nunawading-Mitcham,flat,2,3132.0,1,2025 Q4,520.0,523.61,506.32,540.9
Nunawading-Mitcham,flat,3,3132.0,1,2025 Q4,650.0,652.57,635.28,669.86
Nunawading-Mitcham,house,2,3132.0,1,2025 Q4,525.0,529.08,511.79,546.37
Nunawading-Mitcham,house,3,3132.0,1,2025 Q4,625.0,629.02,611.72,646.31
Nunawading-Mitcham,house,4,3132.0,1,2025 Q4,745.0,748.78,731.49,766.07
Oak Park-Glenroy-Fawkner,flat,1,3046.0,1,2025 Q4,385.0,387.18,369.89,404.48
Oak Park-Glenroy-Fawkner,flat,2,3046.0,1,2025 Q4,490.0,492.8,475.51,510.1
Oak Park-Glenroy-Fawkner,flat,3,3046.0,1,2025 Q4,600.0,602.42,585.12,619.71
Oak Park-Glenroy-Fawkner,house,2,3046.0,1,2025 Q4,500.0,502.9,485.61,520.19
Oak Park-Glenroy-Fawkner,house,3,3046.0,1,2025 Q4,551.0,553.97,536.68,571.26
Oak Park-Glenroy-Fawkner,house,4,3046.0,1,2025 Q4,660.0,663.33,646.04,680.63
Ocean Grove-Barwon Heads,flat,2,3226.0,1,2025 Q4,468.0,471.28,453.98,488.57
Ocean Grove-Barwon Heads,flat,3,3226.0,1,2025 Q4,560.0,561.61,544.32,578.9
Ocean Grove-Barwon Heads,house,2,3226.0,1,2025 Q4,520.0,524.06,506.76,541.35
Ocean Grove-Barwon Heads,house,3,3226.0,1,2025 Q4,550.0,553.26,535.96,570.55
Ocean Grove-Barwon Heads,house,4,3226.0,1,2025 Q4,650.0,654.3,637.01,671.6
Pakenham,flat,2,3810.0,1,2025 Q4,450.0,453.35,436.06,470.65
Pakenham,flat,3,3810.0,1,2025 Q4,500.0,503.91,486.62,521.2
Pakenham,house,2,3810.0,1,2025 Q4,460.0,462.92,445.63,480.21
Pakenham,house,3,3810.0,1,2025 Q4,530.0,533.78,516.49,551.07
Pakenham,house,4,3810.0,1,2025 Q4,590.0,593.7,576.4,610.99
Pascoe Vale-Coburg North,flat,1,3044.0,1,2025 Q4,280.0,283.77,266.48,301.07
Pascoe Vale-Coburg North,flat,2,3044.0,1,2025 Q4,500.0,502.4,485.11,519.69
Pascoe Vale-Coburg North,flat,3,3044.0,1,2025 Q4,628.0,630.76,613.47,648.05
Pascoe Vale-Coburg North,house,2,3044.0,1,2025 Q4,540.0,542.68,525.39,559.97
Pascoe Vale-Coburg North,house,3,3044.0,1,2025 Q4,620.0,622.9,605.61,640.19
Pascoe Vale-Coburg North,house,4,3044.0,1,2025 Q4,785.0,786.09,768.8,803.38
Port Melbourne,flat,1,3207.0,1,2025 Q4,550.0,554.68,537.39,571.97
Port Melbourne,flat,2,3207.0,1,2025 Q4,745.0,749.91,732.62,767.2
Port Melbourne,flat,3,3207.0,1,2025 Q4,1175.0,1176.52,1159.23,1193.81
Port Melbourne,house,2,3207.0,1,2025 Q4,740.0,744.91,727.62,762.2
Port Melbourne,house,3,3207.0,1,2025 Q4,980.0,981.56,964.27,998.86
Port Melbourne,house,4,3207.0,1,2025 Q4,1125.0,1121.71,1104.41,1139.0
Portland,flat,1,3305.0,1,2025 Q4,345.0,346.26,328.97,363.55
Portland,flat,2,3305.0,1,2025 Q4,350.0,352.33,335.04,369.62
Portland,flat,3,3305.0,1,2025 Q4,475.0,479.94,462.65,497.24
Portland,house,2,3305.0,1,2025 Q4,380.0,382.04,364.74,399.33
Portland,house,3,3305.0,1,2025 Q4,430.0,433.28,415.99,450.58
Portland,house,4,3305.0,1,2025 Q4,565.0,567.45,550.16,584.74
Prahran-Windsor,flat,1,3181.0,1,2025 Q4,460.0,465.52,448.22,482.81
Prahran-Windsor,flat,2,3181.0,1,2025 Q4,650.0,655.54,638.25,672.83
Prahran-Windsor,flat,3,3181.0,1,2025 Q4,950.0,955.11,937.82,972.4
Prahran-Windsor,house,2,3181.0,1,2025 Q4,775.0,778.53,761.24,795.83
Prahran-Windsor,house,3,3181.0,1,2025 Q4,975.0,977.39,960.09,994.68
Prahran-Windsor,house,4,3181.0,1,2025 Q4,1350.0,1350.04,1332.75,1367.34
Preston,flat,1,3072.0,1,2025 Q4,440.0,444.95,427.65,462.24
Preston,flat,2,3072.0,1,2025 Q4,550.0,554.29,537.0,571.59
Preston,flat,3,3072.0,1,2025 Q4,695.0,698.35,681.06,715.64
Preston,house,2,3072.0,1,2025 Q4,588.0,591.43,574.14,608.73
Preston,house,3,3072.0,1,2025 Q4,675.0,678.94,661.65,696.23
Preston,house,4,3072.0,1,2025 Q4,925.0,929.87,912.58,947.16
Reservoir,flat,1,3073.0,1,2025 Q4,400.0,402.62,385.32,419.91
Reservoir,flat,2,3073.0,1,2025 Q4,500.0,503.56,486.27,520.85
Reservoir,flat,3,3073.0,1,2025 Q4,620.0,624.38,607.09,641.67
Reservoir,house,2,3073.0,1,2025 Q4,500.0,502.71,485.42,520.0
Reservoir,house,3,3073.0,1,2025 Q4,560.0,563.68,546.39,580.97
Reservoir,house,4,3073.0,1,2025 Q4,700.0,703.75,686.45,721.04
Richmond-Burnley,flat,1,3121.0,1,2025 Q4,510.0,515.01,497.72,532.3
Richmond-Burnley,flat,2,3121.0,1,2025 Q4,700.0,703.98,686.69,721.27
Richmond-Burnley,flat,3,3121.0,1,2025 Q4,1000.0,1001.16,983.87,1018.46
Richmond-Burnley,house,2,3121.0,1,2025 Q4,750.0,753.62,736.32,770.91
Richmond-Burnley,house,3,3121.0,1,2025 Q4,990.0,993.6,976.31,1010.89
Richmond-Burnley,house,4,3121.0,1,2025 Q4,1315.0,1317.35,1300.06,1334.65
Ringwood,flat,1,3134.0,1,2025 Q4,440.0,444.44,427.15,461.74
Ringwood,flat,2,3134.0,1,2025 Q4,520.0,523.6,506.31,540.9
Ringwood,flat,3,3134.0,1,2025 Q4,620.0,622.54,605.24,639.83
Ringwood,house,2,3134.0,1,2025 Q4,520.0,523.81,506.52,541.1
Ringwood,house,3,3134.0,1,2025 Q4,600.0,603.61,586.31,620.9
Ringwood,house,4,3134.0,1,2025 Q4,710.0,713.38,696.08,730.67
Rowville,flat,2,3178.0,1,2025 Q4,530.0,532.43,515.14,549.72
Rowville,flat,3,3178.0,1,2025 Q4,628.0,631.39,614.1,648.69
Rowville,house,3,3178.0,1,2025 Q4,600.0,602.44,585.15,619.73
Rowville,house,4,3178.0,1,2025 Q4,725.0,727.41,710.12,744.7
Sale-Maffra,flat,1,3850.0,1,2025 Q4,253.0,256.03,238.74,273.32
Sale-Maffra,flat,2,3850.0,1,2025 Q4,360.0,362.78,345.49,380.07
Sale-Maffra,flat,3,3850.0,1,2025 Q4,470.0,473.98,456.69,491.27
Sale-Maffra,house,2,3850.0,1,2025 Q4,400.0,403.59,386.3,420.88
Sale-Maffra,house,3,3850.0,1,2025 Q4,450.0,453.62,436.33,470.91
Sale-Maffra,house,4,3850.0,1,2025 Q4,550.0,554.67,537.38,571.96
Seaford-Carrum Downs,flat,1,3198.0,1,2025 Q4,380.0,384.12,366.83,401.41
Seaford-Carrum Downs,flat,2,3198.0,1,2025 Q4,470.0,473.69,456.4,490.99
Seaford-Carrum Downs,flat,3,3198.0,1,2025 Q4,560.0,563.27,545.98,580.56
Seaford-Carrum Downs,house,2,3198.0,1,2025 Q4,490.0,493.14,475.85,510.44
Seaford-Carrum Downs,house,3,3198.0,1,2025 Q4,560.0,564.01,546.71,581.3
Seaford-Carrum Downs,house,4,3198.0,1,2025 Q4,660.0,663.47,646.17,680.76
Sebastopol-Delacombe,flat,1,3356.0,1,2025 Q4,300.0,302.28,284.99,319.58
Sebastopol-Delacombe,flat,2,3356.0,1,2025 Q4,350.0,352.84,335.55,370.14
Sebastopol-Delacombe,flat,3,3356.0,1,2025 Q4,390.0,393.52,376.22,410.81
Sebastopol-Delacombe,house,2,3356.0,1,2025 Q4,360.0,362.94,345.64,380.23
Sebastopol-Delacombe,house,3,3356.0,1,2025 Q4,400.0,403.61,386.32,420.9
Sebastopol-Delacombe,house,4,3356.0,1,2025 Q4,455.0,458.85,441.56,476.14
Seymour,flat,1,3660.0,1,2025 Q4,275.0,277.15,259.86,294.44
Seymour,flat,2,3660.0,1,2025 Q4,360.0,362.84,345.55,380.13
Seymour,house,2,3660.0,1,2025 Q4,380.0,381.5,364.21,398.79
Seymour,house,3,3660.0,1,2025 Q4,420.0,424.02,406.73,441.31
Seymour,house,4,3660.0,1,2025 Q4,530.0,533.37,516.08,550.66
Shepparton,flat,1,3630.0,1,2025 Q4,290.0,293.19,275.89,310.48
Shepparton,flat,2,3630.0,1,2025 Q4,385.0,389.29,372.0,406.58
Shepparton,flat,3,3630.0,1,2025 Q4,490.0,493.43,476.14,510.72
Shepparton,house,2,3630.0,1,2025 Q4,390.0,393.65,376.36,410.94
Shepparton,house,3,3630.0,1,2025 Q4,475.0,479.07,461.78,496.37
Shepparton,house,4,3630.0,1,2025 Q4,590.0,593.63,576.34,610.92
South Melbourne,flat,1,3205.0,1,2025 Q4,548.0,552.42,535.13,569.72
South Melbourne,flat,2,3205.0,1,2025 Q4,700.0,703.93,686.64,721.22
South Melbourne,flat,3,3205.0,1,2025 Q4,950.0,951.15,933.86,968.45
South Melbourne,house,2,3205.0,1,2025 Q4,750.0,753.57,736.27,770.86
South Melbourne,house,3,3205.0,1,2025 Q4,950.0,948.98,931.69,966.27
South Yarra,flat,1,3141.0,1,2025 Q4,500.0,504.81,487.52,522.11
South Yarra,flat,2,3141.0,1,2025 Q4,700.0,703.67,686.38,720.96
South Yarra,flat,3,3141.0,1,2025 Q4,1100.0,1105.01,1087.71,1122.3
South Yarra,house,2,3141.0,1,2025 Q4,780.0,782.7,765.41,799.99
South Yarra,house,3,3141.0,1,2025 Q4,1100.0,1099.92,1082.63,1117.22
South Yarra,house,4,3141.0,1,2025 Q4,1700.0,1694.49,1677.2,1711.78
Southbank,flat,1,3006.0,1,2025 Q4,570.0,575.11,557.82,592.4
Southbank,flat,2,3006.0,1,2025 Q4,720.0,723.74,706.45,741.03
Southbank,flat,3,3006.0,1,2025 Q4,1010.0,1010.78,993.49,1028.07
Springvale,flat,1,3171.0,1,2025 Q4,370.0,373.51,356.22,390.8
Springvale,flat,2,3171.0,1,2025 Q4,520.0,523.46,506.17,540.76
Springvale,flat,3,3171.0,1,2025 Q4,650.0,653.64,636.35,670.93
Springvale,house,2,3171.0,1,2025 Q4,510.0,513.26,495.96,530.55
Springvale,house,3,3171.0,1,2025 Q4,570.0,573.7,556.41,590.99
Springvale,house,4,3171.0,1,2025 Q4,683.0,687.02,669.73,704.31
St Albans-Deer Park,flat,1,3021.0,1,2025 Q4,330.0,333.22,315.93,350.51
St Albans-Deer Park,flat,2,3021.0,1,2025 Q4,420.0,423.32,406.03,440.62
St Albans-Deer Park,flat,3,3021.0,1,2025 Q4,482.0,485.59,468.3,502.88
St Albans-Deer Park,house,2,3021.0,1,2025 Q4,420.0,422.47,405.18,439.77
St Albans-Deer Park,house,3,3021.0,1,2025 Q4,470.0,474.09,456.8,491.38
St Albans-Deer Park,house,4,3021.0,1,2025 Q4,550.0,554.68,537.39,571.97
St Kilda,flat,1,3182.0,1,2025 Q4,465.0,469.64,452.34,486.93
St Kilda,flat,2,3182.0,1,2025 Q4,630.0,634.68,617.39,651.97
St Kilda,flat,3,3182.0,1,2025 Q4,890.0,888.09,870.8,905.38
St Kilda,house,2,3182.0,1,2025 Q4,728.0,729.02,711.73,746.31
St Kilda,house,3,3182.0,1,2025 Q4,950.0,954.07,936.78,971.36
St Kilda,house,4,3182.0,1,2025 Q4,1105.0,1100.76,1083.47,1118.06
Sunbury,flat,2,3429.0,1,2025 Q4,440.0,443.33,426.04,460.62
Sunbury,flat,3,3429.0,1,2025 Q4,480.0,483.74,466.45,501.03
Sunbury,house,2,3429.0,1,2025 Q4,440.0,443.01,425.71,460.3
Sunbury,house,3,3429.0,1,2025 Q4,490.0,494.09,476.8,511.39
Sunbury,house,4,3429.0,1,2025 Q4,570.0,573.78,556.49,591.08
Sunshine,flat,1,3020.0,1,2025 Q4,330.0,332.92,315.63,350.21
Sunshine,flat,2,3020.0,1,2025 Q4,410.0,412.45,395.16,429.74
Sunshine,flat,3,3020.0,1,2025 Q4,530.0,533.64,516.35,550.93
Sunshine,house,2,3020.0,1,2025 Q4,460.0,462.77,445.48,480.07
Sunshine,house,3,3020.0,1,2025 Q4,495.0,499.3,482.0,516.59
Sunshine,house,4,3020.0,1,2025 Q4,600.0,604.49,587.2,621.79
Swan Hill,flat,1,3585.0,1,2025 Q4,245.0,249.06,231.77,266.36
Swan Hill,flat,2,3585.0,1,2025 Q4,355.0,357.62,340.33,374.91
Swan Hill,house,3,3585.0,1,2025 Q4,475.0,479.7,462.41,497.0
Swan Hill,house,4,3585.0,1,2025 Q4,560.0,563.54,546.25,580.83
Sydenham,flat,2,3037.0,1,2025 Q4,450.0,452.25,434.95,469.54
Sydenham,flat,3,3037.0,1,2025 Q4,460.0,462.94,445.65,480.23
Sydenham,house,2,3037.0,1,2025 Q4,440.0,442.83,425.54,460.12
Sydenham,house,3,3037.0,1,2025 Q4,480.0,483.24,465.95,500.53
Sydenham,house,4,3037.0,1,2025 Q4,530.0,533.53,516.24,550.83
Thomastown-Lalor,flat,1,3074.0,1,2025 Q4,375.0,377.8,360.51,395.09
Thomastown-Lalor,flat,2,3074.0,1,2025 Q4,450.0,452.81,435.52,470.1
Thomastown-Lalor,flat,3,3074.0,1,2025 Q4,501.0,503.88,486.59,521.17
Thomastown-Lalor,house,2,3074.0,1,2025 Q4,470.0,473.32,456.03,490.61
Thomastown-Lalor,house,3,3074.0,1,2025 Q4,510.0,513.46,496.17,530.76
Thomastown-Lalor,house,4,3074.0,1,2025 Q4,590.0,593.68,576.39,610.97
Thornbury,flat,1,3071.0,1,2025 Q4,400.0,404.63,387.34,421.92
Thornbury,flat,2,3071.0,1,2025 Q4,520.0,524.66,507.36,541.95
Thornbury,flat,3,3071.0,1,2025 Q4,748.0,751.61,734.32,768.91
Thornbury,house,2,3071.0,1,2025 Q4,650.0,652.33,635.03,669.62
Thornbury,house,3,3071.0,1,2025 Q4,798.0,800.72,783.43,818.02
Thornbury,house,4,3071.0,1,2025 Q4,960.0,960.53,943.24,977.82
Toorak,flat,1,3142.0,1,2025 Q4,445.0,449.39,432.1,466.68
Toorak,flat,2,3142.0,1,2025 Q4,650.0,653.87,636.58,671.16
Toorak,flat,3,3142.0,1,2025 Q4,1000.0,1002.61,985.31,1019.9
Toorak,house,2,3142.0,1,2025 Q4,695.0,698.57,681.27,715.86
Toorak,house,3,3142.0,1,2025 Q4,1250.0,1246.0,1228.71,1263.29
Toorak,house,4,3142.0,1,2025 Q4,1875.0,1861.05,1843.76,1878.35
Torquay,flat,2,3228.0,1,2025 Q4,500.0,503.3,486.01,520.59
Torquay,flat,3,3228.0,1,2025 Q4,660.0,663.66,646.37,680.96
Torquay,house,2,3228.0,1,2025 Q4,535.0,536.78,519.49,554.08
Torquay,house,3,3228.0,1,2025 Q4,650.0,652.93,635.63,670.22
Torquay,house,4,3228.0,1,2025 Q4,750.0,755.56,738.27,772.85
Traralgon,flat,1,3844.0,1,2025 Q4,293.0,296.28,278.99,313.58
Traralgon,flat,2,3844.0,1,2025 Q4,365.0,368.17,350.88,385.46
Traralgon,flat,3,3844.0,1,2025 Q4,488.0,492.64,475.35,509.94
Traralgon,house,2,3844.0,1,2025 Q4,390.0,393.36,376.06,410.65
Traralgon,house,3,3844.0,1,2025 Q4,460.0,464.22,446.93,481.51
Traralgon,house,4,3844.0,1,2025 Q4,580.0,584.51,567.22,601.8
Vermont-Forest Hill-Burwood East,flat,1,3133.0,1,2025 Q4,530.0,532.41,515.12,549.71
Vermont-Forest Hill-Burwood East,flat,2,3133.0,1,2025 Q4,578.0,581.42,564.13,598.71
Vermont-Forest Hill-Burwood East,flat,3,3133.0,1,2025 Q4,650.0,652.25,634.95,669.54
Vermont-Forest Hill-Burwood East,house,2,3133.0,1,2025 Q4,540.0,543.63,526.34,560.93
Vermont-Forest Hill-Burwood East,house,3,3133.0,1,2025 Q4,630.0,634.27,616.98,651.56
Vermont-Forest Hill-Burwood East,house,4,3133.0,1,2025 Q4,750.0,753.5,736.21,770.79
Wanagaratta,flat,1,3677.0,1,2025 Q4,267.0,268.49,251.2,285.79
Wanagaratta,flat,2,3677.0,1,2025 Q4,350.0,352.63,335.34,369.92
Wanagaratta,flat,3,3677.0,1,2025 Q4,420.0,420.58,403.29,437.87
Wanagaratta,house,2,3677.0,1,2025 Q4,400.0,403.33,386.03,420.62
Wanagaratta,house,3,3677.0,1,2025 Q4,480.0,484.07,466.78,501.37
Wanagaratta,house,4,3677.0,1,2025 Q4,555.0,558.03,540.73,575.32
Wantirna-Scoresby,flat,1,3152.0,1,2025 Q4,287.0,282.77,265.48,300.07
Wantirna-Scoresby,flat,2,3152.0,1,2025 Q4,510.0,511.14,493.84,528.43
Wantirna-Scoresby,flat,3,3152.0,1,2025 Q4,610.0,613.08,595.79,630.37
Wantirna-Scoresby,house,2,3152.0,1,2025 Q4,550.0,553.8,536.5,571.09
Wantirna-Scoresby,house,3,3152.0,1,2025 Q4,597.0,600.97,583.67,618.26
Wantirna-Scoresby,house,4,3152.0,1,2025 Q4,700.0,703.02,685.73,720.32
Warragul,flat,2,3820.0,1,2025 Q4,410.0,413.98,396.69,431.27
Warragul,house,2,3820.0,1,2025 Q4,420.0,423.02,405.73,440.31
Warragul,house,3,3820.0,1,2025 Q4,483.0,487.12,469.82,504.41
Warragul,house,4,3820.0,1,2025 Q4,590.0,594.4,577.11,611.69
Warrnambool,flat,1,3280.0,1,2025 Q4,345.0,348.65,331.36,365.95
Warrnambool,flat,2,3280.0,1,2025 Q4,420.0,423.67,406.37,440.96
Warrnambool,flat,3,3280.0,1,2025 Q4,500.0,502.83,485.53,520.12
Warrnambool,house,2,3280.0,1,2025 Q4,450.0,452.47,435.18,469.77
Warrnambool,house,3,3280.0,1,2025 Q4,550.0,554.05,536.76,571.34
Warrnambool,house,4,3280.0,1,2025 Q4,680.0,683.7,666.41,700.99
Wendouree-Alfredton,flat,1,3355.0,1,2025 Q4,285.0,287.25,269.96,304.54
Wendouree-Alfredton,flat,2,3355.0,1,2025 Q4,350.0,352.9,335.61,370.19
Wendouree-Alfredton,flat,3,3355.0,1,2025 Q4,413.0,416.47,399.18,433.76
Wendouree-Alfredton,house,2,3355.0,1,2025 Q4,370.0,372.88,355.59,390.17
Wendouree-Alfredton,house,3,3355.0,1,2025 Q4,410.0,413.55,396.26,430.84
Wendouree-Alfredton,house,4,3355.0,1,2025 Q4,480.0,484.15,466.86,501.44
Werribee-Hoppers Crossing,flat,1,3030.0,1,2025 Q4,350.0,351.82,334.53,369.11
Werribee-Hoppers Crossing,flat,2,3030.0,1,2025 Q4,405.0,407.59,390.29,424.88
Werribee-Hoppers Crossing,flat,3,3030.0,1,2025 Q4,450.0,452.41,435.12,469.7
Werribee-Hoppers Crossing,house,2,3030.0,1,2025 Q4,420.0,422.36,405.07,439.65
Werribee-Hoppers Crossing,house,3,3030.0,1,2025 Q4,460.0,462.5,445.21,479.79
Werribee-Hoppers Crossing,house,4,3030.0,1,2025 Q4,525.0,528.16,510.86,545.45
West Brunswick,flat,1,3055.0,1,2025 Q4,400.0,404.75,387.46,422.04
West Brunswick,flat,2,3055.0,1,2025 Q4,500.0,502.73,485.44,520.03
West Brunswick,flat,3,3055.0,1,2025 Q4,725.0,728.58,711.28,745.87
West Brunswick,house,2,3055.0,1,2025 Q4,590.0,591.81,574.52,609.1
West Brunswick,house,3,3055.0,1,2025 Q4,755.0,757.38,740.09,774.68
West Brunswick,house,4,3055.0,1,2025 Q4,1000.0,1006.01,988.72,1023.31
West Footscray,flat,1,3012.0,1,2025 Q4,365.0,368.85,351.56,386.15
West Footscray,flat,2,3012.0,1,2025 Q4,475.0,477.94,460.64,495.23
West Footscray,flat,3,3012.0,1,2025 Q4,620.0,623.47,606.18,640.77
West Footscray,house,2,3012.0,1,2025 Q4,500.0,502.86,485.57,520.15
West Footscray,house,3,3012.0,1,2025 Q4,600.0,602.85,585.56,620.14
West Footscray,house,4,3012.0,1,2025 Q4,725.0,728.88,711.59,746.17
Whittlesea,flat,2,3757.0,1,2025 Q4,440.0,442.03,424.74,459.33
Whittlesea,flat,3,3757.0,1,2025 Q4,500.0,502.48,485.19,519.77
Whittlesea,house,2,3757.0,1,2025 Q4,450.0,452.13,434.84,469.42
Whittlesea,house,3,3757.0,1,2025 Q4,510.0,512.57,495.28,529.86
Whittlesea,house,4,3757.0,1,2025 Q4,550.0,552.72,535.42,570.01
Williamstown,flat,1,3016.0,1,2025 Q4,420.0,421.36,404.07,438.65
Williamstown,flat,2,3016.0,1,2025 Q4,523.0,526.33,509.04,543.62
Williamstown,flat,3,3016.0,1,2025 Q4,670.0,671.3,654.01,688.6
Williamstown,house,2,3016.0,1,2025 Q4,600.0,602.24,584.94,619.53
Williamstown,house,3,3016.0,1,2025 Q4,800.0,804.26,786.97,821.56
Williamstown,house,4,3016.0,1,2025 Q4,1000.0,1005.5,988.2,1022.79
Wodonga,flat,1,3690.0,1,2025 Q4,290.0,293.54,276.25,310.83
Wodonga,flat,2,3690.0,1,2025 Q4,385.0,389.38,372.09,406.67
Wodonga,flat,3,3690.0,1,2025 Q4,450.0,452.92,435.62,470.21
Wodonga,house,2,3690.0,1,2025 Q4,418.0,421.31,404.02,438.6
Wodonga,house,3,3690.0,1,2025 Q4,500.0,504.14,486.85,521.43
Wodonga,house,4,3690.0,1,2025 Q4,590.0,593.72,576.43,611.01
Yarra Ranges,flat,1,3138.0,1,2025 Q4,350.0,352.3,335.01,369.6
Yarra Ranges,flat,2,3138.0,1,2025 Q4,488.0,492.67,475.37,509.96
Yarra Ranges,flat,3,3138.0,1,2025 Q4,550.0,553.87,536.58,571.16
Yarra Ranges,house,2,3138.0,1,2025 Q4,500.0,502.46,485.17,519.75
Yarra Ranges,house,3,3138.0,1,2025 Q4,595.0,599.89,582.6,617.18
Yarra Ranges,house,4,3138.0,1,2025 Q4,695.0,697.5,680.21,714.79
Yarraville-Seddon,flat,1,3013.0,1,2025 Q4,393.0,397.05,379.76,414.35
Yarraville-Seddon,flat,2,3013.0,1,2025 Q4,520.0,524.11,506.82,541.4
Yarraville-Seddon,flat,3,3013.0,1,2025 Q4,730.0,734.7,717.41,751.99
Yarraville-Seddon,house,2,3013.0,1,2025 Q4,600.0,601.29,584.0,618.58
Yarraville-Seddon,house,3,3013.0,1,2025 Q4,720.0,723.17,705.88,740.46
Yarraville-Seddon,house,4,3013.0,1,2025 Q4,850.0,851.23,833.94,868.52
Albert Park-Middle Park-West St Kilda,flat,1,3206.0,2,2026 Q1,450.0,459.49,426.3,492.68
Albert Park-Middle Park-West St Kilda,flat,2,3206.0,2,2026 Q1,643.0,650.09,616.9,683.28
Albert Park-Middle Park-West St Kilda,flat,3,3206.0,2,2026 Q1,825.0,818.0,784.81,851.19
Albert Park-Middle Park-West St Kilda,house,2,3206.0,2,2026 Q1,760.0,764.19,731.0,797.38
Albert Park-Middle Park-West St Kilda,house,3,3206.0,2,2026 Q1,1150.0,1154.21,1121.02,1187.4
Albert Park-Middle Park-West St Kilda,house,4,3206.0,2,2026 Q1,1400.0,1394.08,1360.89,1427.27
Altona,flat,1,3018.0,2,2026 Q1,385.0,393.48,360.29,426.67
Altona,flat,2,3018.0,2,2026 Q1,475.0,481.54,448.34,514.73
Altona,flat,3,3018.0,2,2026 Q1,550.0,556.01,522.82,589.2
Altona,house,2,3018.0,2,2026 Q1,490.0,496.6,463.41,529.79
Altona,house,3,3018.0,2,2026 Q1,530.0,537.71,504.52,570.9
Altona,house,4,3018.0,2,2026 Q1,580.0,588.03,554.84,621.22
Armadale,flat,1,3143.0,2,2026 Q1,450.0,459.26,426.07,492.45
Armadale,flat,2,3143.0,2,2026 Q1,650.0,658.4,625.21,691.59
Armadale,flat,3,3143.0,2,2026 Q1,1000.0,1013.2,980.01,1046.39
Armadale,house,2,3143.0,2,2026 Q1,830.0,841.52,808.33,874.71
Armadale,house,3,3143.0,2,2026 Q1,1100.0,1099.19,1066.0,1132.38
Armadale,house,4,3143.0,2,2026 Q1,1738.0,1763.94,1730.75,1797.13
Aspendale-Chelsea-Carrum,flat,1,3195.0,2,2026 Q1,435.0,440.63,407.44,473.82
Aspendale-Chelsea-Carrum,flat,2,3195.0,2,2026 Q1,545.0,554.17,520.98,587.36
Aspendale-Chelsea-Carrum,flat,3,3195.0,2,2026 Q1,675.0,682.64,649.45,715.83
Aspendale-Chelsea-Carrum,house,2,3195.0,2,2026 Q1,550.0,557.84,524.65,591.03
Aspendale-Chelsea-Carrum,house,3,3195.0,2,2026 Q1,680.0,686.6,653.41,719.79
Aspendale-Chelsea-Carrum,house,4,3195.0,2,2026 Q1,870.0,875.56,842.37,908.75
Bairnsdale,flat,1,3860.0,2,2026 Q1,290.0,295.37,262.18,328.56
Bairnsdale,flat,2,3860.0,2,2026 Q1,370.0,376.76,343.57,409.95
Bairnsdale,flat,3,3860.0,2,2026 Q1,458.0,465.51,432.32,498.7
Bairnsdale,house,2,3860.0,2,2026 Q1,390.0,396.7,363.51,429.89
Bairnsdale,house,3,3860.0,2,2026 Q1,460.0,467.26,434.07,500.45
Bairnsdale,house,4,3860.0,2,2026 Q1,550.0,556.4,523.21,589.59
Ballarat,flat,1,3350.0,2,2026 Q1,285.0,290.57,257.38,323.76
Ballarat,flat,2,3350.0,2,2026 Q1,360.0,366.56,333.37,399.75
Ballarat,flat,3,3350.0,2,2026 Q1,400.0,406.85,373.66,440.04
Ballarat,house,2,3350.0,2,2026 Q1,360.0,366.01,332.82,399.2
Ballarat,house,3,3350.0,2,2026 Q1,410.0,418.12,384.93,451.31
Ballarat,house,4,3350.0,2,2026 Q1,475.0,483.93,450.74,517.12
Balwyn,flat,1,3103.0,2,2026 Q1,500.0,508.47,475.28,541.66
Balwyn,flat,2,3103.0,2,2026 Q1,588.0,595.66,562.47,628.85
Balwyn,flat,3,3103.0,2,2026 Q1,798.0,803.09,769.89,836.28
Balwyn,house,2,3103.0,2,2026 Q1,570.0,576.05,542.86,609.24
Balwyn,house,3,3103.0,2,2026 Q1,750.0,760.61,727.42,793.8
Balwyn,house,4,3103.0,2,2026 Q1,1000.0,1002.6,969.41,1035.79
Bayswater,flat,1,3153.0,2,2026 Q1,393.0,402.26,369.07,435.45
Bayswater,flat,2,3153.0,2,2026 Q1,493.0,500.82,467.63,534.01
Bayswater,flat,3,3153.0,2,2026 Q1,590.0,596.18,562.99,629.37
Bayswater,house,2,3153.0,2,2026 Q1,500.0,505.63,472.44,538.82
Bayswater,house,3,3153.0,2,2026 Q1,590.0,597.97,564.78,631.16
Bayswater,house,4,3153.0,2,2026 Q1,675.0,683.54,650.35,716.73
Belmont-Grovedale,flat,1,3216.0,2,2026 Q1,340.0,348.67,315.48,381.86
Belmont-Grovedale,flat,2,3216.0,2,2026 Q1,430.0,437.26,404.07,470.45
Belmont-Grovedale,flat,3,3216.0,2,2026 Q1,500.0,508.73,475.54,541.92
Belmont-Grovedale,house,2,3216.0,2,2026 Q1,450.0,457.48,424.29,490.67
Belmont-Grovedale,house,3,3216.0,2,2026 Q1,500.0,508.62,475.43,541.81
Belmont-Grovedale,house,4,3216.0,2,2026 Q1,550.0,559.24,526.05,592.43
Benalla,flat,1,3672.0,2,2026 Q1,305.0,314.69,281.5,347.88
Benalla,flat,2,3672.0,2,2026 Q1,370.0,376.83,343.64,410.02
Benalla,house,2,3672.0,2,2026 Q1,380.0,385.95,352.76,419.14
Benalla,house,3,3672.0,2,2026 Q1,450.0,456.46,423.27,489.65
Benalla,house,4,3672.0,2,2026 Q1,570.0,580.02,546.83,613.21
Bendigo,flat,1,3550.0,2,2026 Q1,330.0,337.89,304.7,371.08
Bendigo,flat,2,3550.0,2,2026 Q1,400.0,405.58,372.39,438.77
Bendigo,house,2,3550.0,2,2026 Q1,470.0,477.36,444.17,510.55
Bendigo,house,3,3550.0,2,2026 Q1,480.0,488.08,454.89,521.27
Bendigo,house,4,3550.0,2,2026 Q1,580.0,592.15,558.96,625.34
Bentleigh,flat,1,3204.0,2,2026 Q1,405.0,413.31,380.12,446.5
Bentleigh,flat,2,3204.0,2,2026 Q1,590.0,599.01,565.82,632.21
Bentleigh,flat,3,3204.0,2,2026 Q1,750.0,754.63,721.44,787.82
Bentleigh,house,2,3204.0,2,2026 Q1,600.0,606.76,573.57,639.95
Bentleigh,house,3,3204.0,2,2026 Q1,735.0,742.28,709.09,775.47
Bentleigh,house,4,3204.0,2,2026 Q1,1025.0,1029.2,996.01,1062.39
Berwick,flat,2,3806.0,2,2026 Q1,500.0,506.27,473.08,539.46
Berwick,flat,3,3806.0,2,2026 Q1,550.0,557.59,524.4,590.78
Berwick,house,2,3806.0,2,2026 Q1,490.0,495.67,462.48,528.86
Berwick,house,3,3806.0,2,2026 Q1,560.0,567.04,533.85,600.23
Berwick,house,4,3806.0,2,2026 Q1,620.0,626.87,593.68,660.06
Blackburn,flat,1,3130.0,2,2026 Q1,460.0,466.29,433.1,499.48
Blackburn,flat,2,3130.0,2,2026 Q1,550.0,555.7,522.51,588.89
Blackburn,flat,3,3130.0,2,2026 Q1,644.0,648.73,615.54,681.92
Blackburn,house,2,3130.0,2,2026 Q1,550.0,555.84,522.65,589.03
Blackburn,house,3,3130.0,2,2026 Q1,620.0,628.68,595.49,661.87
Blackburn,house,4,3130.0,2,2026 Q1,800.0,810.71,777.52,843.9
Boronia,flat,1,3155.0,2,2026 Q1,400.0,403.55,370.36,436.74
Boronia,flat,2,3155.0,2,2026 Q1,500.0,506.67,473.48,539.86
Boronia,flat,3,3155.0,2,2026 Q1,600.0,607.18,573.99,640.37
Boronia,house,2,3155.0,2,2026 Q1,520.0,530.18,496.99,563.37
Boronia,house,3,3155.0,2,2026 Q1,590.0,598.13,564.93,631.32
Boronia,house,4,3155.0,2,2026 Q1,680.0,689.4,656.21,722.59
Box Hill,flat,1,3128.0,2,2026 Q1,490.0,495.7,462.51,528.89
Box Hill,flat,2,3128.0,2,2026 Q1,610.0,616.3,583.11,649.49
Box Hill,flat,3,3128.0,2,2026 Q1,710.0,714.67,681.48,747.86
Box Hill,house,2,3128.0,2,2026 Q1,540.0,549.98,516.79,583.17
Box Hill,house,3,3128.0,2,2026 Q1,650.0,658.64,625.45,691.83
Box Hill,house,4,3128.0,2,2026 Q1,808.0,815.0,781.81,848.19
Brighton,flat,1,3186.0,2,2026 Q1,498.0,514.59,481.4,547.78
Brighton,flat,2,3186.0,2,2026 Q1,680.0,692.7,659.51,725.9
Brighton,flat,3,3186.0,2,2026 Q1,1000.0,1007.83,974.64,1041.02
Brighton,house,2,3186.0,2,2026 Q1,760.0,767.2,734.01,800.39
Brighton,house,3,3186.0,2,2026 Q1,1150.0,1154.77,1121.58,1187.96
Brighton,house,4,3186.0,2,2026 Q1,1650.0,1647.78,1614.59,1680.97
Brighton East,flat,2,3187.0,2,2026 Q1,630.0,638.71,605.52,671.9
Brighton East,flat,3,3187.0,2,2026 Q1,738.0,743.8,710.61,776.99
Brighton East,house,2,3187.0,2,2026 Q1,690.0,699.88,666.69,733.07
Brighton East,house,3,3187.0,2,2026 Q1,940.0,949.23,916.04,982.42
Brighton East,house,4,3187.0,2,2026 Q1,1295.0,1280.6,1247.41,1313.79
Broadmeadows-Roxburgh Park,flat,1,3047.0,2,2026 Q1,325.0,329.2,296.01,362.39
Broadmeadows-Roxburgh Park,flat,2,3047.0,2,2026 Q1,470.0,475.37,442.18,508.56
Broadmeadows-Roxburgh Park,flat,3,3047.0,2,2026 Q1,520.0,527.07,493.88,560.26
Broadmeadows-Roxburgh Park,house,2,3047.0,2,2026 Q1,460.0,465.21,432.02,498.4
Broadmeadows-Roxburgh Park,house,3,3047.0,2,2026 Q1,506.0,513.1,479.91,546.29
Broadmeadows-Roxburgh Park,house,4,3047.0,2,2026 Q1,600.0,606.04,572.85,639.23
Brunswick,flat,1,3056.0,2,2026 Q1,460.0,468.24,435.05,501.43
Brunswick,flat,2,3056.0,2,2026 Q1,600.0,608.54,575.35,641.73
Brunswick,flat,3,3056.0,2,2026 Q1,840.0,847.43,814.24,880.62
Brunswick,house,2,3056.0,2,2026 Q1,660.0,667.02,633.83,700.21
Brunswick,house,3,3056.0,2,2026 Q1,850.0,855.99,822.8,889.18
Brunswick,house,4,3056.0,2,2026 Q1,1000.0,999.71,966.52,1032.9
Bulleen-Templestowe-Doncaster,flat,1,3108.0,2,2026 Q1,480.0,485.64,452.45,518.83
Bulleen-Templestowe-Doncaster,flat,2,3108.0,2,2026 Q1,595.0,601.89,568.7,635.08
Bulleen-Templestowe-Doncaster,flat,3,3108.0,2,2026 Q1,720.0,726.56,693.37,759.75
Bulleen-Templestowe-Doncaster,house,2,3108.0,2,2026 Q1,570.0,578.43,545.24,611.62
Bulleen-Templestowe-Doncaster,house,3,3108.0,2,2026 Q1,660.0,668.12,634.93,701.31
Bulleen-Templestowe-Doncaster,house,4,3108.0,2,2026 Q1,820.0,827.62,794.43,860.81
Bundoora-Greensborough-Hurstbridge,flat,1,3088.0,2,2026 Q1,420.0,426.61,393.42,459.8
Bundoora-Greensborough-Hurstbridge,flat,2,3088.0,2,2026 Q1,490.0,496.21,463.02,529.4
Bundoora-Greensborough-Hurstbridge,flat,3,3088.0,2,2026 Q1,580.0,584.81,551.62,618.01
Bundoora-Greensborough-Hurstbridge,house,2,3088.0,2,2026 Q1,500.0,505.32,472.13,538.51
Bundoora-Greensborough-Hurstbridge,house,3,3088.0,2,2026 Q1,570.0,577.63,544.44,610.82
Bundoora-Greensborough-Hurstbridge,house,4,3088.0,2,2026 Q1,600.0,606.55,573.36,639.74
Burwood-Ashburton,flat,1,3125.0,2,2026 Q1,450.0,461.86,428.67,495.05
Burwood-Ashburton,flat,2,3125.0,2,2026 Q1,570.0,576.22,543.03,609.41
Burwood-Ashburton,flat,3,3125.0,2,2026 Q1,720.0,726.69,693.5,759.88
Burwood-Ashburton,house,2,3125.0,2,2026 Q1,580.0,588.26,555.07,621.45
Burwood-Ashburton,house,3,3125.0,2,2026 Q1,650.0,656.25,623.06,689.44
Burwood-Ashburton,house,4,3125.0,2,2026 Q1,878.0,884.28,851.09,917.47
CBD-St Kilda Rd,flat,1,,2,2026 Q1,560.0,568.57,535.38,601.76
CBD-St Kilda Rd,flat,2,,2,2026 Q1,735.0,741.82,708.63,775.01
CBD-St Kilda Rd,flat,3,,2,2026 Q1,1050.0,1046.42,1013.23,1079.61
Camberwell-Glen Iris,flat,1,3124.0,2,2026 Q1,440.0,448.48,415.29,481.67
Camberwell-Glen Iris,flat,2,3124.0,2,2026 Q1,600.0,609.34,576.15,642.53
Camberwell-Glen Iris,flat,3,3124.0,2,2026 Q1,815.0,820.44,787.25,853.63
Camberwell-Glen Iris,house,2,3124.0,2,2026 Q1,660.0,667.17,633.98,700.36
Camberwell-Glen Iris,house,3,3124.0,2,2026 Q1,838.0,843.52,810.33,876.72
Camberwell-Glen Iris,house,4,3124.0,2,2026 Q1,1195.0,1195.49,1162.3,1228.68
Canterbury-Surrey Hills-Mont Albert,flat,1,3127.0,2,2026 Q1,450.0,459.3,426.11,492.49
Canterbury-Surrey Hills-Mont Albert,flat,2,3127.0,2,2026 Q1,570.0,579.32,546.13,612.51
Canterbury-Surrey Hills-Mont Albert,flat,3,3127.0,2,2026 Q1,740.0,746.53,713.34,779.72
Canterbury-Surrey Hills-Mont Albert,house,2,3127.0,2,2026 Q1,620.0,628.85,595.66,662.04
Canterbury-Surrey Hills-Mont Albert,house,3,3127.0,2,2026 Q1,800.0,807.3,774.11,840.49
Canterbury-Surrey Hills-Mont Albert,house,4,3127.0,2,2026 Q1,1100.0,1100.54,1067.35,1133.73
Carlton North,flat,1,3054.0,2,2026 Q1,430.0,440.28,407.09,473.47
Carlton North,flat,2,3054.0,2,2026 Q1,600.0,610.53,577.34,643.72
Carlton North,flat,3,3054.0,2,2026 Q1,778.0,784.94,751.75,818.13
Carlton North,house,2,3054.0,2,2026 Q1,755.0,763.56,730.37,796.75
Carlton North,house,3,3054.0,2,2026 Q1,950.0,957.55,924.36,990.74
Carlton-Parkville,flat,1,3053.0,2,2026 Q1,500.0,508.89,475.7,542.08
Carlton-Parkville,flat,2,3053.0,2,2026 Q1,670.0,678.32,645.13,711.51
Carlton-Parkville,flat,3,3053.0,2,2026 Q1,855.0,860.24,827.05,893.43
Carlton-Parkville,house,2,3053.0,2,2026 Q1,670.0,679.27,646.08,712.46
Carlton-Parkville,house,3,3053.0,2,2026 Q1,950.0,958.31,925.12,991.5
Carlton-Parkville,house,4,3053.0,2,2026 Q1,1100.0,1091.2,1058.01,1124.39
Carnegie,flat,1,3163.0,2,2026 Q1,420.0,429.23,396.04,462.42
Carnegie,flat,2,3163.0,2,2026 Q1,595.0,601.4,568.21,634.59
Carnegie,flat,3,3163.0,2,2026 Q1,775.0,783.06,749.87,816.25
Carnegie,house,2,3163.0,2,2026 Q1,600.0,606.43,573.24,639.62
Carnegie,house,3,3163.0,2,2026 Q1,750.0,755.64,722.45,788.83
Carnegie,house,4,3163.0,2,2026 Q1,1100.0,1109.3,1076.11,1142.49
Castlemaine,flat,2,3450.0,2,2026 Q1,390.0,396.56,363.37,429.75
Castlemaine,house,2,3450.0,2,2026 Q1,430.0,435.4,402.21,468.59
Castlemaine,house,3,3450.0,2,2026 Q1,500.0,508.24,475.05,541.43
Castlemaine,house,4,3450.0,2,2026 Q1,580.0,588.5,555.31,621.69
Caulfield,flat,1,3162.0,2,2026 Q1,500.0,507.71,474.52,540.9
Caulfield,flat,2,3162.0,2,2026 Q1,630.0,640.23,607.04,673.42
Caulfield,flat,3,3162.0,2,2026 Q1,810.0,817.3,784.11,850.49
Caulfield,house,2,3162.0,2,2026 Q1,633.0,641.21,608.02,674.4
Caulfield,house,3,3162.0,2,2026 Q1,850.0,855.82,822.63,889.01
Caulfield,house,4,3162.0,2,2026 Q1,1250.0,1256.44,1223.25,1289.63
Chadstone-Oakleigh,flat,1,3166.0,2,2026 Q1,500.0,505.99,472.8,539.18
Chadstone-Oakleigh,flat,2,3166.0,2,2026 Q1,580.0,587.26,554.07,620.45
Chadstone-Oakleigh,flat,3,3166.0,2,2026 Q1,680.0,685.61,652.42,718.8
Chadstone-Oakleigh,house,2,3166.0,2,2026 Q1,570.0,577.9,544.7,611.09
Chadstone-Oakleigh,house,3,3166.0,2,2026 Q1,630.0,636.49,603.3,669.68
Chadstone-Oakleigh,house,4,3166.0,2,2026 Q1,850.0,854.94,821.75,888.13
Cheltenham,flat,1,3192.0,2,2026 Q1,450.0,457.2,424.01,490.39
Cheltenham,flat,2,3192.0,2,2026 Q1,550.0,557.73,524.54,590.92
Cheltenham,flat,3,3192.0,2,2026 Q1,693.0,699.19,666.0,732.38
Cheltenham,house,2,3192.0,2,2026 Q1,585.0,592.15,558.96,625.34
Cheltenham,house,3,3192.0,2,2026 Q1,720.0,727.56,694.37,760.75
Cheltenham,house,4,3192.0,2,2026 Q1,950.0,955.12,921.93,988.31
Clayton,flat,1,3168.0,2,2026 Q1,490.0,497.05,463.86,530.24
Clayton,flat,2,3168.0,2,2026 Q1,590.0,597.01,563.82,630.2
Clayton,flat,3,3168.0,2,2026 Q1,650.0,656.0,622.81,689.19
Clayton,house,2,3168.0,2,2026 Q1,550.0,555.12,521.93,588.31
Clayton,house,3,3168.0,2,2026 Q1,603.0,610.04,576.85,643.23
Clayton,house,4,3168.0,2,2026 Q1,800.0,810.67,777.48,843.86
Coburg-Pascoe Vale South,flat,1,3058.0,2,2026 Q1,425.0,430.38,397.19,463.57
Coburg-Pascoe Vale South,flat,2,3058.0,2,2026 Q1,550.0,556.57,523.38,589.76
Coburg-Pascoe Vale South,flat,3,3058.0,2,2026 Q1,700.0,707.04,673.85,740.23
Coburg-Pascoe Vale South,house,2,3058.0,2,2026 Q1,580.0,586.94,553.75,620.13
Coburg-Pascoe Vale South,house,3,3058.0,2,2026 Q1,710.0,715.83,682.64,749.02
Coburg-Pascoe Vale South,house,4,3058.0,2,2026 Q1,850.0,853.54,820.35,886.73
Collingwood-Abbotsford,flat,1,3066.0,2,2026 Q1,520.0,528.68,495.48,561.87
Collingwood-Abbotsford,flat,2,3066.0,2,2026 Q1,695.0,703.26,670.07,736.45
Collingwood-Abbotsford,flat,3,3066.0,2,2026 Q1,1000.0,1001.58,968.39,1034.77
Collingwood-Abbotsford,house,2,3066.0,2,2026 Q1,720.0,728.37,695.18,761.56
Collingwood-Abbotsford,house,3,3066.0,2,2026 Q1,950.0,955.92,922.73,989.11
Corio,flat,1,3214.0,2,2026 Q1,320.0,326.3,293.11,359.49
Corio,flat,2,3214.0,2,2026 Q1,380.0,385.86,352.67,419.05
Corio,flat,3,3214.0,2,2026 Q1,445.0,451.65,418.46,484.84
Corio,house,2,3214.0,2,2026 Q1,380.0,386.39,353.2,419.58
Corio,house,3,3214.0,2,2026 Q1,420.0,429.01,395.82,462.2
Corio,house,4,3214.0,2,2026 Q1,485.0,492.38,459.19,525.57
Craigieburn,flat,2,3064.0,2,2026 Q1,440.0,444.82,411.63,478.01
Craigieburn,flat,3,3064.0,2,2026 Q1,485.0,491.62,458.43,524.81
Craigieburn,house,2,3064.0,2,2026 Q1,450.0,455.56,422.37,488.75
Craigieburn,house,3,3064.0,2,2026 Q1,500.0,506.15,472.96,539.34
Craigieburn,house,4,3064.0,2,2026 Q1,560.0,567.06,533.87,600.25
Cranbourne,flat,1,3977.0,2,2026 Q1,400.0,404.23,371.04,437.42
Cranbourne,flat,2,3977.0,2,2026 Q1,460.0,466.22,433.03,499.41
Cranbourne,flat,3,3977.0,2,2026 Q1,530.0,536.37,503.18,569.56
Cranbourne,house,2,3977.0,2,2026 Q1,490.0,495.95,462.76,529.14
Cranbourne,house,3,3977.0,2,2026 Q1,550.0,556.87,523.68,590.06
Cranbourne,house,4,3977.0,2,2026 Q1,600.0,606.92,573.73,640.11
Croydon-Lilydale,flat,1,3136.0,2,2026 Q1,363.0,372.83,339.64,406.02
Croydon-Lilydale,flat,2,3136.0,2,2026 Q1,500.0,506.89,473.7,540.08
Croydon-Lilydale,flat,3,3136.0,2,2026 Q1,620.0,627.22,594.03,660.41
Croydon-Lilydale,house,2,3136.0,2,2026 Q1,525.0,533.09,499.9,566.28
Croydon-Lilydale,house,3,3136.0,2,2026 Q1,600.0,607.74,574.55,640.93
Croydon-Lilydale,house,4,3136.0,2,2026 Q1,730.0,738.79,705.6,771.98
Dandenong,flat,1,3175.0,2,2026 Q1,375.0,382.76,349.57,415.95
Dandenong,flat,2,3175.0,2,2026 Q1,450.0,457.78,424.59,490.97
Dandenong,flat,3,3175.0,2,2026 Q1,570.0,574.59,541.4,607.78
Dandenong,house,2,3175.0,2,2026 Q1,490.0,494.67,461.48,527.86
Dandenong,house,3,3175.0,2,2026 Q1,560.0,567.35,534.16,600.54
Dandenong,house,4,3175.0,2,2026 Q1,750.0,756.1,722.91,789.29
Dandenong North-Endeavour Hills,flat,1,3177.0,2,2026 Q1,350.0,357.41,324.22,390.6
Dandenong North-Endeavour Hills,flat,2,3177.0,2,2026 Q1,468.0,473.7,440.51,506.89
Dandenong North-Endeavour Hills,flat,3,3177.0,2,2026 Q1,550.0,557.66,524.47,590.85
Dandenong North-Endeavour Hills,house,2,3177.0,2,2026 Q1,475.0,483.34,450.15,516.53
Dandenong North-Endeavour Hills,house,3,3177.0,2,2026 Q1,530.0,536.94,503.75,570.13
Dandenong North-Endeavour Hills,house,4,3177.0,2,2026 Q1,630.0,637.84,604.65,671.03
Docklands,flat,1,3008.0,2,2026 Q1,600.0,612.42,579.23,645.61
Docklands,flat,2,3008.0,2,2026 Q1,763.0,773.18,739.99,806.37
Docklands,flat,3,3008.0,2,2026 Q1,1200.0,1203.65,1170.46,1236.84
Doncaster East-Donvale,flat,1,3109.0,2,2026 Q1,470.0,474.82,441.63,508.01
Doncaster East-Donvale,flat,2,3109.0,2,2026 Q1,575.0,580.93,547.74,614.12
Doncaster East-Donvale,flat,3,3109.0,2,2026 Q1,695.0,702.89,669.7,736.09
Doncaster East-Donvale,house,2,3109.0,2,2026 Q1,530.0,533.41,500.22,566.6
Doncaster East-Donvale,house,3,3109.0,2,2026 Q1,680.0,688.63,655.44,721.82
Doncaster East-Donvale,house,4,3109.0,2,2026 Q1,830.0,837.45,804.26,870.64
Dromana-Portsea,flat,1,3936.0,2,2026 Q1,393.0,397.92,364.73,431.11
Dromana-Portsea,flat,2,3936.0,2,2026 Q1,478.0,486.32,453.13,519.51
Dromana-Portsea,flat,3,3936.0,2,2026 Q1,600.0,607.63,574.44,640.82
Dromana-Portsea,house,2,3936.0,2,2026 Q1,490.0,497.51,464.32,530.7
Dromana-Portsea,house,3,3936.0,2,2026 Q1,570.0,578.49,545.3,611.68
Dromana-Portsea,house,4,3936.0,2,2026 Q1,745.0,751.74,718.55,784.93
East Brunswick,flat,1,3057.0,2,2026 Q1,500.0,507.85,474.66,541.04
East Brunswick,flat,2,3057.0,2,2026 Q1,625.0,633.23,600.04,666.42
East Brunswick,flat,3,3057.0,2,2026 Q1,880.0,883.25,850.06,916.44
East Brunswick,house,2,3057.0,2,2026 Q1,710.0,714.75,681.56,747.94
East Brunswick,house,3,3057.0,2,2026 Q1,880.0,883.78,850.59,916.97
East Brunswick,house,4,3057.0,2,2026 Q1,1100.0,1113.87,1080.68,1147.06
East Hawthorn,flat,1,3123.0,2,2026 Q1,490.0,499.64,466.45,532.83
East Hawthorn,flat,2,3123.0,2,2026 Q1,610.0,619.15,585.96,652.34
East Hawthorn,flat,3,3123.0,2,2026 Q1,890.0,900.62,867.43,933.81
East Hawthorn,house,2,3123.0,2,2026 Q1,698.0,706.66,673.47,739.85
East Hawthorn,house,3,3123.0,2,2026 Q1,898.0,907.79,874.6,940.98
East Hawthorn,house,4,3123.0,2,2026 Q1,1300.0,1302.2,1269.01,1335.4
East Melbourne,flat,1,3002.0,2,2026 Q1,520.0,529.81,496.62,563.0
East Melbourne,flat,2,3002.0,2,2026 Q1,690.0,699.27,666.08,732.46
East Melbourne,flat,3,3002.0,2,2026 Q1,1175.0,1186.93,1153.74,1220.12
East Melbourne,house,3,3002.0,2,2026 Q1,1100.0,1078.16,1044.97,1111.35
East St Kilda,flat,1,3183.0,2,2026 Q1,425.0,435.5,402.31,468.69
East St Kilda,flat,2,3183.0,2,2026 Q1,575.0,583.79,550.6,616.98
East St Kilda,flat,3,3183.0,2,2026 Q1,840.0,844.14,810.95,877.33
East St Kilda,house,2,3183.0,2,2026 Q1,763.0,767.99,734.8,801.18
East St Kilda,house,3,3183.0,2,2026 Q1,900.0,897.94,864.75,931.13
East St Kilda,house,4,3183.0,2,2026 Q1,1100.0,1099.04,1065.85,1132.23
Echuca,flat,1,3564.0,2,2026 Q1,278.0,284.65,251.46,317.84
Echuca,flat,2,3564.0,2,2026 Q1,420.0,428.05,394.86,461.24
Echuca,flat,3,3564.0,2,2026 Q1,450.0,453.15,419.96,486.34
Echuca,house,2,3564.0,2,2026 Q1,418.0,425.2,392.01,458.39
Echuca,house,3,3564.0,2,2026 Q1,520.0,527.9,494.71,561.09
Echuca,house,4,3564.0,2,2026 Q1,640.0,648.76,615.57,681.95
Elsternwick,flat,1,3185.0,2,2026 Q1,440.0,449.65,416.46,482.84
Elsternwick,flat,2,3185.0,2,2026 Q1,600.0,607.16,573.97,640.35
Elsternwick,flat,3,3185.0,2,2026 Q1,800.0,803.02,769.83,836.21
Elsternwick,house,2,3185.0,2,2026 Q1,718.0,723.84,690.65,757.03
Elsternwick,house,3,3185.0,2,2026 Q1,900.0,902.92,869.73,936.11
Elsternwick,house,4,3185.0,2,2026 Q1,1150.0,1152.01,1118.82,1185.2
Eltham-Research-Montmorency,flat,1,3095.0,2,2026 Q1,360.0,367.88,334.69,401.07
Eltham-Research-Montmorency,flat,2,3095.0,2,2026 Q1,500.0,508.01,474.82,541.2
Eltham-Research-Montmorency,flat,3,3095.0,2,2026 Q1,620.0,626.03,592.84,659.22
Eltham-Research-Montmorency,house,2,3095.0,2,2026 Q1,500.0,506.28,473.08,539.47
Eltham-Research-Montmorency,house,3,3095.0,2,2026 Q1,650.0,656.2,623.01,689.39
Eltham-Research-Montmorency,house,4,3095.0,2,2026 Q1,813.0,817.33,784.14,850.52
Elwood,flat,1,3184.0,2,2026 Q1,450.0,459.59,426.4,492.78
Elwood,flat,2,3184.0,2,2026 Q1,608.0,616.56,583.37,649.75
Elwood,flat,3,3184.0,2,2026 Q1,875.0,876.1,842.91,909.29
Elwood,house,2,3184.0,2,2026 Q1,795.0,803.36,770.17,836.55
Elwood,house,3,3184.0,2,2026 Q1,1095.0,1104.1,1070.91,1137.29
Elwood,house,4,3184.0,2,2026 Q1,1500.0,1482.21,1449.02,1515.4
Essendon,flat,1,3040.0,2,2026 Q1,430.0,437.08,403.89,470.27
Essendon,flat,2,3040.0,2,2026 Q1,510.0,517.52,484.33,550.71
Essendon,flat,3,3040.0,2,2026 Q1,650.0,658.46,625.27,691.65
Essendon,house,2,3040.0,2,2026 Q1,550.0,558.11,524.92,591.3
Essendon,house,3,3040.0,2,2026 Q1,650.0,656.3,623.11,689.49
Essendon,house,4,3040.0,2,2026 Q1,895.0,898.97,865.78,932.16
Fairfield-Alphington,flat,1,3078.0,2,2026 Q1,400.0,409.52,376.33,442.71
Fairfield-Alphington,flat,2,3078.0,2,2026 Q1,575.0,582.49,549.3,615.68
Fairfield-Alphington,flat,3,3078.0,2,2026 Q1,815.0,810.58,777.39,843.77
Fairfield-Alphington,house,2,3078.0,2,2026 Q1,650.0,655.35,622.16,688.54
Fairfield-Alphington,house,3,3078.0,2,2026 Q1,850.0,853.29,820.1,886.48
Fairfield-Alphington,house,4,3078.0,2,2026 Q1,1113.0,1120.72,1087.53,1153.91
Ferntree Gully,flat,2,3156.0,2,2026 Q1,520.0,527.21,494.02,560.4
Ferntree Gully,flat,3,3156.0,2,2026 Q1,580.0,585.78,552.59,618.97
Ferntree Gully,house,2,3156.0,2,2026 Q1,518.0,526.02,492.83,559.21
Ferntree Gully,house,3,3156.0,2,2026 Q1,600.0,607.0,573.81,640.19
Ferntree Gully,house,4,3156.0,2,2026 Q1,720.0,728.15,694.96,761.34
Fitzroy,flat,1,3065.0,2,2026 Q1,528.0,536.68,503.49,569.87
Fitzroy,flat,2,3065.0,2,2026 Q1,750.0,757.94,724.75,791.13
Fitzroy,flat,3,3065.0,2,2026 Q1,1175.0,1182.69,1149.5,1215.88
Fitzroy,house,2,3065.0,2,2026 Q1,848.0,860.4,827.21,893.59
Fitzroy,house,3,3065.0,2,2026 Q1,1100.0,1106.95,1073.76,1140.14
Fitzroy North-Clifton Hill,flat,1,3068.0,2,2026 Q1,500.0,511.4,478.21,544.59
Fitzroy North-Clifton Hill,flat,2,3068.0,2,2026 Q1,690.0,701.43,668.24,734.62
Fitzroy North-Clifton Hill,flat,3,3068.0,2,2026 Q1,1050.0,1061.85,1028.66,1095.04
Fitzroy North-Clifton Hill,house,2,3068.0,2,2026 Q1,740.0,747.99,714.8,781.18
Fitzroy North-Clifton Hill,house,3,3068.0,2,2026 Q1,998.0,1006.18,972.99,1039.37
Fitzroy North-Clifton Hill,house,4,3068.0,2,2026 Q1,1295.0,1279.1,1245.91,1312.29
Flemington-Kensington,flat,1,3031.0,2,2026 Q1,470.0,482.99,449.8,516.18
Flemington-Kensington,flat,2,3031.0,2,2026 Q1,560.0,570.86,537.67,604.05
Flemington-Kensington,flat,3,3031.0,2,2026 Q1,850.0,860.24,827.05,893.43
Flemington-Kensington,house,2,3031.0,2,2026 Q1,620.0,626.1,592.91,659.29
Flemington-Kensington,house,3,3031.0,2,2026 Q1,760.0,766.23,733.04,799.42
Flemington-Kensington,house,4,3031.0,2,2026 Q1,945.0,947.89,914.7,981.08
Flora Hill-Bendigo East,flat,1,3550.0,2,2026 Q1,350.0,357.58,324.39,390.77
Flora Hill-Bendigo East,flat,2,3550.0,2,2026 Q1,380.0,387.12,353.93,420.31
Flora Hill-Bendigo East,flat,3,3550.0,2,2026 Q1,450.0,457.25,424.06,490.44
Flora Hill-Bendigo East,house,2,3550.0,2,2026 Q1,420.0,428.25,395.06,461.44
Flora Hill-Bendigo East,house,3,3550.0,2,2026 Q1,475.0,483.73,450.54,516.92
Flora Hill-Bendigo East,house,4,3550.0,2,2026 Q1,570.0,579.37,546.18,612.56
Footscray,flat,1,3011.0,2,2026 Q1,450.0,456.48,423.29,489.67
Footscray,flat,2,3011.0,2,2026 Q1,560.0,563.52,530.33,596.71
Footscray,flat,3,3011.0,2,2026 Q1,698.0,701.48,668.29,734.67
Footscray,house,2,3011.0,2,2026 Q1,573.0,579.68,546.49,612.87
Footscray,house,3,3011.0,2,2026 Q1,640.0,645.02,611.83,678.21
Footscray,house,4,3011.0,2,2026 Q1,750.0,754.13,720.94,787.32
Frankston,flat,1,3199.0,2,2026 Q1,350.0,357.87,324.68,391.06
Frankston,flat,2,3199.0,2,2026 Q1,475.0,483.64,450.45,516.83
Frankston,flat,3,3199.0,2,2026 Q1,560.0,567.35,534.16,600.54
Frankston,house,2,3199.0,2,2026 Q1,490.0,497.74,464.55,530.93
Frankston,house,3,3199.0,2,2026 Q1,570.0,578.09,544.9,611.28
Frankston,house,4,3199.0,2,2026 Q1,670.0,677.65,644.46,710.84
Geelong-Newcombe,flat,1,3219.0,2,2026 Q1,380.0,383.19,350.0,416.38
Geelong-Newcombe,flat,2,3219.0,2,2026 Q1,460.0,463.32,430.13,496.51
Geelong-Newcombe,flat,3,3219.0,2,2026 Q1,518.0,525.63,492.44,558.82
Geelong-Newcombe,house,2,3219.0,2,2026 Q1,440.0,447.23,414.04,480.42
Geelong-Newcombe,house,3,3219.0,2,2026 Q1,480.0,489.68,456.49,522.87
Geelong-Newcombe,house,4,3219.0,2,2026 Q1,575.0,585.85,552.66,619.04
Gladstone Park-Tullamarine,flat,2,3043.0,2,2026 Q1,450.0,455.21,422.02,488.4
Gladstone Park-Tullamarine,flat,3,3043.0,2,2026 Q1,553.0,560.6,527.41,593.79
Gladstone Park-Tullamarine,house,2,3043.0,2,2026 Q1,500.0,505.53,472.34,538.72
Gladstone Park-Tullamarine,house,3,3043.0,2,2026 Q1,530.0,537.71,504.52,570.9
Gladstone Park-Tullamarine,house,4,3043.0,2,2026 Q1,620.0,627.39,594.2,660.58
Glen Waverley-Mulgrave,flat,1,3150.0,2,2026 Q1,550.0,556.77,523.58,589.96
Glen Waverley-Mulgrave,flat,2,3150.0,2,2026 Q1,640.0,645.64,612.45,678.83
Glen Waverley-Mulgrave,flat,3,3150.0,2,2026 Q1,660.0,667.45,634.26,700.64
Glen Waverley-Mulgrave,house,2,3150.0,2,2026 Q1,590.0,597.2,564.01,630.39
Glen Waverley-Mulgrave,house,3,3150.0,2,2026 Q1,640.0,648.89,615.7,682.08
Glen Waverley-Mulgrave,house,4,3150.0,2,2026 Q1,780.0,789.55,756.36,822.74
Golden Square-Kangaroo Flat,flat,2,3555.0,2,2026 Q1,380.0,385.96,352.77,419.15
Golden Square-Kangaroo Flat,flat,3,3555.0,2,2026 Q1,470.0,478.07,444.88,511.26
Golden Square-Kangaroo Flat,house,2,3555.0,2,2026 Q1,420.0,427.62,394.43,460.81
Golden Square-Kangaroo Flat,house,3,3555.0,2,2026 Q1,480.0,489.08,455.89,522.27
Golden Square-Kangaroo Flat,house,4,3555.0,2,2026 Q1,550.0,558.67,525.48,591.87
Hamilton,flat,1,3300.0,2,2026 Q1,260.0,266.35,233.16,299.54
Hamilton,flat,2,3300.0,2,2026 Q1,320.0,328.34,295.15,361.53
Hamilton,house,2,3300.0,2,2026 Q1,330.0,336.74,303.55,369.93
Hamilton,house,3,3300.0,2,2026 Q1,390.0,398.47,365.28,431.66
Hamilton,house,4,3300.0,2,2026 Q1,460.0,469.04,435.85,502.23
Hampton-Beaumaris,flat,1,3188.0,2,2026 Q1,480.0,490.68,457.49,523.87
Hampton-Beaumaris,flat,2,3188.0,2,2026 Q1,650.0,659.97,626.78,693.16
Hampton-Beaumaris,flat,3,3188.0,2,2026 Q1,900.0,903.72,870.53,936.91
Hampton-Beaumaris,house,2,3188.0,2,2026 Q1,650.0,659.46,626.27,692.65
Hampton-Beaumaris,house,3,3188.0,2,2026 Q1,895.0,901.04,867.85,934.23
Hampton-Beaumaris,house,4,3188.0,2,2026 Q1,1295.0,1292.84,1259.65,1326.03
Hastings-Flinders,flat,1,3915.0,2,2026 Q1,360.0,366.36,333.17,399.55
Hastings-Flinders,flat,2,3915.0,2,2026 Q1,470.0,477.99,444.8,511.18
Hastings-Flinders,flat,3,3915.0,2,2026 Q1,550.0,557.89,524.7,591.09
Hastings-Flinders,house,2,3915.0,2,2026 Q1,498.0,506.51,473.32,539.7
Hastings-Flinders,house,3,3915.0,2,2026 Q1,595.0,603.36,570.17,636.55
Hastings-Flinders,house,4,3915.0,2,2026 Q1,750.0,756.56,723.37,789.75
Hawthorn,flat,1,3122.0,2,2026 Q1,450.0,460.54,427.35,493.73
Hawthorn,flat,2,3122.0,2,2026 Q1,600.0,609.47,576.28,642.66
Hawthorn,flat,3,3122.0,2,2026 Q1,850.0,853.42,820.23,886.61
Hawthorn,house,2,3122.0,2,2026 Q1,710.0,713.28,680.09,746.47
Hawthorn,house,3,3122.0,2,2026 Q1,950.0,954.76,921.57,987.95
Hawthorn,house,4,3122.0,2,2026 Q1,1500.0,1515.41,1482.22,1548.6
Heidelberg-Heidelberg West,flat,1,3084.0,2,2026 Q1,450.0,455.75,422.56,488.94
Heidelberg-Heidelberg West,flat,2,3084.0,2,2026 Q1,530.0,535.12,501.93,568.31
Heidelberg-Heidelberg West,flat,3,3084.0,2,2026 Q1,650.0,655.99,622.8,689.18
Heidelberg-Heidelberg West,house,2,3084.0,2,2026 Q1,510.0,517.62,484.43,550.81
Heidelberg-Heidelberg West,house,3,3084.0,2,2026 Q1,600.0,606.75,573.56,639.94
Heidelberg-Heidelberg West,house,4,3084.0,2,2026 Q1,795.0,800.09,766.9,833.28
Herne Hill-Geelong West,flat,1,3218.0,2,2026 Q1,340.0,346.7,313.51,379.89
Herne Hill-Geelong West,flat,2,3218.0,2,2026 Q1,410.0,417.11,383.92,450.3
Herne Hill-Geelong West,flat,3,3218.0,2,2026 Q1,575.0,582.73,549.54,615.92
Herne Hill-Geelong West,house,2,3218.0,2,2026 Q1,460.0,466.1,432.91,499.29
Herne Hill-Geelong West,house,3,3218.0,2,2026 Q1,520.0,528.89,495.7,562.08
Herne Hill-Geelong West,house,4,3218.0,2,2026 Q1,660.0,668.24,635.05,701.43
Horsham,flat,1,3400.0,2,2026 Q1,250.0,250.16,216.97,283.35
Horsham,flat,2,3400.0,2,2026 Q1,320.0,327.57,294.38,360.76
Horsham,flat,3,3400.0,2,2026 Q1,415.0,422.95,389.76,456.14
Horsham,house,2,3400.0,2,2026 Q1,350.0,355.96,322.77,389.15
Horsham,house,3,3400.0,2,2026 Q1,430.0,439.65,406.46,472.84
Horsham,house,4,3400.0,2,2026 Q1,520.0,529.46,496.27,562.65
Ivanhoe-Ivanhoe East,flat,1,3079.0,2,2026 Q1,490.0,496.13,462.94,529.32
Ivanhoe-Ivanhoe East,flat,2,3079.0,2,2026 Q1,600.0,609.14,575.95,642.33
Ivanhoe-Ivanhoe East,flat,3,3079.0,2,2026 Q1,750.0,759.57,726.38,792.76
Ivanhoe-Ivanhoe East,house,2,3079.0,2,2026 Q1,600.0,609.39,576.2,642.58
Ivanhoe-Ivanhoe East,house,3,3079.0,2,2026 Q1,750.0,758.39,725.2,791.58
Ivanhoe-Ivanhoe East,house,4,3079.0,2,2026 Q1,1000.0,1001.62,968.43,1034.81
Keilor,house,4,3036.0,2,2026 Q1,730.0,734.58,701.39,767.77
Keilor East-Avondale Heights,flat,1,3033.0,2,2026 Q1,450.0,454.78,421.59,487.97
Keilor East-Avondale Heights,flat,2,3033.0,2,2026 Q1,520.0,526.37,493.18,559.56
Keilor East-Avondale Heights,flat,3,3033.0,2,2026 Q1,623.0,630.85,597.66,664.04
Keilor East-Avondale Heights,house,2,3033.0,2,2026 Q1,520.0,528.04,494.85,561.23
Keilor East-Avondale Heights,house,3,3033.0,2,2026 Q1,580.0,588.97,555.78,622.16
Keilor East-Avondale Heights,house,4,3033.0,2,2026 Q1,768.0,775.2,742.01,808.39
Kew,flat,1,3101.0,2,2026 Q1,470.0,479.24,446.05,512.43
Kew,flat,2,3101.0,2,2026 Q1,575.0,585.38,552.19,618.57
Kew,flat,3,3101.0,2,2026 Q1,850.0,856.88,823.69,890.07
Kew,house,2,3101.0,2,2026 Q1,663.0,666.21,633.02,699.4
Kew,house,3,3101.0,2,2026 Q1,850.0,857.03,823.84,890.22
Kew,house,4,3101.0,2,2026 Q1,1300.0,1304.29,1271.1,1337.48
Lara,flat,2,3212.0,2,2026 Q1,415.0,421.78,388.59,454.97
Lara,flat,3,3212.0,2,2026 Q1,485.0,494.36,461.17,527.55
Lara,house,2,3212.0,2,2026 Q1,430.0,437.93,404.74,471.12
Lara,house,3,3212.0,2,2026 Q1,500.0,507.91,474.72,541.1
Lara,house,4,3212.0,2,2026 Q1,580.0,586.89,553.7,620.08
Malvern,flat,1,3144.0,2,2026 Q1,450.0,459.23,426.04,492.42
Malvern,flat,2,3144.0,2,2026 Q1,600.0,609.26,576.07,642.45
Malvern,flat,3,3144.0,2,2026 Q1,908.0,912.89,879.7,946.08
Malvern,house,2,3144.0,2,2026 Q1,790.0,794.42,761.23,827.61
Malvern,house,3,3144.0,2,2026 Q1,1000.0,1001.49,968.3,1034.68
Malvern,house,4,3144.0,2,2026 Q1,1400.0,1391.75,1358.56,1424.94
Malvern East,flat,1,3145.0,2,2026 Q1,480.0,489.08,455.89,522.27
Malvern East,flat,2,3145.0,2,2026 Q1,600.0,607.79,574.6,640.98
Malvern East,flat,3,3145.0,2,2026 Q1,800.0,805.0,771.8,838.19
Malvern East,house,2,3145.0,2,2026 Q1,650.0,656.98,623.79,690.17
Malvern East,house,3,3145.0,2,2026 Q1,750.0,754.62,721.43,787.81
Malvern East,house,4,3145.0,2,2026 Q1,1150.0,1148.16,1114.97,1181.35
Melton,flat,1,3337.0,2,2026 Q1,350.0,352.28,319.09,385.47
Melton,flat,2,3337.0,2,2026 Q1,365.0,372.12,338.93,405.31
Melton,flat,3,3337.0,2,2026 Q1,400.0,407.04,373.85,440.24
Melton,house,2,3337.0,2,2026 Q1,375.0,379.93,346.74,413.12
Melton,house,3,3337.0,2,2026 Q1,420.0,426.73,393.54,459.92
Melton,house,4,3337.0,2,2026 Q1,470.0,477.87,444.68,511.06
Mentone-Parkdale-Mordialloc,flat,1,3194.0,2,2026 Q1,405.0,413.79,380.6,446.98
Mentone-Parkdale-Mordialloc,flat,2,3194.0,2,2026 Q1,550.0,558.82,525.63,592.01
Mentone-Parkdale-Mordialloc,flat,3,3194.0,2,2026 Q1,720.0,725.31,692.12,758.5
Mentone-Parkdale-Mordialloc,house,2,3194.0,2,2026 Q1,600.0,607.51,574.32,640.7
Mentone-Parkdale-Mordialloc,house,3,3194.0,2,2026 Q1,750.0,757.44,724.25,790.63
Mentone-Parkdale-Mordialloc,house,4,3194.0,2,2026 Q1,910.0,915.32,882.13,948.51
Mildura,flat,1,3500.0,2,2026 Q1,280.0,286.38,253.18,319.57
Mildura,flat,2,3500.0,2,2026 Q1,350.0,357.31,324.12,390.5
Mildura,flat,3,3500.0,2,2026 Q1,450.0,456.76,423.57,489.95
Mildura,house,2,3500.0,2,2026 Q1,380.0,386.34,353.15,419.53
Mildura,house,3,3500.0,2,2026 Q1,480.0,488.1,454.91,521.29
Mildura,house,4,3500.0,2,2026 Q1,580.0,587.82,554.63,621.01
Mill Park-Epping,flat,1,3076.0,2,2026 Q1,400.0,405.65,372.46,438.84
Mill Park-Epping,flat,2,3076.0,2,2026 Q1,450.0,455.16,421.97,488.35
Mill Park-Epping,flat,3,3076.0,2,2026 Q1,520.0,528.1,494.91,561.29
Mill Park-Epping,house,2,3076.0,2,2026 Q1,480.0,485.43,452.24,518.62
Mill Park-Epping,house,3,3076.0,2,2026 Q1,530.0,537.1,503.91,570.29
Mill Park-Epping,house,4,3076.0,2,2026 Q1,600.0,606.7,573.51,639.89
Moe-Newborough,flat,1,3825.0,2,2026 Q1,250.0,255.74,222.55,288.93
Moe-Newborough,flat,2,3825.0,2,2026 Q1,310.0,317.46,284.27,350.65
Moe-Newborough,house,2,3825.0,2,2026 Q1,350.0,356.86,323.67,390.05
Moe-Newborough,house,3,3825.0,2,2026 Q1,420.0,428.06,394.87,461.25
Moe-Newborough,house,4,3825.0,2,2026 Q1,525.0,530.23,497.04,563.42
Moonee Ponds-Ascot Vale,flat,1,3039.0,2,2026 Q1,450.0,457.14,423.95,490.33
Moonee Ponds-Ascot Vale,flat,2,3039.0,2,2026 Q1,550.0,558.75,525.56,591.94
Moonee Ponds-Ascot Vale,flat,3,3039.0,2,2026 Q1,730.0,735.78,702.59,768.97
Moonee Ponds-Ascot Vale,house,2,3039.0,2,2026 Q1,620.0,625.65,592.46,658.84
Moonee Ponds-Ascot Vale,house,3,3039.0,2,2026 Q1,750.0,758.78,725.59,791.97
Moonee Ponds-Ascot Vale,house,4,3039.0,2,2026 Q1,995.0,1000.09,966.9,1033.28
Morwell,flat,1,3840.0,2,2026 Q1,275.0,281.58,248.39,314.77
Morwell,flat,2,3840.0,2,2026 Q1,320.0,327.83,294.63,361.02
Morwell,house,2,3840.0,2,2026 Q1,350.0,357.02,323.83,390.21
Morwell,house,3,3840.0,2,2026 Q1,400.0,408.16,374.97,441.35
Morwell,house,4,3840.0,2,2026 Q1,493.0,502.18,468.99,535.37
Mount Clear-Buninyong,flat,2,3357.0,2,2026 Q1,360.0,366.81,333.62,400.0
Mount Clear-Buninyong,flat,3,3357.0,2,2026 Q1,390.0,398.86,365.67,432.05
Mount Clear-Buninyong,house,3,3357.0,2,2026 Q1,430.0,439.43,406.24,472.62
Mount Clear-Buninyong,house,4,3357.0,2,2026 Q1,480.0,487.86,454.67,521.05
Mount Waverley,flat,1,3149.0,2,2026 Q1,280.0,291.89,258.7,325.08
Mount Waverley,flat,2,3149.0,2,2026 Q1,540.0,548.37,515.18,581.56
Mount Waverley,flat,3,3149.0,2,2026 Q1,700.0,707.51,674.32,740.7
Mount Waverley,house,2,3149.0,2,2026 Q1,570.0,577.27,544.08,610.46
Mount Waverley,house,3,3149.0,2,2026 Q1,660.0,667.23,634.04,700.42
Mount Waverley,house,4,3149.0,2,2026 Q1,800.0,805.57,772.38,838.77
Mt Eliza-Mornington-Mt Martha,flat,2,3930.0,2,2026 Q1,535.0,542.49,509.3,575.68
Mt Eliza-Mornington-Mt Martha,flat,3,3930.0,2,2026 Q1,650.0,657.66,624.47,690.85
Mt Eliza-Mornington-Mt Martha,house,2,3930.0,2,2026 Q1,533.0,538.56,505.37,571.75
Mt Eliza-Mornington-Mt Martha,house,3,3930.0,2,2026 Q1,675.0,680.88,647.69,714.07
Mt Eliza-Mornington-Mt Martha,house,4,3930.0,2,2026 Q1,895.0,898.34,865.15,931.53
Murrumbeena-Hughesdale,flat,1,3163.0,2,2026 Q1,405.0,414.05,380.86,447.24
Murrumbeena-Hughesdale,flat,2,3163.0,2,2026 Q1,570.0,578.05,544.86,611.24
Murrumbeena-Hughesdale,flat,3,3163.0,2,2026 Q1,750.0,762.37,729.18,795.56
Murrumbeena-Hughesdale,house,2,3163.0,2,2026 Q1,590.0,599.11,565.92,632.3
Murrumbeena-Hughesdale,house,3,3163.0,2,2026 Q1,730.0,734.88,701.69,768.07
Murrumbeena-Hughesdale,house,4,3163.0,2,2026 Q1,1050.0,1061.65,1028.46,1094.84
Narre Warren-Hampton Park,flat,1,3805.0,2,2026 Q1,323.0,322.9,289.71,356.09
Narre Warren-Hampton Park,flat,2,3805.0,2,2026 Q1,470.0,475.52,442.33,508.71
Narre Warren-Hampton Park,flat,3,3805.0,2,2026 Q1,545.0,553.23,520.04,586.42
Narre Warren-Hampton Park,house,2,3805.0,2,2026 Q1,475.0,479.46,446.27,512.65
Narre Warren-Hampton Park,house,3,3805.0,2,2026 Q1,550.0,557.74,524.55,590.93
Narre Warren-Hampton Park,house,4,3805.0,2,2026 Q1,640.0,646.6,613.41,679.79
Newport-Spotswood,flat,1,3015.0,2,2026 Q1,455.0,460.31,427.12,493.5
Newport-Spotswood,flat,2,3015.0,2,2026 Q1,575.0,579.75,546.56,612.94
Newport-Spotswood,flat,3,3015.0,2,2026 Q1,725.0,728.14,694.95,761.33
Newport-Spotswood,house,2,3015.0,2,2026 Q1,580.0,589.09,555.9,622.28
Newport-Spotswood,house,3,3015.0,2,2026 Q1,700.0,705.37,672.18,738.56
Newport-Spotswood,house,4,3015.0,2,2026 Q1,925.0,930.25,897.06,963.44
Newtown,flat,1,3220.0,2,2026 Q1,318.0,324.19,291.0,357.38
Newtown,flat,2,3220.0,2,2026 Q1,440.0,446.95,413.76,480.14
Newtown,flat,3,3220.0,2,2026 Q1,590.0,597.93,564.74,631.12
Newtown,house,2,3220.0,2,2026 Q1,485.0,494.03,460.84,527.22
Newtown,house,3,3220.0,2,2026 Q1,570.0,577.74,544.55,610.93
Newtown,house,4,3220.0,2,2026 Q1,700.0,704.03,670.84,737.22
Noble Park,flat,1,3174.0,2,2026 Q1,370.0,377.31,344.12,410.5
Noble Park,flat,2,3174.0,2,2026 Q1,495.0,501.72,468.53,534.91
Noble Park,flat,3,3174.0,2,2026 Q1,580.0,587.06,553.87,620.25
Noble Park,house,2,3174.0,2,2026 Q1,480.0,484.77,451.58,517.96
Noble Park,house,3,3174.0,2,2026 Q1,550.0,556.0,522.81,589.19
Noble Park,house,4,3174.0,2,2026 Q1,630.0,636.19,603.0,669.38
North Bendigo,flat,1,3550.0,2,2026 Q1,320.0,332.06,298.87,365.25
North Bendigo,flat,2,3550.0,2,2026 Q1,398.0,406.12,372.93,439.31
North Bendigo,flat,3,3550.0,2,2026 Q1,475.0,486.0,452.81,519.19
North Bendigo,house,2,3550.0,2,2026 Q1,420.0,428.25,395.06,461.44
North Bendigo,house,3,3550.0,2,2026 Q1,480.0,489.16,455.97,522.35
North Bendigo,house,4,3550.0,2,2026 Q1,550.0,559.83,526.64,593.02
North Geelong,flat,1,3215.0,2,2026 Q1,330.0,336.68,303.49,369.87
North Geelong,flat,2,3215.0,2,2026 Q1,420.0,425.81,392.62,459.0
North Geelong,flat,3,3215.0,2,2026 Q1,500.0,506.26,473.07,539.45
North Geelong,house,2,3215.0,2,2026 Q1,440.0,446.71,413.52,479.9
North Geelong,house,3,3215.0,2,2026 Q1,495.0,503.8,470.61,536.99
North Geelong,house,4,3215.0,2,2026 Q1,580.0,588.18,554.99,621.37
North Melbourne-West Melbourne,flat,1,3051.0,2,2026 Q1,525.0,535.01,501.82,568.2
North Melbourne-West Melbourne,flat,2,3051.0,2,2026 Q1,660.0,667.98,634.79,701.17
North Melbourne-West Melbourne,flat,3,3051.0,2,2026 Q1,882.0,885.16,851.97,918.35
North Melbourne-West Melbourne,house,2,3051.0,2,2026 Q1,650.0,657.56,624.37,690.75
North Melbourne-West Melbourne,house,3,3051.0,2,2026 Q1,853.0,858.47,825.28,891.66
North Melbourne-West Melbourne,house,4,3051.0,2,2026 Q1,1080.0,1085.57,1052.38,1118.76
Northcote,flat,1,3070.0,2,2026 Q1,420.0,428.47,395.28,461.66
Northcote,flat,2,3070.0,2,2026 Q1,600.0,607.13,573.94,640.32
Northcote,flat,3,3070.0,2,2026 Q1,850.0,859.03,825.84,892.22
Northcote,house,2,3070.0,2,2026 Q1,700.0,704.96,671.77,738.15
Northcote,house,3,3070.0,2,2026 Q1,850.0,853.77,820.58,886.97
Northcote,house,4,3070.0,2,2026 Q1,1250.0,1259.63,1226.44,1292.82
Nunawading-Mitcham,flat,1,3132.0,2,2026 Q1,435.0,441.96,408.77,475.15
Nunawading-Mitcham,flat,2,3132.0,2,2026 Q1,520.0,527.83,494.64,561.02
Nunawading-Mitcham,flat,3,3132.0,2,2026 Q1,650.0,655.44,622.25,688.64
Nunawading-Mitcham,house,2,3132.0,2,2026 Q1,525.0,533.73,500.54,566.92
Nunawading-Mitcham,house,3,3132.0,2,2026 Q1,625.0,633.66,600.47,666.85
Nunawading-Mitcham,house,4,3132.0,2,2026 Q1,745.0,753.17,719.98,786.36
Oak Park-Glenroy-Fawkner,flat,1,3046.0,2,2026 Q1,385.0,390.6,357.41,423.79
Oak Park-Glenroy-Fawkner,flat,2,3046.0,2,2026 Q1,490.0,496.18,462.99,529.37
Oak Park-Glenroy-Fawkner,flat,3,3046.0,2,2026 Q1,600.0,605.13,571.94,638.32
Oak Park-Glenroy-Fawkner,house,2,3046.0,2,2026 Q1,500.0,506.37,473.18,539.57
Oak Park-Glenroy-Fawkner,house,3,3046.0,2,2026 Q1,551.0,557.52,524.33,590.71
Oak Park-Glenroy-Fawkner,house,4,3046.0,2,2026 Q1,660.0,667.26,634.07,700.45
Ocean Grove-Barwon Heads,flat,2,3226.0,2,2026 Q1,468.0,475.15,441.96,508.34
Ocean Grove-Barwon Heads,flat,3,3226.0,2,2026 Q1,560.0,563.75,530.56,596.94
Ocean Grove-Barwon Heads,house,2,3226.0,2,2026 Q1,520.0,528.74,495.55,561.93
Ocean Grove-Barwon Heads,house,3,3226.0,2,2026 Q1,550.0,557.11,523.92,590.3
Ocean Grove-Barwon Heads,house,4,3226.0,2,2026 Q1,650.0,658.72,625.53,691.91
Pakenham,flat,2,3810.0,2,2026 Q1,450.0,456.88,423.69,490.07
Pakenham,flat,3,3810.0,2,2026 Q1,500.0,507.92,474.73,541.11
Pakenham,house,2,3810.0,2,2026 Q1,460.0,466.42,433.23,499.61
Pakenham,house,3,3810.0,2,2026 Q1,530.0,537.64,504.45,570.83
Pakenham,house,4,3810.0,2,2026 Q1,590.0,597.47,564.28,630.66
Pascoe Vale-Coburg North,flat,1,3044.0,2,2026 Q1,280.0,287.64,254.45,320.83
Pascoe Vale-Coburg North,flat,2,3044.0,2,2026 Q1,500.0,505.36,472.17,538.55
Pascoe Vale-Coburg North,flat,3,3044.0,2,2026 Q1,628.0,634.89,601.7,668.08
Pascoe Vale-Coburg North,house,2,3044.0,2,2026 Q1,540.0,545.93,512.74,579.12
Pascoe Vale-Coburg North,house,3,3044.0,2,2026 Q1,620.0,625.85,592.66,659.04
Pascoe Vale-Coburg North,house,4,3044.0,2,2026 Q1,785.0,787.69,754.5,820.88
Port Melbourne,flat,1,3207.0,2,2026 Q1,550.0,559.48,526.29,592.67
Port Melbourne,flat,2,3207.0,2,2026 Q1,745.0,754.96,721.77,788.15
Port Melbourne,flat,3,3207.0,2,2026 Q1,1175.0,1179.78,1146.59,1212.97
Port Melbourne,house,2,3207.0,2,2026 Q1,740.0,750.49,717.3,783.68
Port Melbourne,house,3,3207.0,2,2026 Q1,980.0,983.55,950.36,1016.74
Port Melbourne,house,4,3207.0,2,2026 Q1,1125.0,1124.02,1090.83,1157.21
Portland,flat,1,3305.0,2,2026 Q1,345.0,350.94,317.75,384.13
Portland,flat,2,3305.0,2,2026 Q1,350.0,355.22,322.03,388.41
Portland,flat,3,3305.0,2,2026 Q1,475.0,485.55,452.36,518.74
Portland,house,2,3305.0,2,2026 Q1,380.0,384.78,351.59,417.97
Portland,house,3,3305.0,2,2026 Q1,430.0,437.16,403.97,470.35
Portland,house,4,3305.0,2,2026 Q1,565.0,569.57,536.38,602.76
Prahran-Windsor,flat,1,3181.0,2,2026 Q1,460.0,471.72,438.53,504.91
Prahran-Windsor,flat,2,3181.0,2,2026 Q1,650.0,660.98,627.79,694.17
Prahran-Windsor,flat,3,3181.0,2,2026 Q1,950.0,959.57,926.38,992.76
Prahran-Windsor,house,2,3181.0,2,2026 Q1,775.0,782.57,749.38,815.76
Prahran-Windsor,house,3,3181.0,2,2026 Q1,975.0,979.64,946.45,1012.83
Prahran-Windsor,house,4,3181.0,2,2026 Q1,1350.0,1348.43,1315.24,1381.62
Preston,flat,1,3072.0,2,2026 Q1,440.0,450.29,417.1,483.48
Preston,flat,2,3072.0,2,2026 Q1,550.0,558.69,525.5,591.88
Preston,flat,3,3072.0,2,2026 Q1,695.0,701.4,668.21,734.59
Preston,house,2,3072.0,2,2026 Q1,588.0,595.2,562.01,628.39
Preston,house,3,3072.0,2,2026 Q1,675.0,683.51,650.32,716.7
Preston,house,4,3072.0,2,2026 Q1,925.0,933.29,900.1,966.48
Reservoir,flat,1,3073.0,2,2026 Q1,400.0,405.69,372.5,438.88
Reservoir,flat,2,3073.0,2,2026 Q1,500.0,507.19,474.0,540.38
Reservoir,flat,3,3073.0,2,2026 Q1,620.0,628.34,595.15,661.53
Reservoir,house,2,3073.0,2,2026 Q1,500.0,505.99,472.8,539.18
Reservoir,house,3,3073.0,2,2026 Q1,560.0,567.98,534.79,601.17
Reservoir,house,4,3073.0,2,2026 Q1,700.0,709.69,676.5,742.88
Richmond-Burnley,flat,1,3121.0,2,2026 Q1,510.0,520.69,487.5,553.88
Richmond-Burnley,flat,2,3121.0,2,2026 Q1,700.0,708.31,675.12,741.5
Richmond-Burnley,flat,3,3121.0,2,2026 Q1,1000.0,1002.04,968.85,1035.23
Richmond-Burnley,house,2,3121.0,2,2026 Q1,750.0,757.95,724.76,791.14
Richmond-Burnley,house,3,3121.0,2,2026 Q1,990.0,996.49,963.3,1029.68
Richmond-Burnley,house,4,3121.0,2,2026 Q1,1315.0,1317.62,1284.43,1350.81
Ringwood,flat,1,3134.0,2,2026 Q1,440.0,448.21,415.02,481.4
Ringwood,flat,2,3134.0,2,2026 Q1,520.0,527.82,494.63,561.01
Ringwood,flat,3,3134.0,2,2026 Q1,620.0,625.64,592.45,658.83
Ringwood,house,2,3134.0,2,2026 Q1,520.0,527.45,494.26,560.64
Ringwood,house,3,3134.0,2,2026 Q1,600.0,607.19,574.0,640.38
Ringwood,house,4,3134.0,2,2026 Q1,710.0,716.3,683.11,749.49
Rowville,flat,2,3178.0,2,2026 Q1,530.0,534.89,501.7,568.08
Rowville,flat,3,3178.0,2,2026 Q1,628.0,634.06,600.87,667.25
Rowville,house,3,3178.0,2,2026 Q1,600.0,605.44,572.25,638.63
Rowville,house,4,3178.0,2,2026 Q1,725.0,729.85,696.66,763.04
Sale-Maffra,flat,1,3850.0,2,2026 Q1,253.0,259.12,225.93,292.31
Sale-Maffra,flat,2,3850.0,2,2026 Q1,360.0,366.14,332.95,399.33
Sale-Maffra,flat,3,3850.0,2,2026 Q1,470.0,477.79,444.6,510.98
Sale-Maffra,house,2,3850.0,2,2026 Q1,400.0,407.53,374.34,440.72
Sale-Maffra,house,3,3850.0,2,2026 Q1,450.0,457.33,424.14,490.52
Sale-Maffra,house,4,3850.0,2,2026 Q1,550.0,559.2,526.01,592.39
Seaford-Carrum Downs,flat,1,3198.0,2,2026 Q1,380.0,388.18,354.99,421.37
Seaford-Carrum Downs,flat,2,3198.0,2,2026 Q1,470.0,477.47,444.28,510.66
Seaford-Carrum Downs,flat,3,3198.0,2,2026 Q1,560.0,567.13,533.94,600.32
Seaford-Carrum Downs,house,2,3198.0,2,2026 Q1,490.0,497.14,463.95,530.33
Seaford-Carrum Downs,house,3,3198.0,2,2026 Q1,560.0,568.11,534.92,601.3
Seaford-Carrum Downs,house,4,3198.0,2,2026 Q1,660.0,667.27,634.08,700.46
Sebastopol-Delacombe,flat,1,3356.0,2,2026 Q1,300.0,303.27,270.08,336.46
Sebastopol-Delacombe,flat,2,3356.0,2,2026 Q1,350.0,356.26,323.07,389.45
Sebastopol-Delacombe,flat,3,3356.0,2,2026 Q1,390.0,397.11,363.92,430.3
Sebastopol-Delacombe,house,2,3356.0,2,2026 Q1,360.0,366.45,333.26,399.64
Sebastopol-Delacombe,house,3,3356.0,2,2026 Q1,400.0,407.83,374.64,441.02
Sebastopol-Delacombe,house,4,3356.0,2,2026 Q1,455.0,463.31,430.12,496.5
Seymour,flat,1,3660.0,2,2026 Q1,275.0,279.85,246.66,313.04
Seymour,flat,2,3660.0,2,2026 Q1,360.0,366.26,333.07,399.45
Seymour,house,2,3660.0,2,2026 Q1,380.0,384.05,350.86,417.24
Seymour,house,3,3660.0,2,2026 Q1,420.0,428.14,394.95,461.33
Seymour,house,4,3660.0,2,2026 Q1,530.0,536.81,503.62,570.0
Shepparton,flat,1,3630.0,2,2026 Q1,290.0,296.7,263.51,329.89
Shepparton,flat,2,3630.0,2,2026 Q1,385.0,393.16,359.97,426.35
Shepparton,flat,3,3630.0,2,2026 Q1,490.0,496.94,463.75,530.13
Shepparton,house,2,3630.0,2,2026 Q1,390.0,396.85,363.66,430.04
Shepparton,house,3,3630.0,2,2026 Q1,475.0,483.78,450.59,516.97
Shepparton,house,4,3630.0,2,2026 Q1,590.0,597.34,564.15,630.53
South Melbourne,flat,1,3205.0,2,2026 Q1,548.0,557.07,523.88,590.26
South Melbourne,flat,2,3205.0,2,2026 Q1,700.0,708.48,675.29,741.67
South Melbourne,flat,3,3205.0,2,2026 Q1,950.0,952.02,918.83,985.21
South Melbourne,house,2,3205.0,2,2026 Q1,750.0,759.43,726.24,792.62
South Melbourne,house,3,3205.0,2,2026 Q1,950.0,949.17,915.98,982.36
South Yarra,flat,1,3141.0,2,2026 Q1,500.0,510.02,476.83,543.21
South Yarra,flat,2,3141.0,2,2026 Q1,700.0,707.42,674.23,740.61
South Yarra,flat,3,3141.0,2,2026 Q1,1100.0,1108.03,1074.84,1141.23
South Yarra,house,2,3141.0,2,2026 Q1,780.0,785.97,752.78,819.16
South Yarra,house,3,3141.0,2,2026 Q1,1100.0,1100.3,1067.11,1133.49
South Yarra,house,4,3141.0,2,2026 Q1,1700.0,1689.22,1656.02,1722.41
Southbank,flat,1,3006.0,2,2026 Q1,570.0,580.9,547.71,614.09
Southbank,flat,2,3006.0,2,2026 Q1,720.0,727.83,694.64,761.02
Southbank,flat,3,3006.0,2,2026 Q1,1010.0,1013.1,979.91,1046.29
Springvale,flat,1,3171.0,2,2026 Q1,370.0,377.63,344.44,410.82
Springvale,flat,2,3171.0,2,2026 Q1,520.0,527.53,494.34,560.72
Springvale,flat,3,3171.0,2,2026 Q1,650.0,657.89,624.7,691.08
Springvale,house,2,3171.0,2,2026 Q1,510.0,517.11,483.92,550.3
Springvale,house,3,3171.0,2,2026 Q1,570.0,578.01,544.82,611.2
Springvale,house,4,3171.0,2,2026 Q1,683.0,690.82,657.63,724.01
St Albans-Deer Park,flat,1,3021.0,2,2026 Q1,330.0,337.03,303.84,370.22
St Albans-Deer Park,flat,2,3021.0,2,2026 Q1,420.0,426.98,393.79,460.17
St Albans-Deer Park,flat,3,3021.0,2,2026 Q1,482.0,489.36,456.17,522.55
St Albans-Deer Park,house,2,3021.0,2,2026 Q1,420.0,425.35,392.16,458.54
St Albans-Deer Park,house,3,3021.0,2,2026 Q1,470.0,478.28,445.09,511.47
St Albans-Deer Park,house,4,3021.0,2,2026 Q1,550.0,559.11,525.92,592.3
St Kilda,flat,1,3182.0,2,2026 Q1,465.0,474.92,441.73,508.11
St Kilda,flat,2,3182.0,2,2026 Q1,630.0,638.96,605.77,672.15
St Kilda,flat,3,3182.0,2,2026 Q1,890.0,886.56,853.37,919.75
St Kilda,house,2,3182.0,2,2026 Q1,728.0,730.81,697.62,764.0
St Kilda,house,3,3182.0,2,2026 Q1,950.0,955.48,922.29,988.67
St Kilda,house,4,3182.0,2,2026 Q1,1105.0,1100.94,1067.75,1134.13
Sunbury,flat,2,3429.0,2,2026 Q1,440.0,447.25,414.06,480.45
Sunbury,flat,3,3429.0,2,2026 Q1,480.0,487.56,454.37,520.75
Sunbury,house,2,3429.0,2,2026 Q1,440.0,446.33,413.14,479.52
Sunbury,house,3,3429.0,2,2026 Q1,490.0,498.29,465.1,531.48
Sunbury,house,4,3429.0,2,2026 Q1,570.0,577.13,543.94,610.32
Sunshine,flat,1,3020.0,2,2026 Q1,330.0,335.89,302.7,369.08
Sunshine,flat,2,3020.0,2,2026 Q1,410.0,415.09,381.9,448.28
Sunshine,flat,3,3020.0,2,2026 Q1,530.0,536.62,503.43,569.81
Sunshine,house,2,3020.0,2,2026 Q1,460.0,466.12,432.93,499.31
Sunshine,house,3,3020.0,2,2026 Q1,495.0,503.7,470.51,536.89
Sunshine,house,4,3020.0,2,2026 Q1,600.0,608.31,575.12,641.5
Swan Hill,flat,1,3585.0,2,2026 Q1,245.0,253.49,220.3,286.68
Swan Hill,flat,2,3585.0,2,2026 Q1,355.0,360.8,327.61,393.99
Swan Hill,house,3,3585.0,2,2026 Q1,475.0,484.53,451.34,517.72
Swan Hill,house,4,3585.0,2,2026 Q1,560.0,567.16,533.97,600.35
Sydenham,flat,2,3037.0,2,2026 Q1,450.0,455.15,421.96,488.34
Sydenham,flat,3,3037.0,2,2026 Q1,460.0,465.99,432.8,499.18
Sydenham,house,2,3037.0,2,2026 Q1,440.0,445.71,412.52,478.9
Sydenham,house,3,3037.0,2,2026 Q1,480.0,486.81,453.62,520.0
Sydenham,house,4,3037.0,2,2026 Q1,530.0,537.15,503.96,570.34
Thomastown-Lalor,flat,1,3074.0,2,2026 Q1,375.0,380.65,347.46,413.84
Thomastown-Lalor,flat,2,3074.0,2,2026 Q1,450.0,455.67,422.48,488.86
Thomastown-Lalor,flat,3,3074.0,2,2026 Q1,501.0,507.34,474.15,540.53
Thomastown-Lalor,house,2,3074.0,2,2026 Q1,470.0,477.24,444.05,510.43
Thomastown-Lalor,house,3,3074.0,2,2026 Q1,510.0,517.53,484.34,550.72
Thomastown-Lalor,house,4,3074.0,2,2026 Q1,590.0,597.97,564.78,631.16
Thornbury,flat,1,3071.0,2,2026 Q1,400.0,409.38,376.19,442.57
Thornbury,flat,2,3071.0,2,2026 Q1,520.0,529.96,496.77,563.15
Thornbury,flat,3,3071.0,2,2026 Q1,748.0,756.37,723.18,789.56
Thornbury,house,2,3071.0,2,2026 Q1,650.0,655.21,622.02,688.4
Thornbury,house,3,3071.0,2,2026 Q1,798.0,804.28,771.09,837.47
Thornbury,house,4,3071.0,2,2026 Q1,960.0,960.48,927.29,993.67
Toorak,flat,1,3142.0,2,2026 Q1,445.0,454.57,421.38,487.76
Toorak,flat,2,3142.0,2,2026 Q1,650.0,657.3,624.11,690.49
Toorak,flat,3,3142.0,2,2026 Q1,1000.0,1005.78,972.59,1038.97
Toorak,house,2,3142.0,2,2026 Q1,695.0,701.52,668.33,734.71
Toorak,house,3,3142.0,2,2026 Q1,1250.0,1244.94,1211.75,1278.13
Toorak,house,4,3142.0,2,2026 Q1,1875.0,1861.53,1828.34,1894.72
Torquay,flat,2,3228.0,2,2026 Q1,500.0,506.93,473.74,540.12
Torquay,flat,3,3228.0,2,2026 Q1,660.0,668.47,635.28,701.66
Torquay,house,2,3228.0,2,2026 Q1,535.0,539.1,505.91,572.29
Torquay,house,3,3228.0,2,2026 Q1,650.0,655.9,622.71,689.09
Torquay,house,4,3228.0,2,2026 Q1,750.0,760.76,727.56,793.95
Traralgon,flat,1,3844.0,2,2026 Q1,293.0,299.9,266.71,333.09
Traralgon,flat,2,3844.0,2,2026 Q1,365.0,371.77,338.58,404.96
Traralgon,flat,3,3844.0,2,2026 Q1,488.0,497.94,464.75,531.13
Traralgon,house,2,3844.0,2,2026 Q1,390.0,396.78,363.59,429.97
Traralgon,house,3,3844.0,2,2026 Q1,460.0,468.65,435.46,501.84
Traralgon,house,4,3844.0,2,2026 Q1,580.0,589.14,555.95,622.33
Vermont-Forest Hill-Burwood East,flat,1,3133.0,2,2026 Q1,530.0,535.39,502.2,568.58
Vermont-Forest Hill-Burwood East,flat,2,3133.0,2,2026 Q1,578.0,584.91,551.72,618.1
Vermont-Forest Hill-Burwood East,flat,3,3133.0,2,2026 Q1,650.0,655.04,621.85,688.23
Vermont-Forest Hill-Burwood East,house,2,3133.0,2,2026 Q1,540.0,546.82,513.63,580.01
Vermont-Forest Hill-Burwood East,house,3,3133.0,2,2026 Q1,630.0,639.17,605.98,672.36
Vermont-Forest Hill-Burwood East,house,4,3133.0,2,2026 Q1,750.0,756.55,723.36,789.74
Wanagaratta,flat,1,3677.0,2,2026 Q1,267.0,270.77,237.58,303.96
Wanagaratta,flat,2,3677.0,2,2026 Q1,350.0,355.83,322.64,389.02
Wanagaratta,flat,3,3677.0,2,2026 Q1,420.0,422.44,389.25,455.63
Wanagaratta,house,2,3677.0,2,2026 Q1,400.0,406.72,373.53,439.91
Wanagaratta,house,3,3677.0,2,2026 Q1,480.0,488.77,455.58,521.96
Wanagaratta,house,4,3677.0,2,2026 Q1,555.0,560.05,526.86,593.24
Wantirna-Scoresby,flat,1,3152.0,2,2026 Q1,287.0,281.58,248.39,314.77
Wantirna-Scoresby,flat,2,3152.0,2,2026 Q1,510.0,512.78,479.59,545.97
Wantirna-Scoresby,flat,3,3152.0,2,2026 Q1,610.0,616.65,583.46,649.84
Wantirna-Scoresby,house,2,3152.0,2,2026 Q1,550.0,557.42,524.23,590.61
Wantirna-Scoresby,house,3,3152.0,2,2026 Q1,597.0,605.03,571.84,638.22
Wantirna-Scoresby,house,4,3152.0,2,2026 Q1,700.0,706.37,673.18,739.56
Warragul,flat,2,3820.0,2,2026 Q1,410.0,418.06,384.87,451.25
Warragul,house,2,3820.0,2,2026 Q1,420.0,426.62,393.43,459.81
Warragul,house,3,3820.0,2,2026 Q1,483.0,491.33,458.14,524.52
Warragul,house,4,3820.0,2,2026 Q1,590.0,598.38,565.19,631.57
Warrnambool,flat,1,3280.0,2,2026 Q1,345.0,352.66,319.47,385.85
Warrnambool,flat,2,3280.0,2,2026 Q1,420.0,427.94,394.75,461.13
Warrnambool,flat,3,3280.0,2,2026 Q1,500.0,506.76,473.57,539.95
Warrnambool,house,2,3280.0,2,2026 Q1,450.0,455.51,422.32,488.7
Warrnambool,house,3,3280.0,2,2026 Q1,550.0,557.67,524.48,590.86
Warrnambool,house,4,3280.0,2,2026 Q1,680.0,688.01,654.82,721.2
Wendouree-Alfredton,flat,1,3355.0,2,2026 Q1,285.0,290.05,256.86,323.24
Wendouree-Alfredton,flat,2,3355.0,2,2026 Q1,350.0,355.96,322.77,389.15
Wendouree-Alfredton,flat,3,3355.0,2,2026 Q1,413.0,420.54,387.35,453.73
Wendouree-Alfredton,house,2,3355.0,2,2026 Q1,370.0,375.81,342.62,409.0
Wendouree-Alfredton,house,3,3355.0,2,2026 Q1,410.0,417.55,384.36,450.74
Wendouree-Alfredton,house,4,3355.0,2,2026 Q1,480.0,488.66,455.47,521.85
Werribee-Hoppers Crossing,flat,1,3030.0,2,2026 Q1,350.0,354.17,320.98,387.36
Werribee-Hoppers Crossing,flat,2,3030.0,2,2026 Q1,405.0,410.21,377.02,443.4
Werribee-Hoppers Crossing,flat,3,3030.0,2,2026 Q1,450.0,455.38,422.19,488.57
Werribee-Hoppers Crossing,house,2,3030.0,2,2026 Q1,420.0,425.27,392.08,458.46
Werribee-Hoppers Crossing,house,3,3030.0,2,2026 Q1,460.0,465.57,432.38,498.76
Werribee-Hoppers Crossing,house,4,3030.0,2,2026 Q1,525.0,531.9,498.71,565.09
West Brunswick,flat,1,3055.0,2,2026 Q1,400.0,409.1,375.91,442.29
West Brunswick,flat,2,3055.0,2,2026 Q1,500.0,506.46,473.27,539.65
West Brunswick,flat,3,3055.0,2,2026 Q1,725.0,732.76,699.57,765.95
West Brunswick,house,2,3055.0,2,2026 Q1,590.0,595.48,562.29,628.67
West Brunswick,house,3,3055.0,2,2026 Q1,755.0,760.33,727.14,793.52
West Brunswick,house,4,3055.0,2,2026 Q1,1000.0,1012.47,979.28,1045.66
West Footscray,flat,1,3012.0,2,2026 Q1,365.0,373.33,340.14,406.52
West Footscray,flat,2,3012.0,2,2026 Q1,475.0,481.45,448.26,514.64
West Footscray,flat,3,3012.0,2,2026 Q1,620.0,627.55,594.36,660.74
West Footscray,house,2,3012.0,2,2026 Q1,500.0,506.3,473.11,539.49
West Footscray,house,3,3012.0,2,2026 Q1,600.0,606.28,573.09,639.47
West Footscray,house,4,3012.0,2,2026 Q1,725.0,732.32,699.13,765.51
Whittlesea,flat,2,3757.0,2,2026 Q1,440.0,444.08,410.89,477.27
Whittlesea,flat,3,3757.0,2,2026 Q1,500.0,505.52,472.33,538.71
Whittlesea,house,2,3757.0,2,2026 Q1,450.0,454.8,421.61,487.99
Whittlesea,house,3,3757.0,2,2026 Q1,510.0,515.71,482.52,548.9
Whittlesea,house,4,3757.0,2,2026 Q1,550.0,556.0,522.81,589.2
Williamstown,flat,1,3016.0,2,2026 Q1,420.0,422.98,389.79,456.17
Williamstown,flat,2,3016.0,2,2026 Q1,523.0,529.72,496.53,562.92
Williamstown,flat,3,3016.0,2,2026 Q1,670.0,676.82,643.63,710.01
Williamstown,house,2,3016.0,2,2026 Q1,600.0,604.5,571.31,637.69
Williamstown,house,3,3016.0,2,2026 Q1,800.0,807.58,774.39,840.77
Williamstown,house,4,3016.0,2,2026 Q1,1000.0,1009.3,976.11,1042.49
Wodonga,flat,1,3690.0,2,2026 Q1,290.0,297.68,264.49,330.87
Wodonga,flat,2,3690.0,2,2026 Q1,385.0,393.87,360.68,427.06
Wodonga,flat,3,3690.0,2,2026 Q1,450.0,456.41,423.22,489.6
Wodonga,house,2,3690.0,2,2026 Q1,418.0,424.16,390.97,457.35
Wodonga,house,3,3690.0,2,2026 Q1,500.0,508.39,475.2,541.58
Wodonga,house,4,3690.0,2,2026 Q1,590.0,597.52,564.33,630.71
Yarra Ranges,flat,1,3138.0,2,2026 Q1,350.0,355.43,322.24,388.62
Yarra Ranges,flat,2,3138.0,2,2026 Q1,488.0,497.98,464.79,531.17
Yarra Ranges,flat,3,3138.0,2,2026 Q1,550.0,557.83,524.64,591.02
Yarra Ranges,house,2,3138.0,2,2026 Q1,500.0,505.75,472.56,538.94
Yarra Ranges,house,3,3138.0,2,2026 Q1,595.0,603.85,570.66,637.04
Yarra Ranges,house,4,3138.0,2,2026 Q1,695.0,700.3,667.11,733.49
Yarraville-Seddon,flat,1,3013.0,2,2026 Q1,393.0,401.21,368.02,434.4
Yarraville-Seddon,flat,2,3013.0,2,2026 Q1,520.0,528.84,495.65,562.03
Yarraville-Seddon,flat,3,3013.0,2,2026 Q1,730.0,738.99,705.8,772.18
Yarraville-Seddon,house,2,3013.0,2,2026 Q1,600.0,604.15,570.96,637.34
Yarraville-Seddon,house,3,3013.0,2,2026 Q1,720.0,726.93,693.74,760.12
Yarraville-Seddon,house,4,3013.0,2,2026 Q1,850.0,852.97,819.78,886.16
Albert Park-Middle Park-West St Kilda,flat,1,3206.0,3,2026 Q2,450.0,464.69,416.14,513.25
Albert Park-Middle Park-West St Kilda,flat,2,3206.0,3,2026 Q2,643.0,654.39,605.83,702.94
Albert Park-Middle Park-West St Kilda,flat,3,3206.0,3,2026 Q2,825.0,821.56,773.0,870.12
Albert Park-Middle Park-West St Kilda,house,2,3206.0,3,2026 Q2,760.0,765.93,717.37,814.48
Albert Park-Middle Park-West St Kilda,house,3,3206.0,3,2026 Q2,1150.0,1154.48,1105.93,1203.04
Albert Park-Middle Park-West St Kilda,house,4,3206.0,3,2026 Q2,1400.0,1388.09,1339.53,1436.65
Altona,flat,1,3018.0,3,2026 Q2,385.0,396.82,348.26,445.38
Altona,flat,2,3018.0,3,2026 Q2,475.0,484.89,436.34,533.45
Altona,flat,3,3018.0,3,2026 Q2,550.0,559.35,510.79,607.91
Altona,house,2,3018.0,3,2026 Q2,490.0,500.26,451.7,548.82
Altona,house,3,3018.0,3,2026 Q2,530.0,541.56,493.0,590.12
Altona,house,4,3018.0,3,2026 Q2,580.0,592.19,543.64,640.75
Armadale,flat,1,3143.0,3,2026 Q2,450.0,463.8,415.25,512.36
Armadale,flat,2,3143.0,3,2026 Q2,650.0,663.62,615.06,712.17
Armadale,flat,3,3143.0,3,2026 Q2,1000.0,1019.73,971.17,1068.29
Armadale,house,2,3143.0,3,2026 Q2,830.0,845.4,796.84,893.96
Armadale,house,3,3143.0,3,2026 Q2,1100.0,1098.92,1050.36,1147.48
Armadale,house,4,3143.0,3,2026 Q2,1738.0,1763.94,1715.38,1812.49
Aspendale-Chelsea-Carrum,flat,1,3195.0,3,2026 Q2,435.0,444.84,396.28,493.4
Aspendale-Chelsea-Carrum,flat,2,3195.0,3,2026 Q2,545.0,558.4,509.85,606.96
Aspendale-Chelsea-Carrum,flat,3,3195.0,3,2026 Q2,675.0,685.93,637.37,734.49
Aspendale-Chelsea-Carrum,house,2,3195.0,3,2026 Q2,550.0,561.37,512.81,609.93
Aspendale-Chelsea-Carrum,house,3,3195.0,3,2026 Q2,680.0,689.73,641.18,738.29
Aspendale-Chelsea-Carrum,house,4,3195.0,3,2026 Q2,870.0,878.67,830.12,927.23
Bairnsdale,flat,1,3860.0,3,2026 Q2,290.0,298.78,250.22,347.33
Bairnsdale,flat,2,3860.0,3,2026 Q2,370.0,379.91,331.35,428.47
Bairnsdale,flat,3,3860.0,3,2026 Q2,458.0,468.82,420.26,517.38
Bairnsdale,house,2,3860.0,3,2026 Q2,390.0,399.83,351.27,448.39
Bairnsdale,house,3,3860.0,3,2026 Q2,460.0,471.28,422.72,519.84
Bairnsdale,house,4,3860.0,3,2026 Q2,550.0,559.95,511.39,608.51
Ballarat,flat,1,3350.0,3,2026 Q2,285.0,293.89,245.34,342.45
Ballarat,flat,2,3350.0,3,2026 Q2,360.0,370.2,321.64,418.76
Ballarat,flat,3,3350.0,3,2026 Q2,400.0,410.65,362.09,459.21
Ballarat,house,2,3350.0,3,2026 Q2,360.0,369.31,320.75,417.87
Ballarat,house,3,3350.0,3,2026 Q2,410.0,422.33,373.77,470.89
Ballarat,house,4,3350.0,3,2026 Q2,475.0,488.56,440.0,537.11
Balwyn,flat,1,3103.0,3,2026 Q2,500.0,512.44,463.88,561.0
Balwyn,flat,2,3103.0,3,2026 Q2,588.0,599.61,551.06,648.17
Balwyn,flat,3,3103.0,3,2026 Q2,798.0,805.41,756.85,853.97
Balwyn,house,2,3103.0,3,2026 Q2,570.0,580.19,531.63,628.75
Balwyn,house,3,3103.0,3,2026 Q2,750.0,765.08,716.52,813.63
Balwyn,house,4,3103.0,3,2026 Q2,1000.0,1003.81,955.25,1052.37
Bayswater,flat,1,3153.0,3,2026 Q2,393.0,405.84,357.28,454.4
Bayswater,flat,2,3153.0,3,2026 Q2,493.0,504.59,456.04,553.15
Bayswater,flat,3,3153.0,3,2026 Q2,590.0,599.22,550.67,647.78
Bayswater,house,2,3153.0,3,2026 Q2,500.0,508.75,460.19,557.31
Bayswater,house,3,3153.0,3,2026 Q2,590.0,601.82,553.26,650.38
Bayswater,house,4,3153.0,3,2026 Q2,675.0,688.37,639.81,736.93
Belmont-Grovedale,flat,1,3216.0,3,2026 Q2,340.0,352.76,304.21,401.32
Belmont-Grovedale,flat,2,3216.0,3,2026 Q2,430.0,440.87,392.32,489.43
Belmont-Grovedale,flat,3,3216.0,3,2026 Q2,500.0,513.0,464.44,561.56
Belmont-Grovedale,house,2,3216.0,3,2026 Q2,450.0,461.61,413.06,510.17
Belmont-Grovedale,house,3,3216.0,3,2026 Q2,500.0,513.36,464.8,561.92
Belmont-Grovedale,house,4,3216.0,3,2026 Q2,550.0,564.03,515.47,612.59
Benalla,flat,1,3672.0,3,2026 Q2,305.0,318.99,270.44,367.55
Benalla,flat,2,3672.0,3,2026 Q2,370.0,379.82,331.27,428.38
Benalla,house,2,3672.0,3,2026 Q2,380.0,388.99,340.43,437.55
Benalla,house,3,3672.0,3,2026 Q2,450.0,459.86,411.3,508.41
Benalla,house,4,3672.0,3,2026 Q2,570.0,584.38,535.83,632.94
Bendigo,flat,1,3550.0,3,2026 Q2,330.0,341.83,293.27,390.39
Bendigo,flat,2,3550.0,3,2026 Q2,400.0,408.7,360.14,457.26
Bendigo,house,2,3550.0,3,2026 Q2,470.0,480.34,431.78,528.9
Bendigo,house,3,3550.0,3,2026 Q2,480.0,492.26,443.7,540.81
Bendigo,house,4,3550.0,3,2026 Q2,580.0,596.22,547.66,644.78
Bentleigh,flat,1,3204.0,3,2026 Q2,405.0,418.0,369.45,466.56
Bentleigh,flat,2,3204.0,3,2026 Q2,590.0,603.29,554.73,651.85
Bentleigh,flat,3,3204.0,3,2026 Q2,750.0,757.5,708.94,806.06
Bentleigh,house,2,3204.0,3,2026 Q2,600.0,610.51,561.95,659.07
Bentleigh,house,3,3204.0,3,2026 Q2,735.0,746.17,697.62,794.73
Bentleigh,house,4,3204.0,3,2026 Q2,1025.0,1031.58,983.02,1080.14
Berwick,flat,2,3806.0,3,2026 Q2,500.0,509.48,460.92,558.04
Berwick,flat,3,3806.0,3,2026 Q2,550.0,560.88,512.33,609.44
Berwick,house,2,3806.0,3,2026 Q2,490.0,498.65,450.09,547.2
Berwick,house,3,3806.0,3,2026 Q2,560.0,570.41,521.85,618.96
Berwick,house,4,3806.0,3,2026 Q2,620.0,630.41,581.85,678.97
Blackburn,flat,1,3130.0,3,2026 Q2,460.0,469.79,421.23,518.35
Blackburn,flat,2,3130.0,3,2026 Q2,550.0,559.28,510.72,607.84
Blackburn,flat,3,3130.0,3,2026 Q2,644.0,651.48,602.92,700.04
Blackburn,house,2,3130.0,3,2026 Q2,550.0,559.1,510.54,607.66
Blackburn,house,3,3130.0,3,2026 Q2,620.0,632.93,584.37,681.48
Blackburn,house,4,3130.0,3,2026 Q2,800.0,814.11,765.56,862.67
Boronia,flat,1,3155.0,3,2026 Q2,400.0,405.14,356.58,453.7
Boronia,flat,2,3155.0,3,2026 Q2,500.0,509.71,461.15,558.27
Boronia,flat,3,3155.0,3,2026 Q2,600.0,610.76,562.2,659.32
Boronia,house,2,3155.0,3,2026 Q2,520.0,533.87,485.31,582.43
Boronia,house,3,3155.0,3,2026 Q2,590.0,602.06,553.5,650.62
Boronia,house,4,3155.0,3,2026 Q2,680.0,692.96,644.4,741.52
Box Hill,flat,1,3128.0,3,2026 Q2,490.0,498.67,450.12,547.23
Box Hill,flat,2,3128.0,3,2026 Q2,610.0,619.8,571.24,668.36
Box Hill,flat,3,3128.0,3,2026 Q2,710.0,717.04,668.48,765.59
Box Hill,house,2,3128.0,3,2026 Q2,540.0,554.63,506.08,603.19
Box Hill,house,3,3128.0,3,2026 Q2,650.0,662.59,614.04,711.15
Box Hill,house,4,3128.0,3,2026 Q2,808.0,818.74,770.19,867.3
Brighton,flat,1,3186.0,3,2026 Q2,498.0,521.57,473.01,570.12
Brighton,flat,2,3186.0,3,2026 Q2,680.0,698.68,650.12,747.24
Brighton,flat,3,3186.0,3,2026 Q2,1000.0,1009.5,960.95,1058.06
Brighton,house,2,3186.0,3,2026 Q2,760.0,771.72,723.16,820.28
Brighton,house,3,3186.0,3,2026 Q2,1150.0,1154.82,1106.26,1203.38
Brighton,house,4,3186.0,3,2026 Q2,1650.0,1644.3,1595.74,1692.86
Brighton East,flat,2,3187.0,3,2026 Q2,630.0,642.95,594.4,691.51
Brighton East,flat,3,3187.0,3,2026 Q2,738.0,746.66,698.1,795.22
Brighton East,house,2,3187.0,3,2026 Q2,690.0,705.28,656.72,753.84
Brighton East,house,3,3187.0,3,2026 Q2,940.0,952.63,904.07,1001.19
Brighton East,house,4,3187.0,3,2026 Q2,1295.0,1273.76,1225.2,1322.32
Broadmeadows-Roxburgh Park,flat,1,3047.0,3,2026 Q2,325.0,332.02,283.46,380.58
Broadmeadows-Roxburgh Park,flat,2,3047.0,3,2026 Q2,470.0,477.99,429.43,526.54
Broadmeadows-Roxburgh Park,flat,3,3047.0,3,2026 Q2,520.0,530.31,481.75,578.87
Broadmeadows-Roxburgh Park,house,2,3047.0,3,2026 Q2,460.0,468.14,419.58,516.7
Broadmeadows-Roxburgh Park,house,3,3047.0,3,2026 Q2,506.0,517.02,468.46,565.58
Broadmeadows-Roxburgh Park,house,4,3047.0,3,2026 Q2,600.0,608.6,560.05,657.16
Brunswick,flat,1,3056.0,3,2026 Q2,460.0,472.59,424.03,521.15
Brunswick,flat,2,3056.0,3,2026 Q2,600.0,612.43,563.88,660.99
Brunswick,flat,3,3056.0,3,2026 Q2,840.0,849.41,800.85,897.97
Brunswick,house,2,3056.0,3,2026 Q2,660.0,670.9,622.35,719.46
Brunswick,house,3,3056.0,3,2026 Q2,850.0,858.27,809.71,906.83
Brunswick,house,4,3056.0,3,2026 Q2,1000.0,1000.09,951.53,1048.65
Bulleen-Templestowe-Doncaster,flat,1,3108.0,3,2026 Q2,480.0,488.79,440.23,537.35
Bulleen-Templestowe-Doncaster,flat,2,3108.0,3,2026 Q2,595.0,605.71,557.15,654.26
Bulleen-Templestowe-Doncaster,flat,3,3108.0,3,2026 Q2,720.0,730.34,681.78,778.9
Bulleen-Templestowe-Doncaster,house,2,3108.0,3,2026 Q2,570.0,581.48,532.92,630.04
Bulleen-Templestowe-Doncaster,house,3,3108.0,3,2026 Q2,660.0,672.31,623.76,720.87
Bulleen-Templestowe-Doncaster,house,4,3108.0,3,2026 Q2,820.0,831.63,783.07,880.19
Bundoora-Greensborough-Hurstbridge,flat,1,3088.0,3,2026 Q2,420.0,429.76,381.2,478.31
Bundoora-Greensborough-Hurstbridge,flat,2,3088.0,3,2026 Q2,490.0,499.67,451.11,548.23
Bundoora-Greensborough-Hurstbridge,flat,3,3088.0,3,2026 Q2,580.0,587.26,538.7,635.82
Bundoora-Greensborough-Hurstbridge,house,2,3088.0,3,2026 Q2,500.0,508.31,459.75,556.86
Bundoora-Greensborough-Hurstbridge,house,3,3088.0,3,2026 Q2,570.0,581.04,532.48,629.6
Bundoora-Greensborough-Hurstbridge,house,4,3088.0,3,2026 Q2,600.0,610.17,561.61,658.73
Burwood-Ashburton,flat,1,3125.0,3,2026 Q2,450.0,466.44,417.88,515.0
Burwood-Ashburton,flat,2,3125.0,3,2026 Q2,570.0,579.27,530.72,627.83
Burwood-Ashburton,flat,3,3125.0,3,2026 Q2,720.0,730.24,681.69,778.8
Burwood-Ashburton,house,2,3125.0,3,2026 Q2,580.0,593.08,544.52,641.64
Burwood-Ashburton,house,3,3125.0,3,2026 Q2,650.0,659.73,611.17,708.29
Burwood-Ashburton,house,4,3125.0,3,2026 Q2,878.0,886.72,838.16,935.28
CBD-St Kilda Rd,flat,1,,3,2026 Q2,560.0,572.8,524.24,621.36
CBD-St Kilda Rd,flat,2,,3,2026 Q2,735.0,745.32,696.77,793.88
CBD-St Kilda Rd,flat,3,,3,2026 Q2,1050.0,1044.13,995.57,1092.69
Camberwell-Glen Iris,flat,1,3124.0,3,2026 Q2,440.0,453.14,404.58,501.7
Camberwell-Glen Iris,flat,2,3124.0,3,2026 Q2,600.0,613.88,565.32,662.43
Camberwell-Glen Iris,flat,3,3124.0,3,2026 Q2,815.0,822.81,774.25,871.37
Camberwell-Glen Iris,house,2,3124.0,3,2026 Q2,660.0,671.14,622.59,719.7
Camberwell-Glen Iris,house,3,3124.0,3,2026 Q2,838.0,846.16,797.6,894.72
Camberwell-Glen Iris,house,4,3124.0,3,2026 Q2,1195.0,1195.09,1146.53,1243.65
Canterbury-Surrey Hills-Mont Albert,flat,1,3127.0,3,2026 Q2,450.0,463.58,415.03,512.14
Canterbury-Surrey Hills-Mont Albert,flat,2,3127.0,3,2026 Q2,570.0,583.9,535.34,632.46
Canterbury-Surrey Hills-Mont Albert,flat,3,3127.0,3,2026 Q2,740.0,750.19,701.63,798.74
Canterbury-Surrey Hills-Mont Albert,house,2,3127.0,3,2026 Q2,620.0,632.78,584.22,681.34
Canterbury-Surrey Hills-Mont Albert,house,3,3127.0,3,2026 Q2,800.0,809.56,761.0,858.12
Canterbury-Surrey Hills-Mont Albert,house,4,3127.0,3,2026 Q2,1100.0,1100.66,1052.11,1149.22
Carlton North,flat,1,3054.0,3,2026 Q2,430.0,445.63,397.07,494.18
Carlton North,flat,2,3054.0,3,2026 Q2,600.0,615.61,567.05,664.17
Carlton North,flat,3,3054.0,3,2026 Q2,778.0,789.4,740.84,837.96
Carlton North,house,2,3054.0,3,2026 Q2,755.0,766.48,717.92,815.03
Carlton North,house,3,3054.0,3,2026 Q2,950.0,960.13,911.57,1008.69
Carlton-Parkville,flat,1,3053.0,3,2026 Q2,500.0,513.5,464.94,562.05
Carlton-Parkville,flat,2,3053.0,3,2026 Q2,670.0,682.37,633.81,730.92
Carlton-Parkville,flat,3,3053.0,3,2026 Q2,855.0,863.18,814.62,911.74
Carlton-Parkville,house,2,3053.0,3,2026 Q2,670.0,684.36,635.8,732.92
Carlton-Parkville,house,3,3053.0,3,2026 Q2,950.0,962.89,914.33,1011.45
Carlton-Parkville,house,4,3053.0,3,2026 Q2,1100.0,1092.37,1043.81,1140.93
Carnegie,flat,1,3163.0,3,2026 Q2,420.0,433.76,385.2,482.32
Carnegie,flat,2,3163.0,3,2026 Q2,595.0,604.42,555.86,652.98
Carnegie,flat,3,3163.0,3,2026 Q2,775.0,786.55,738.0,835.11
Carnegie,house,2,3163.0,3,2026 Q2,600.0,609.6,561.05,658.16
Carnegie,house,3,3163.0,3,2026 Q2,750.0,759.26,710.7,807.81
Carnegie,house,4,3163.0,3,2026 Q2,1100.0,1109.16,1060.6,1157.72
Castlemaine,flat,2,3450.0,3,2026 Q2,390.0,399.88,351.33,448.44
Castlemaine,house,2,3450.0,3,2026 Q2,430.0,438.43,389.87,486.99
Castlemaine,house,3,3450.0,3,2026 Q2,500.0,512.09,463.53,560.65
Castlemaine,house,4,3450.0,3,2026 Q2,580.0,593.79,545.23,642.35
Caulfield,flat,1,3162.0,3,2026 Q2,500.0,511.96,463.4,560.52
Caulfield,flat,2,3162.0,3,2026 Q2,630.0,644.77,596.21,693.33
Caulfield,flat,3,3162.0,3,2026 Q2,810.0,820.79,772.23,869.35
Caulfield,house,2,3162.0,3,2026 Q2,633.0,645.73,597.17,694.29
Caulfield,house,3,3162.0,3,2026 Q2,850.0,858.48,809.92,907.04
Caulfield,house,4,3162.0,3,2026 Q2,1250.0,1258.35,1209.79,1306.9
Chadstone-Oakleigh,flat,1,3166.0,3,2026 Q2,500.0,508.67,460.11,557.22
Chadstone-Oakleigh,flat,2,3166.0,3,2026 Q2,580.0,590.47,541.92,639.03
Chadstone-Oakleigh,flat,3,3166.0,3,2026 Q2,680.0,688.48,639.92,737.04
Chadstone-Oakleigh,house,2,3166.0,3,2026 Q2,570.0,582.25,533.69,630.8
Chadstone-Oakleigh,house,3,3166.0,3,2026 Q2,630.0,640.17,591.61,688.72
Chadstone-Oakleigh,house,4,3166.0,3,2026 Q2,850.0,857.18,808.62,905.74
Cheltenham,flat,1,3192.0,3,2026 Q2,450.0,460.91,412.35,509.47
Cheltenham,flat,2,3192.0,3,2026 Q2,550.0,561.45,512.89,610.01
Cheltenham,flat,3,3192.0,3,2026 Q2,693.0,703.56,655.01,752.12
Cheltenham,house,2,3192.0,3,2026 Q2,585.0,596.03,547.47,644.59
Cheltenham,house,3,3192.0,3,2026 Q2,720.0,731.74,683.18,780.3
Cheltenham,house,4,3192.0,3,2026 Q2,950.0,956.65,908.09,1005.21
Clayton,flat,1,3168.0,3,2026 Q2,490.0,499.87,451.32,548.43
Clayton,flat,2,3168.0,3,2026 Q2,590.0,600.61,552.06,649.17
Clayton,flat,3,3168.0,3,2026 Q2,650.0,658.95,610.39,707.51
Clayton,house,2,3168.0,3,2026 Q2,550.0,558.25,509.69,606.81
Clayton,house,3,3168.0,3,2026 Q2,603.0,613.94,565.38,662.5
Clayton,house,4,3168.0,3,2026 Q2,800.0,816.09,767.54,864.65
Coburg-Pascoe Vale South,flat,1,3058.0,3,2026 Q2,425.0,432.54,383.98,481.1
Coburg-Pascoe Vale South,flat,2,3058.0,3,2026 Q2,550.0,559.81,511.25,608.37
Coburg-Pascoe Vale South,flat,3,3058.0,3,2026 Q2,700.0,709.72,661.16,758.28
Coburg-Pascoe Vale South,house,2,3058.0,3,2026 Q2,580.0,590.59,542.03,639.15
Coburg-Pascoe Vale South,house,3,3058.0,3,2026 Q2,710.0,719.09,670.53,767.64
Coburg-Pascoe Vale South,house,4,3058.0,3,2026 Q2,850.0,855.7,807.15,904.26
Collingwood-Abbotsford,flat,1,3066.0,3,2026 Q2,520.0,533.17,484.61,581.73
Collingwood-Abbotsford,flat,2,3066.0,3,2026 Q2,695.0,707.14,658.58,755.7
Collingwood-Abbotsford,flat,3,3066.0,3,2026 Q2,1000.0,1005.76,957.2,1054.31
Collingwood-Abbotsford,house,2,3066.0,3,2026 Q2,720.0,732.17,683.62,780.73
Collingwood-Abbotsford,house,3,3066.0,3,2026 Q2,950.0,957.88,909.32,1006.43
Corio,flat,1,3214.0,3,2026 Q2,320.0,328.85,280.3,377.41
Corio,flat,2,3214.0,3,2026 Q2,380.0,388.73,340.17,437.29
Corio,flat,3,3214.0,3,2026 Q2,445.0,455.21,406.65,503.77
Corio,house,2,3214.0,3,2026 Q2,380.0,389.76,341.2,438.32
Corio,house,3,3214.0,3,2026 Q2,420.0,433.42,384.86,481.98
Corio,house,4,3214.0,3,2026 Q2,485.0,496.32,447.76,544.87
Craigieburn,flat,2,3064.0,3,2026 Q2,440.0,447.54,398.98,496.1
Craigieburn,flat,3,3064.0,3,2026 Q2,485.0,495.29,446.73,543.85
Craigieburn,house,2,3064.0,3,2026 Q2,450.0,458.4,409.85,506.96
Craigieburn,house,3,3064.0,3,2026 Q2,500.0,509.58,461.02,558.14
Craigieburn,house,4,3064.0,3,2026 Q2,560.0,570.97,522.41,619.53
Cranbourne,flat,1,3977.0,3,2026 Q2,400.0,406.64,358.08,455.19
Cranbourne,flat,2,3977.0,3,2026 Q2,460.0,469.15,420.59,517.71
Cranbourne,flat,3,3977.0,3,2026 Q2,530.0,539.64,491.08,588.2
Cranbourne,house,2,3977.0,3,2026 Q2,490.0,499.05,450.49,547.61
Cranbourne,house,3,3977.0,3,2026 Q2,550.0,560.14,511.58,608.69
Cranbourne,house,4,3977.0,3,2026 Q2,600.0,610.75,562.19,659.31
Croydon-Lilydale,flat,1,3136.0,3,2026 Q2,363.0,376.96,328.4,425.52
Croydon-Lilydale,flat,2,3136.0,3,2026 Q2,500.0,510.31,461.75,558.86
Croydon-Lilydale,flat,3,3136.0,3,2026 Q2,620.0,630.41,581.86,678.97
Croydon-Lilydale,house,2,3136.0,3,2026 Q2,525.0,536.74,488.18,585.3
Croydon-Lilydale,house,3,3136.0,3,2026 Q2,600.0,611.39,562.83,659.94
Croydon-Lilydale,house,4,3136.0,3,2026 Q2,730.0,742.66,694.1,791.22
Dandenong,flat,1,3175.0,3,2026 Q2,375.0,386.25,337.69,434.8
Dandenong,flat,2,3175.0,3,2026 Q2,450.0,461.28,412.72,509.84
Dandenong,flat,3,3175.0,3,2026 Q2,570.0,577.19,528.63,625.74
Dandenong,house,2,3175.0,3,2026 Q2,490.0,497.79,449.23,546.35
Dandenong,house,3,3175.0,3,2026 Q2,560.0,570.91,522.35,619.47
Dandenong,house,4,3175.0,3,2026 Q2,750.0,759.63,711.07,808.19
Dandenong North-Endeavour Hills,flat,1,3177.0,3,2026 Q2,350.0,360.59,312.03,409.15
Dandenong North-Endeavour Hills,flat,2,3177.0,3,2026 Q2,468.0,477.01,428.46,525.57
Dandenong North-Endeavour Hills,flat,3,3177.0,3,2026 Q2,550.0,560.83,512.27,609.38
Dandenong North-Endeavour Hills,house,2,3177.0,3,2026 Q2,475.0,486.99,438.44,535.55
Dandenong North-Endeavour Hills,house,3,3177.0,3,2026 Q2,530.0,540.51,491.95,589.07
Dandenong North-Endeavour Hills,house,4,3177.0,3,2026 Q2,630.0,641.7,593.15,690.26
Docklands,flat,1,3008.0,3,2026 Q2,600.0,618.64,570.08,667.2
Docklands,flat,2,3008.0,3,2026 Q2,763.0,778.21,729.65,826.77
Docklands,flat,3,3008.0,3,2026 Q2,1200.0,1203.87,1155.31,1252.43
Doncaster East-Donvale,flat,1,3109.0,3,2026 Q2,470.0,477.32,428.76,525.88
Doncaster East-Donvale,flat,2,3109.0,3,2026 Q2,575.0,583.84,535.28,632.39
Doncaster East-Donvale,flat,3,3109.0,3,2026 Q2,695.0,705.64,657.09,754.2
Doncaster East-Donvale,house,2,3109.0,3,2026 Q2,530.0,536.4,487.84,584.96
Doncaster East-Donvale,house,3,3109.0,3,2026 Q2,680.0,692.32,643.76,740.88
Doncaster East-Donvale,house,4,3109.0,3,2026 Q2,830.0,840.51,791.95,889.07
Dromana-Portsea,flat,1,3936.0,3,2026 Q2,393.0,400.82,352.26,449.38
Dromana-Portsea,flat,2,3936.0,3,2026 Q2,478.0,490.06,441.5,538.61
Dromana-Portsea,flat,3,3936.0,3,2026 Q2,600.0,611.18,562.63,659.74
Dromana-Portsea,house,2,3936.0,3,2026 Q2,490.0,501.39,452.83,549.95
Dromana-Portsea,house,3,3936.0,3,2026 Q2,570.0,582.62,534.07,631.18
Dromana-Portsea,house,4,3936.0,3,2026 Q2,745.0,755.47,706.91,804.03
East Brunswick,flat,1,3057.0,3,2026 Q2,500.0,511.85,463.29,560.41
East Brunswick,flat,2,3057.0,3,2026 Q2,625.0,637.22,588.66,685.78
East Brunswick,flat,3,3057.0,3,2026 Q2,880.0,886.05,837.49,934.61
East Brunswick,house,2,3057.0,3,2026 Q2,710.0,717.31,668.75,765.87
East Brunswick,house,3,3057.0,3,2026 Q2,880.0,886.02,837.46,934.58
East Brunswick,house,4,3057.0,3,2026 Q2,1100.0,1120.18,1071.62,1168.73
East Hawthorn,flat,1,3123.0,3,2026 Q2,490.0,504.78,456.22,553.34
East Hawthorn,flat,2,3123.0,3,2026 Q2,610.0,624.04,575.48,672.6
East Hawthorn,flat,3,3123.0,3,2026 Q2,890.0,905.1,856.54,953.65
East Hawthorn,house,2,3123.0,3,2026 Q2,698.0,711.42,662.86,759.98
East Hawthorn,house,3,3123.0,3,2026 Q2,898.0,912.24,863.69,960.8
East Hawthorn,house,4,3123.0,3,2026 Q2,1300.0,1302.21,1253.65,1350.77
East Melbourne,flat,1,3002.0,3,2026 Q2,520.0,535.19,486.63,583.74
East Melbourne,flat,2,3002.0,3,2026 Q2,690.0,703.92,655.36,752.48
East Melbourne,flat,3,3002.0,3,2026 Q2,1175.0,1190.74,1142.18,1239.29
East Melbourne,house,3,3002.0,3,2026 Q2,1100.0,1071.73,1023.18,1120.29
East St Kilda,flat,1,3183.0,3,2026 Q2,425.0,440.31,391.75,488.86
East St Kilda,flat,2,3183.0,3,2026 Q2,575.0,587.95,539.39,636.51
East St Kilda,flat,3,3183.0,3,2026 Q2,840.0,845.95,797.39,894.51
East St Kilda,house,2,3183.0,3,2026 Q2,763.0,770.74,722.18,819.3
East St Kilda,house,3,3183.0,3,2026 Q2,900.0,896.9,848.34,945.46
East St Kilda,house,4,3183.0,3,2026 Q2,1100.0,1096.64,1048.08,1145.2
Echuca,flat,1,3564.0,3,2026 Q2,278.0,287.81,239.25,336.36
Echuca,flat,2,3564.0,3,2026 Q2,420.0,431.42,382.86,479.97
Echuca,flat,3,3564.0,3,2026 Q2,450.0,455.52,406.96,504.07
Echuca,house,2,3564.0,3,2026 Q2,418.0,429.03,380.47,477.58
Echuca,house,3,3564.0,3,2026 Q2,520.0,531.99,483.43,580.55
Echuca,house,4,3564.0,3,2026 Q2,640.0,652.12,603.56,700.68
Elsternwick,flat,1,3185.0,3,2026 Q2,440.0,454.94,406.38,503.5
Elsternwick,flat,2,3185.0,3,2026 Q2,600.0,611.12,562.56,659.68
Elsternwick,flat,3,3185.0,3,2026 Q2,800.0,805.67,757.11,854.22
Elsternwick,house,2,3185.0,3,2026 Q2,718.0,726.24,677.68,774.79
Elsternwick,house,3,3185.0,3,2026 Q2,900.0,904.63,856.07,953.19
Elsternwick,house,4,3185.0,3,2026 Q2,1150.0,1159.9,1111.34,1208.45
Eltham-Research-Montmorency,flat,1,3095.0,3,2026 Q2,360.0,372.22,323.67,420.78
Eltham-Research-Montmorency,flat,2,3095.0,3,2026 Q2,500.0,511.37,462.81,559.93
Eltham-Research-Montmorency,flat,3,3095.0,3,2026 Q2,620.0,628.91,580.35,677.47
Eltham-Research-Montmorency,house,2,3095.0,3,2026 Q2,500.0,509.77,461.21,558.32
Eltham-Research-Montmorency,house,3,3095.0,3,2026 Q2,650.0,659.11,610.55,707.66
Eltham-Research-Montmorency,house,4,3095.0,3,2026 Q2,813.0,820.12,771.56,868.68
Elwood,flat,1,3184.0,3,2026 Q2,450.0,464.45,415.9,513.01
Elwood,flat,2,3184.0,3,2026 Q2,608.0,621.13,572.58,669.69
Elwood,flat,3,3184.0,3,2026 Q2,875.0,878.82,830.27,927.38
Elwood,house,2,3184.0,3,2026 Q2,795.0,807.96,759.41,856.52
Elwood,house,3,3184.0,3,2026 Q2,1095.0,1109.09,1060.53,1157.65
Elwood,house,4,3184.0,3,2026 Q2,1500.0,1476.26,1427.7,1524.82
Essendon,flat,1,3040.0,3,2026 Q2,430.0,440.47,391.91,489.02
Essendon,flat,2,3040.0,3,2026 Q2,510.0,521.68,473.12,570.23
Essendon,flat,3,3040.0,3,2026 Q2,650.0,662.45,613.89,711.01
Essendon,house,2,3040.0,3,2026 Q2,550.0,562.04,513.48,610.59
Essendon,house,3,3040.0,3,2026 Q2,650.0,659.62,611.06,708.18
Essendon,house,4,3040.0,3,2026 Q2,895.0,900.53,851.97,949.09
Fairfield-Alphington,flat,1,3078.0,3,2026 Q2,400.0,414.34,365.78,462.9
Fairfield-Alphington,flat,2,3078.0,3,2026 Q2,575.0,586.62,538.07,635.18
Fairfield-Alphington,flat,3,3078.0,3,2026 Q2,815.0,809.97,761.42,858.53
Fairfield-Alphington,house,2,3078.0,3,2026 Q2,650.0,658.23,609.67,706.78
Fairfield-Alphington,house,3,3078.0,3,2026 Q2,850.0,855.19,806.63,903.75
Fairfield-Alphington,house,4,3078.0,3,2026 Q2,1113.0,1121.63,1073.07,1170.19
Ferntree Gully,flat,2,3156.0,3,2026 Q2,520.0,530.93,482.37,579.49
Ferntree Gully,flat,3,3156.0,3,2026 Q2,580.0,587.77,539.21,636.33
Ferntree Gully,house,2,3156.0,3,2026 Q2,518.0,528.94,480.38,577.5
Ferntree Gully,house,3,3156.0,3,2026 Q2,600.0,610.08,561.52,658.64
Ferntree Gully,house,4,3156.0,3,2026 Q2,720.0,732.09,683.54,780.65
Fitzroy,flat,1,3065.0,3,2026 Q2,528.0,541.43,492.87,589.99
Fitzroy,flat,2,3065.0,3,2026 Q2,750.0,761.79,713.23,810.35
Fitzroy,flat,3,3065.0,3,2026 Q2,1175.0,1186.26,1137.71,1234.82
Fitzroy,house,2,3065.0,3,2026 Q2,848.0,865.53,816.97,914.09
Fitzroy,house,3,3065.0,3,2026 Q2,1100.0,1107.58,1059.02,1156.14
Fitzroy North-Clifton Hill,flat,1,3068.0,3,2026 Q2,500.0,516.54,467.98,565.1
Fitzroy North-Clifton Hill,flat,2,3068.0,3,2026 Q2,690.0,706.6,658.04,755.16
Fitzroy North-Clifton Hill,flat,3,3068.0,3,2026 Q2,1050.0,1066.82,1018.26,1115.38
Fitzroy North-Clifton Hill,house,2,3068.0,3,2026 Q2,740.0,752.23,703.67,800.79
Fitzroy North-Clifton Hill,house,3,3068.0,3,2026 Q2,998.0,1008.95,960.39,1057.5
Fitzroy North-Clifton Hill,house,4,3068.0,3,2026 Q2,1295.0,1272.11,1223.55,1320.67
Flemington-Kensington,flat,1,3031.0,3,2026 Q2,470.0,488.1,439.54,536.66
Flemington-Kensington,flat,2,3031.0,3,2026 Q2,560.0,575.46,526.9,624.02
Flemington-Kensington,flat,3,3031.0,3,2026 Q2,850.0,864.76,816.2,913.32
Flemington-Kensington,house,2,3031.0,3,2026 Q2,620.0,629.5,580.94,678.06
Flemington-Kensington,house,3,3031.0,3,2026 Q2,760.0,769.7,721.14,818.26
Flemington-Kensington,house,4,3031.0,3,2026 Q2,945.0,949.56,901.0,998.12
Flora Hill-Bendigo East,flat,1,3550.0,3,2026 Q2,350.0,360.22,311.66,408.78
Flora Hill-Bendigo East,flat,2,3550.0,3,2026 Q2,380.0,391.06,342.51,439.62
Flora Hill-Bendigo East,flat,3,3550.0,3,2026 Q2,450.0,461.0,412.44,509.56
Flora Hill-Bendigo East,house,2,3550.0,3,2026 Q2,420.0,431.99,383.43,480.55
Flora Hill-Bendigo East,house,3,3550.0,3,2026 Q2,475.0,487.73,439.17,536.29
Flora Hill-Bendigo East,house,4,3550.0,3,2026 Q2,570.0,584.24,535.68,632.79
Footscray,flat,1,3011.0,3,2026 Q2,450.0,459.82,411.26,508.37
Footscray,flat,2,3011.0,3,2026 Q2,560.0,566.08,517.52,614.64
Footscray,flat,3,3011.0,3,2026 Q2,698.0,703.49,654.93,752.05
Footscray,house,2,3011.0,3,2026 Q2,573.0,582.58,534.03,631.14
Footscray,house,3,3011.0,3,2026 Q2,640.0,647.54,598.98,696.1
Footscray,house,4,3011.0,3,2026 Q2,750.0,757.01,708.45,805.57
Frankston,flat,1,3199.0,3,2026 Q2,350.0,361.61,313.05,410.17
Frankston,flat,2,3199.0,3,2026 Q2,475.0,487.86,439.3,536.41
Frankston,flat,3,3199.0,3,2026 Q2,560.0,570.88,522.32,619.44
Frankston,house,2,3199.0,3,2026 Q2,490.0,501.17,452.61,549.73
Frankston,house,3,3199.0,3,2026 Q2,570.0,582.01,533.45,630.57
Frankston,house,4,3199.0,3,2026 Q2,670.0,681.27,632.72,729.83
Geelong-Newcombe,flat,1,3219.0,3,2026 Q2,380.0,385.84,337.28,434.39
Geelong-Newcombe,flat,2,3219.0,3,2026 Q2,460.0,465.66,417.11,514.22
Geelong-Newcombe,flat,3,3219.0,3,2026 Q2,518.0,529.58,481.02,578.13
Geelong-Newcombe,house,2,3219.0,3,2026 Q2,440.0,451.23,402.67,499.79
Geelong-Newcombe,house,3,3219.0,3,2026 Q2,480.0,494.46,445.9,543.01
Geelong-Newcombe,house,4,3219.0,3,2026 Q2,575.0,591.51,542.95,640.07
Gladstone Park-Tullamarine,flat,2,3043.0,3,2026 Q2,450.0,458.66,410.1,507.22
Gladstone Park-Tullamarine,flat,3,3043.0,3,2026 Q2,553.0,564.8,516.24,613.36
Gladstone Park-Tullamarine,house,2,3043.0,3,2026 Q2,500.0,508.63,460.08,557.19
Gladstone Park-Tullamarine,house,3,3043.0,3,2026 Q2,530.0,541.69,493.13,590.25
Gladstone Park-Tullamarine,house,4,3043.0,3,2026 Q2,620.0,630.93,582.38,679.49
Glen Waverley-Mulgrave,flat,1,3150.0,3,2026 Q2,550.0,560.91,512.35,609.47
Glen Waverley-Mulgrave,flat,2,3150.0,3,2026 Q2,640.0,648.25,599.69,696.81
Glen Waverley-Mulgrave,flat,3,3150.0,3,2026 Q2,660.0,671.57,623.01,720.13
Glen Waverley-Mulgrave,house,2,3150.0,3,2026 Q2,590.0,600.91,552.36,649.47
Glen Waverley-Mulgrave,house,3,3150.0,3,2026 Q2,640.0,652.97,604.41,701.53
Glen Waverley-Mulgrave,house,4,3150.0,3,2026 Q2,780.0,794.62,746.07,843.18
Golden Square-Kangaroo Flat,flat,2,3555.0,3,2026 Q2,380.0,389.29,340.73,437.85
Golden Square-Kangaroo Flat,flat,3,3555.0,3,2026 Q2,470.0,482.12,433.56,530.68
Golden Square-Kangaroo Flat,house,2,3555.0,3,2026 Q2,420.0,430.76,382.21,479.32
Golden Square-Kangaroo Flat,house,3,3555.0,3,2026 Q2,480.0,493.26,444.7,541.82
Golden Square-Kangaroo Flat,house,4,3555.0,3,2026 Q2,550.0,562.64,514.08,611.2
Hamilton,flat,1,3300.0,3,2026 Q2,260.0,269.88,221.32,318.44
Hamilton,flat,2,3300.0,3,2026 Q2,320.0,332.93,284.37,381.48
Hamilton,house,2,3300.0,3,2026 Q2,330.0,340.83,292.27,389.38
Hamilton,house,3,3300.0,3,2026 Q2,390.0,403.07,354.51,451.63
Hamilton,house,4,3300.0,3,2026 Q2,460.0,473.46,424.91,522.02
Hampton-Beaumaris,flat,1,3188.0,3,2026 Q2,480.0,495.73,447.17,544.29
Hampton-Beaumaris,flat,2,3188.0,3,2026 Q2,650.0,664.98,616.42,713.54
Hampton-Beaumaris,flat,3,3188.0,3,2026 Q2,900.0,904.37,855.81,952.93
Hampton-Beaumaris,house,2,3188.0,3,2026 Q2,650.0,664.76,616.2,713.32
Hampton-Beaumaris,house,3,3188.0,3,2026 Q2,895.0,904.17,855.61,952.73
Hampton-Beaumaris,house,4,3188.0,3,2026 Q2,1295.0,1293.8,1245.24,1342.36
Hastings-Flinders,flat,1,3915.0,3,2026 Q2,360.0,369.76,321.2,418.31
Hastings-Flinders,flat,2,3915.0,3,2026 Q2,470.0,481.33,432.78,529.89
Hastings-Flinders,flat,3,3915.0,3,2026 Q2,550.0,562.25,513.69,610.8
Hastings-Flinders,house,2,3915.0,3,2026 Q2,498.0,509.77,461.21,558.32
Hastings-Flinders,house,3,3915.0,3,2026 Q2,595.0,607.43,558.87,655.99
Hastings-Flinders,house,4,3915.0,3,2026 Q2,750.0,759.12,710.56,807.68
Hawthorn,flat,1,3122.0,3,2026 Q2,450.0,466.16,417.61,514.72
Hawthorn,flat,2,3122.0,3,2026 Q2,600.0,614.2,565.64,662.76
Hawthorn,flat,3,3122.0,3,2026 Q2,850.0,858.15,809.59,906.71
Hawthorn,house,2,3122.0,3,2026 Q2,710.0,715.92,667.36,764.48
Hawthorn,house,3,3122.0,3,2026 Q2,950.0,957.19,908.63,1005.74
Hawthorn,house,4,3122.0,3,2026 Q2,1500.0,1517.11,1468.55,1565.67
Heidelberg-Heidelberg West,flat,1,3084.0,3,2026 Q2,450.0,458.7,410.14,507.26
Heidelberg-Heidelberg West,flat,2,3084.0,3,2026 Q2,530.0,537.2,488.64,585.76
Heidelberg-Heidelberg West,flat,3,3084.0,3,2026 Q2,650.0,658.93,610.37,707.48
Heidelberg-Heidelberg West,house,2,3084.0,3,2026 Q2,510.0,521.82,473.26,570.38
Heidelberg-Heidelberg West,house,3,3084.0,3,2026 Q2,600.0,610.49,561.93,659.05
Heidelberg-Heidelberg West,house,4,3084.0,3,2026 Q2,795.0,802.4,753.85,850.96
Herne Hill-Geelong West,flat,1,3218.0,3,2026 Q2,340.0,350.12,301.57,398.68
Herne Hill-Geelong West,flat,2,3218.0,3,2026 Q2,410.0,421.31,372.75,469.87
Herne Hill-Geelong West,flat,3,3218.0,3,2026 Q2,575.0,585.41,536.85,633.97
Herne Hill-Geelong West,house,2,3218.0,3,2026 Q2,460.0,469.36,420.8,517.92
Herne Hill-Geelong West,house,3,3218.0,3,2026 Q2,520.0,532.72,484.16,581.28
Herne Hill-Geelong West,house,4,3218.0,3,2026 Q2,660.0,672.1,623.55,720.66
Horsham,flat,1,3400.0,3,2026 Q2,250.0,253.05,204.49,301.6
Horsham,flat,2,3400.0,3,2026 Q2,320.0,331.89,283.33,380.45
Horsham,flat,3,3400.0,3,2026 Q2,415.0,427.86,379.31,476.42
Horsham,house,2,3400.0,3,2026 Q2,350.0,359.29,310.73,407.85
Horsham,house,3,3400.0,3,2026 Q2,430.0,444.4,395.84,492.96
Horsham,house,4,3400.0,3,2026 Q2,520.0,533.25,484.69,581.81
Ivanhoe-Ivanhoe East,flat,1,3079.0,3,2026 Q2,490.0,499.54,450.98,548.1
Ivanhoe-Ivanhoe East,flat,2,3079.0,3,2026 Q2,600.0,613.35,564.79,661.91
Ivanhoe-Ivanhoe East,flat,3,3079.0,3,2026 Q2,750.0,764.01,715.45,812.57
Ivanhoe-Ivanhoe East,house,2,3079.0,3,2026 Q2,600.0,613.02,564.47,661.58
Ivanhoe-Ivanhoe East,house,3,3079.0,3,2026 Q2,750.0,761.78,713.22,810.33
Ivanhoe-Ivanhoe East,house,4,3079.0,3,2026 Q2,1000.0,1002.63,954.08,1051.19
Keilor,house,4,3036.0,3,2026 Q2,730.0,736.36,687.8,784.92
Keilor East-Avondale Heights,flat,1,3033.0,3,2026 Q2,450.0,457.48,408.92,506.03
Keilor East-Avondale Heights,flat,2,3033.0,3,2026 Q2,520.0,529.47,480.91,578.02
Keilor East-Avondale Heights,flat,3,3033.0,3,2026 Q2,623.0,634.12,585.56,682.68
Keilor East-Avondale Heights,house,2,3033.0,3,2026 Q2,520.0,531.94,483.38,580.5
Keilor East-Avondale Heights,house,3,3033.0,3,2026 Q2,580.0,593.35,544.8,641.91
Keilor East-Avondale Heights,house,4,3033.0,3,2026 Q2,768.0,778.92,730.36,827.48
Kew,flat,1,3101.0,3,2026 Q2,470.0,483.23,434.67,531.79
Kew,flat,2,3101.0,3,2026 Q2,575.0,590.42,541.86,638.97
Kew,flat,3,3101.0,3,2026 Q2,850.0,859.35,810.79,907.9
Kew,house,2,3101.0,3,2026 Q2,663.0,667.93,619.37,716.49
Kew,house,3,3101.0,3,2026 Q2,850.0,859.87,811.31,908.42
Kew,house,4,3101.0,3,2026 Q2,1300.0,1303.29,1254.73,1351.85
Lara,flat,2,3212.0,3,2026 Q2,415.0,425.28,376.72,473.83
Lara,flat,3,3212.0,3,2026 Q2,485.0,498.29,449.73,546.84
Lara,house,2,3212.0,3,2026 Q2,430.0,441.77,393.21,490.33
Lara,house,3,3212.0,3,2026 Q2,500.0,511.82,463.26,560.38
Lara,house,4,3212.0,3,2026 Q2,580.0,590.71,542.15,639.27
Malvern,flat,1,3144.0,3,2026 Q2,450.0,464.29,415.73,512.85
Malvern,flat,2,3144.0,3,2026 Q2,600.0,614.0,565.45,662.56
Malvern,flat,3,3144.0,3,2026 Q2,908.0,915.24,866.68,963.8
Malvern,house,2,3144.0,3,2026 Q2,790.0,796.59,748.03,845.15
Malvern,house,3,3144.0,3,2026 Q2,1000.0,1001.11,952.55,1049.67
Malvern,house,4,3144.0,3,2026 Q2,1400.0,1387.54,1338.99,1436.1
Malvern East,flat,1,3145.0,3,2026 Q2,480.0,493.26,444.7,541.81
Malvern East,flat,2,3145.0,3,2026 Q2,600.0,611.68,563.12,660.24
Malvern East,flat,3,3145.0,3,2026 Q2,800.0,807.73,759.17,856.29
Malvern East,house,2,3145.0,3,2026 Q2,650.0,661.91,613.35,710.46
Malvern East,house,3,3145.0,3,2026 Q2,750.0,758.0,709.45,806.56
Malvern East,house,4,3145.0,3,2026 Q2,1150.0,1147.86,1099.3,1196.42
Melton,flat,1,3337.0,3,2026 Q2,350.0,354.16,305.6,402.72
Melton,flat,2,3337.0,3,2026 Q2,365.0,375.42,326.86,423.98
Melton,flat,3,3337.0,3,2026 Q2,400.0,410.81,362.25,459.37
Melton,house,2,3337.0,3,2026 Q2,375.0,382.71,334.15,431.26
Melton,house,3,3337.0,3,2026 Q2,420.0,430.46,381.9,479.02
Melton,house,4,3337.0,3,2026 Q2,470.0,482.21,433.65,530.76
Mentone-Parkdale-Mordialloc,flat,1,3194.0,3,2026 Q2,405.0,418.09,369.53,466.65
Mentone-Parkdale-Mordialloc,flat,2,3194.0,3,2026 Q2,550.0,563.12,514.57,611.68
Mentone-Parkdale-Mordialloc,flat,3,3194.0,3,2026 Q2,720.0,726.81,678.26,775.37
Mentone-Parkdale-Mordialloc,house,2,3194.0,3,2026 Q2,600.0,611.13,562.57,659.69
Mentone-Parkdale-Mordialloc,house,3,3194.0,3,2026 Q2,750.0,761.01,712.46,809.57
Mentone-Parkdale-Mordialloc,house,4,3194.0,3,2026 Q2,910.0,917.06,868.5,965.62
Mildura,flat,1,3500.0,3,2026 Q2,280.0,289.38,240.82,337.94
Mildura,flat,2,3500.0,3,2026 Q2,350.0,360.68,312.12,409.24
Mildura,flat,3,3500.0,3,2026 Q2,450.0,460.1,411.54,508.66
Mildura,house,2,3500.0,3,2026 Q2,380.0,389.54,340.98,438.1
Mildura,house,3,3500.0,3,2026 Q2,480.0,491.63,443.07,540.19
Mildura,house,4,3500.0,3,2026 Q2,580.0,591.17,542.61,639.73
Mill Park-Epping,flat,1,3076.0,3,2026 Q2,400.0,408.53,359.97,457.09
Mill Park-Epping,flat,2,3076.0,3,2026 Q2,450.0,458.05,409.5,506.61
Mill Park-Epping,flat,3,3076.0,3,2026 Q2,520.0,531.98,483.43,580.54
Mill Park-Epping,house,2,3076.0,3,2026 Q2,480.0,488.74,440.18,537.29
Mill Park-Epping,house,3,3076.0,3,2026 Q2,530.0,540.51,491.95,589.06
Mill Park-Epping,house,4,3076.0,3,2026 Q2,600.0,610.42,561.86,658.98
Moe-Newborough,flat,1,3825.0,3,2026 Q2,250.0,258.5,209.94,307.06
Moe-Newborough,flat,2,3825.0,3,2026 Q2,310.0,321.0,272.44,369.56
Moe-Newborough,house,2,3825.0,3,2026 Q2,350.0,359.86,311.3,408.41
Moe-Newborough,house,3,3825.0,3,2026 Q2,420.0,432.24,383.68,480.8
Moe-Newborough,house,4,3825.0,3,2026 Q2,525.0,532.37,483.81,580.93
Moonee Ponds-Ascot Vale,flat,1,3039.0,3,2026 Q2,450.0,461.09,412.53,509.64
Moonee Ponds-Ascot Vale,flat,2,3039.0,3,2026 Q2,550.0,563.02,514.46,611.58
Moonee Ponds-Ascot Vale,flat,3,3039.0,3,2026 Q2,730.0,738.85,690.29,787.41
Moonee Ponds-Ascot Vale,house,2,3039.0,3,2026 Q2,620.0,628.94,580.38,677.5
Moonee Ponds-Ascot Vale,house,3,3039.0,3,2026 Q2,750.0,763.17,714.61,811.73
Moonee Ponds-Ascot Vale,house,4,3039.0,3,2026 Q2,995.0,1001.34,952.78,1049.9
Morwell,flat,1,3840.0,3,2026 Q2,275.0,284.7,236.14,333.25
Morwell,flat,2,3840.0,3,2026 Q2,320.0,331.61,283.05,380.17
Morwell,house,2,3840.0,3,2026 Q2,350.0,360.64,312.08,409.2
Morwell,house,3,3840.0,3,2026 Q2,400.0,411.86,363.3,460.42
Morwell,house,4,3840.0,3,2026 Q2,493.0,506.78,458.22,555.34
Mount Clear-Buninyong,flat,2,3357.0,3,2026 Q2,360.0,370.53,321.97,419.09
Mount Clear-Buninyong,flat,3,3357.0,3,2026 Q2,390.0,402.92,354.36,451.48
Mount Clear-Buninyong,house,3,3357.0,3,2026 Q2,430.0,444.17,395.61,492.73
Mount Clear-Buninyong,house,4,3357.0,3,2026 Q2,480.0,492.19,443.64,540.75
Mount Waverley,flat,1,3149.0,3,2026 Q2,280.0,298.37,249.81,346.93
Mount Waverley,flat,2,3149.0,3,2026 Q2,540.0,552.93,504.37,601.48
Mount Waverley,flat,3,3149.0,3,2026 Q2,700.0,711.13,662.57,759.68
Mount Waverley,house,2,3149.0,3,2026 Q2,570.0,581.44,532.88,629.99
Mount Waverley,house,3,3149.0,3,2026 Q2,660.0,670.7,622.15,719.26
Mount Waverley,house,4,3149.0,3,2026 Q2,800.0,808.51,759.95,857.07
Mt Eliza-Mornington-Mt Martha,flat,2,3930.0,3,2026 Q2,535.0,546.06,497.51,594.62
Mt Eliza-Mornington-Mt Martha,flat,3,3930.0,3,2026 Q2,650.0,660.96,612.4,709.52
Mt Eliza-Mornington-Mt Martha,house,2,3930.0,3,2026 Q2,533.0,542.18,493.62,590.74
Mt Eliza-Mornington-Mt Martha,house,3,3930.0,3,2026 Q2,675.0,684.03,635.47,732.59
Mt Eliza-Mornington-Mt Martha,house,4,3930.0,3,2026 Q2,895.0,900.01,851.45,948.57
Murrumbeena-Hughesdale,flat,1,3163.0,3,2026 Q2,405.0,418.48,369.92,467.04
Murrumbeena-Hughesdale,flat,2,3163.0,3,2026 Q2,570.0,582.48,533.92,631.04
Murrumbeena-Hughesdale,flat,3,3163.0,3,2026 Q2,750.0,767.65,719.09,816.21
Murrumbeena-Hughesdale,house,2,3163.0,3,2026 Q2,590.0,602.77,554.21,651.33
Murrumbeena-Hughesdale,house,3,3163.0,3,2026 Q2,730.0,737.74,689.18,786.3
Murrumbeena-Hughesdale,house,4,3163.0,3,2026 Q2,1050.0,1062.18,1013.62,1110.74
Narre Warren-Hampton Park,flat,1,3805.0,3,2026 Q2,323.0,324.87,276.31,373.43
Narre Warren-Hampton Park,flat,2,3805.0,3,2026 Q2,470.0,478.34,429.78,526.9
Narre Warren-Hampton Park,flat,3,3805.0,3,2026 Q2,545.0,557.34,508.78,605.9
Narre Warren-Hampton Park,house,2,3805.0,3,2026 Q2,475.0,482.23,433.67,530.79
Narre Warren-Hampton Park,house,3,3805.0,3,2026 Q2,550.0,561.08,512.52,609.64
Narre Warren-Hampton Park,house,4,3805.0,3,2026 Q2,640.0,650.0,601.44,698.55
Newport-Spotswood,flat,1,3015.0,3,2026 Q2,455.0,463.9,415.35,512.46
Newport-Spotswood,flat,2,3015.0,3,2026 Q2,575.0,582.29,533.74,630.85
Newport-Spotswood,flat,3,3015.0,3,2026 Q2,725.0,730.3,681.74,778.86
Newport-Spotswood,house,2,3015.0,3,2026 Q2,580.0,593.39,544.83,641.95
Newport-Spotswood,house,3,3015.0,3,2026 Q2,700.0,708.38,659.82,756.94
Newport-Spotswood,house,4,3015.0,3,2026 Q2,925.0,933.15,884.59,981.71
Newtown,flat,1,3220.0,3,2026 Q2,318.0,327.63,279.08,376.19
Newtown,flat,2,3220.0,3,2026 Q2,440.0,450.81,402.25,499.36
Newtown,flat,3,3220.0,3,2026 Q2,590.0,602.31,553.75,650.86
Newtown,house,2,3220.0,3,2026 Q2,485.0,498.46,449.9,547.02
Newtown,house,3,3220.0,3,2026 Q2,570.0,580.16,531.6,628.72
Newtown,house,4,3220.0,3,2026 Q2,700.0,706.95,658.39,755.5
Noble Park,flat,1,3174.0,3,2026 Q2,370.0,380.82,332.26,429.38
Noble Park,flat,2,3174.0,3,2026 Q2,495.0,504.65,456.09,553.21
Noble Park,flat,3,3174.0,3,2026 Q2,580.0,590.11,541.55,638.67
Noble Park,house,2,3174.0,3,2026 Q2,480.0,487.73,439.17,536.29
Noble Park,house,3,3174.0,3,2026 Q2,550.0,559.34,510.78,607.9
Noble Park,house,4,3174.0,3,2026 Q2,630.0,639.23,590.67,687.79
North Bendigo,flat,1,3550.0,3,2026 Q2,320.0,337.82,289.27,386.38
North Bendigo,flat,2,3550.0,3,2026 Q2,398.0,410.85,362.29,459.41
North Bendigo,flat,3,3550.0,3,2026 Q2,475.0,492.0,443.44,540.56
North Bendigo,house,2,3550.0,3,2026 Q2,420.0,432.52,383.96,481.08
North Bendigo,house,3,3550.0,3,2026 Q2,480.0,493.38,444.82,541.94
North Bendigo,house,4,3550.0,3,2026 Q2,550.0,564.42,515.86,612.98
North Geelong,flat,1,3215.0,3,2026 Q2,330.0,339.96,291.4,388.52
North Geelong,flat,2,3215.0,3,2026 Q2,420.0,429.06,380.5,477.61
North Geelong,flat,3,3215.0,3,2026 Q2,500.0,509.74,461.18,558.3
North Geelong,house,2,3215.0,3,2026 Q2,440.0,449.71,401.15,498.27
North Geelong,house,3,3215.0,3,2026 Q2,495.0,508.18,459.62,556.74
North Geelong,house,4,3215.0,3,2026 Q2,580.0,591.9,543.35,640.46
North Melbourne-West Melbourne,flat,1,3051.0,3,2026 Q2,525.0,539.63,491.08,588.19
North Melbourne-West Melbourne,flat,2,3051.0,3,2026 Q2,660.0,672.38,623.82,720.94
North Melbourne-West Melbourne,flat,3,3051.0,3,2026 Q2,882.0,887.54,838.98,936.1
North Melbourne-West Melbourne,house,2,3051.0,3,2026 Q2,650.0,661.73,613.17,710.28
North Melbourne-West Melbourne,house,3,3051.0,3,2026 Q2,853.0,861.53,812.97,910.09
North Melbourne-West Melbourne,house,4,3051.0,3,2026 Q2,1080.0,1085.97,1037.41,1134.52
Northcote,flat,1,3070.0,3,2026 Q2,420.0,432.99,384.43,481.55
Northcote,flat,2,3070.0,3,2026 Q2,600.0,610.94,562.38,659.5
Northcote,flat,3,3070.0,3,2026 Q2,850.0,861.2,812.64,909.76
Northcote,house,2,3070.0,3,2026 Q2,700.0,707.74,659.19,756.3
Northcote,house,3,3070.0,3,2026 Q2,850.0,855.94,807.38,904.5
Northcote,house,4,3070.0,3,2026 Q2,1250.0,1261.26,1212.7,1309.81
Nunawading-Mitcham,flat,1,3132.0,3,2026 Q2,435.0,445.29,396.73,493.84
Nunawading-Mitcham,flat,2,3132.0,3,2026 Q2,520.0,532.15,483.59,580.7
Nunawading-Mitcham,flat,3,3132.0,3,2026 Q2,650.0,658.25,609.7,706.81
Nunawading-Mitcham,house,2,3132.0,3,2026 Q2,525.0,537.44,488.88,586.0
Nunawading-Mitcham,house,3,3132.0,3,2026 Q2,625.0,638.41,589.85,686.97
Nunawading-Mitcham,house,4,3132.0,3,2026 Q2,745.0,757.25,708.69,805.81
Oak Park-Glenroy-Fawkner,flat,1,3046.0,3,2026 Q2,385.0,394.09,345.53,442.65
Oak Park-Glenroy-Fawkner,flat,2,3046.0,3,2026 Q2,490.0,499.63,451.07,548.18
Oak Park-Glenroy-Fawkner,flat,3,3046.0,3,2026 Q2,600.0,607.87,559.32,656.43
Oak Park-Glenroy-Fawkner,house,2,3046.0,3,2026 Q2,500.0,509.39,460.83,557.95
Oak Park-Glenroy-Fawkner,house,3,3046.0,3,2026 Q2,551.0,561.14,512.58,609.7
Oak Park-Glenroy-Fawkner,house,4,3046.0,3,2026 Q2,660.0,671.28,622.72,719.84
Ocean Grove-Barwon Heads,flat,2,3226.0,3,2026 Q2,468.0,478.42,429.86,526.97
Ocean Grove-Barwon Heads,flat,3,3226.0,3,2026 Q2,560.0,566.69,518.14,615.25
Ocean Grove-Barwon Heads,house,2,3226.0,3,2026 Q2,520.0,533.01,484.45,581.57
Ocean Grove-Barwon Heads,house,3,3226.0,3,2026 Q2,550.0,560.51,511.95,609.07
Ocean Grove-Barwon Heads,house,4,3226.0,3,2026 Q2,650.0,662.18,613.62,710.74
Pakenham,flat,2,3810.0,3,2026 Q2,450.0,459.85,411.29,508.4
Pakenham,flat,3,3810.0,3,2026 Q2,500.0,511.48,462.93,560.04
Pakenham,house,2,3810.0,3,2026 Q2,460.0,469.72,421.16,518.28
Pakenham,house,3,3810.0,3,2026 Q2,530.0,541.33,492.77,589.89
Pakenham,house,4,3810.0,3,2026 Q2,590.0,601.33,552.77,649.89
Pascoe Vale-Coburg North,flat,1,3044.0,3,2026 Q2,280.0,291.58,243.02,340.14
Pascoe Vale-Coburg North,flat,2,3044.0,3,2026 Q2,500.0,508.36,459.81,556.92
Pascoe Vale-Coburg North,flat,3,3044.0,3,2026 Q2,628.0,637.52,588.96,686.08
Pascoe Vale-Coburg North,house,2,3044.0,3,2026 Q2,540.0,549.24,500.68,597.8
Pascoe Vale-Coburg North,house,3,3044.0,3,2026 Q2,620.0,629.11,580.55,677.67
Pascoe Vale-Coburg North,house,4,3044.0,3,2026 Q2,785.0,789.28,740.72,837.83
Port Melbourne,flat,1,3207.0,3,2026 Q2,550.0,563.88,515.32,612.44
Port Melbourne,flat,2,3207.0,3,2026 Q2,745.0,759.08,710.52,807.64
Port Melbourne,flat,3,3207.0,3,2026 Q2,1175.0,1183.1,1134.54,1231.65
Port Melbourne,house,2,3207.0,3,2026 Q2,740.0,755.42,706.86,803.98
Port Melbourne,house,3,3207.0,3,2026 Q2,980.0,985.54,936.98,1034.09
Port Melbourne,house,4,3207.0,3,2026 Q2,1125.0,1126.36,1077.8,1174.92
Portland,flat,1,3305.0,3,2026 Q2,345.0,355.21,306.65,403.76
Portland,flat,2,3305.0,3,2026 Q2,350.0,358.14,309.59,406.7
Portland,flat,3,3305.0,3,2026 Q2,475.0,490.53,441.97,539.08
Portland,house,2,3305.0,3,2026 Q2,380.0,387.55,338.99,436.11
Portland,house,3,3305.0,3,2026 Q2,430.0,440.6,392.04,489.15
Portland,house,4,3305.0,3,2026 Q2,565.0,572.49,523.93,621.04
Prahran-Windsor,flat,1,3181.0,3,2026 Q2,460.0,477.58,429.02,526.14
Prahran-Windsor,flat,2,3181.0,3,2026 Q2,650.0,666.04,617.48,714.59
Prahran-Windsor,flat,3,3181.0,3,2026 Q2,950.0,961.75,913.19,1010.31
Prahran-Windsor,house,2,3181.0,3,2026 Q2,775.0,785.74,737.18,834.3
Prahran-Windsor,house,3,3181.0,3,2026 Q2,975.0,982.61,934.05,1031.16
Prahran-Windsor,house,4,3181.0,3,2026 Q2,1350.0,1349.32,1300.76,1397.88
Preston,flat,1,3072.0,3,2026 Q2,440.0,454.46,405.9,503.02
Preston,flat,2,3072.0,3,2026 Q2,550.0,562.14,513.59,610.7
Preston,flat,3,3072.0,3,2026 Q2,695.0,704.23,655.67,752.79
Preston,house,2,3072.0,3,2026 Q2,588.0,598.79,550.23,647.35
Preston,house,3,3072.0,3,2026 Q2,675.0,688.18,639.62,736.74
Preston,house,4,3072.0,3,2026 Q2,925.0,935.71,887.15,984.27
Reservoir,flat,1,3073.0,3,2026 Q2,400.0,408.82,360.26,457.38
Reservoir,flat,2,3073.0,3,2026 Q2,500.0,510.37,461.82,558.93
Reservoir,flat,3,3073.0,3,2026 Q2,620.0,631.6,583.04,680.15
Reservoir,house,2,3073.0,3,2026 Q2,500.0,509.32,460.77,557.88
Reservoir,house,3,3073.0,3,2026 Q2,560.0,571.84,523.28,620.4
Reservoir,house,4,3073.0,3,2026 Q2,700.0,714.22,665.67,762.78
Richmond-Burnley,flat,1,3121.0,3,2026 Q2,510.0,526.52,477.97,575.08
Richmond-Burnley,flat,2,3121.0,3,2026 Q2,700.0,712.6,664.04,761.15
Richmond-Burnley,flat,3,3121.0,3,2026 Q2,1000.0,1003.67,955.12,1052.23
Richmond-Burnley,house,2,3121.0,3,2026 Q2,750.0,762.27,713.72,810.83
Richmond-Burnley,house,3,3121.0,3,2026 Q2,990.0,999.15,950.59,1047.71
Richmond-Burnley,house,4,3121.0,3,2026 Q2,1315.0,1317.03,1268.47,1365.59
Ringwood,flat,1,3134.0,3,2026 Q2,440.0,451.79,403.23,500.35
Ringwood,flat,2,3134.0,3,2026 Q2,520.0,531.6,483.04,580.16
Ringwood,flat,3,3134.0,3,2026 Q2,620.0,628.79,580.23,677.35
Ringwood,house,2,3134.0,3,2026 Q2,520.0,531.0,482.44,579.55
Ringwood,house,3,3134.0,3,2026 Q2,600.0,610.84,562.28,659.4
Ringwood,house,4,3134.0,3,2026 Q2,710.0,720.32,671.76,768.87
Rowville,flat,2,3178.0,3,2026 Q2,530.0,537.64,489.08,586.19
Rowville,flat,3,3178.0,3,2026 Q2,628.0,636.5,587.95,685.06
Rowville,house,3,3178.0,3,2026 Q2,600.0,608.48,559.92,657.04
Rowville,house,4,3178.0,3,2026 Q2,725.0,732.41,683.86,780.97
Sale-Maffra,flat,1,3850.0,3,2026 Q2,253.0,262.36,213.8,310.92
Sale-Maffra,flat,2,3850.0,3,2026 Q2,360.0,369.56,321.0,418.12
Sale-Maffra,flat,3,3850.0,3,2026 Q2,470.0,481.16,432.6,529.72
Sale-Maffra,house,2,3850.0,3,2026 Q2,400.0,411.02,362.46,459.58
Sale-Maffra,house,3,3850.0,3,2026 Q2,450.0,461.11,412.55,509.66
Sale-Maffra,house,4,3850.0,3,2026 Q2,550.0,563.16,514.6,611.71
Seaford-Carrum Downs,flat,1,3198.0,3,2026 Q2,380.0,391.7,343.14,440.26
Seaford-Carrum Downs,flat,2,3198.0,3,2026 Q2,470.0,480.8,432.24,529.36
Seaford-Carrum Downs,flat,3,3198.0,3,2026 Q2,560.0,571.08,522.52,619.64
Seaford-Carrum Downs,house,2,3198.0,3,2026 Q2,490.0,501.07,452.51,549.63
Seaford-Carrum Downs,house,3,3198.0,3,2026 Q2,560.0,572.3,523.74,620.86
Seaford-Carrum Downs,house,4,3198.0,3,2026 Q2,660.0,670.89,622.34,719.45
Sebastopol-Delacombe,flat,1,3356.0,3,2026 Q2,300.0,305.54,256.99,354.1
Sebastopol-Delacombe,flat,2,3356.0,3,2026 Q2,350.0,359.22,310.66,407.78
Sebastopol-Delacombe,flat,3,3356.0,3,2026 Q2,390.0,400.77,352.21,449.33
Sebastopol-Delacombe,house,2,3356.0,3,2026 Q2,360.0,370.04,321.48,418.6
Sebastopol-Delacombe,house,3,3356.0,3,2026 Q2,400.0,411.61,363.06,460.17
Sebastopol-Delacombe,house,4,3356.0,3,2026 Q2,455.0,467.89,419.33,516.45
Seymour,flat,1,3660.0,3,2026 Q2,275.0,282.58,234.03,331.14
Seymour,flat,2,3660.0,3,2026 Q2,360.0,369.74,321.18,418.3
Seymour,house,2,3660.0,3,2026 Q2,380.0,386.36,337.8,434.92
Seymour,house,3,3660.0,3,2026 Q2,420.0,431.83,383.27,480.38
Seymour,house,4,3660.0,3,2026 Q2,530.0,540.84,492.29,589.4
Shepparton,flat,1,3630.0,3,2026 Q2,290.0,300.28,251.72,348.84
Shepparton,flat,2,3630.0,3,2026 Q2,385.0,396.96,348.4,445.52
Shepparton,flat,3,3630.0,3,2026 Q2,490.0,499.98,451.42,548.54
Shepparton,house,2,3630.0,3,2026 Q2,390.0,400.11,351.55,448.66
Shepparton,house,3,3630.0,3,2026 Q2,475.0,487.54,438.98,536.1
Shepparton,house,4,3630.0,3,2026 Q2,590.0,601.13,552.57,649.68
South Melbourne,flat,1,3205.0,3,2026 Q2,548.0,562.25,513.69,610.8
South Melbourne,flat,2,3205.0,3,2026 Q2,700.0,713.14,664.58,761.7
South Melbourne,flat,3,3205.0,3,2026 Q2,950.0,952.06,903.5,1000.61
South Melbourne,house,2,3205.0,3,2026 Q2,750.0,764.14,715.58,812.7
South Melbourne,house,3,3205.0,3,2026 Q2,950.0,950.88,902.32,999.44
South Yarra,flat,1,3141.0,3,2026 Q2,500.0,515.11,466.55,563.66
South Yarra,flat,2,3141.0,3,2026 Q2,700.0,711.24,662.69,759.8
South Yarra,flat,3,3141.0,3,2026 Q2,1100.0,1108.47,1059.91,1157.02
South Yarra,house,2,3141.0,3,2026 Q2,780.0,789.3,740.74,837.86
South Yarra,house,3,3141.0,3,2026 Q2,1100.0,1100.62,1052.06,1149.18
South Yarra,house,4,3141.0,3,2026 Q2,1700.0,1680.73,1632.17,1729.29
Southbank,flat,1,3006.0,3,2026 Q2,570.0,586.31,537.76,634.87
Southbank,flat,2,3006.0,3,2026 Q2,720.0,732.02,683.46,780.57
Southbank,flat,3,3006.0,3,2026 Q2,1010.0,1014.39,965.83,1062.95
Springvale,flat,1,3171.0,3,2026 Q2,370.0,381.84,333.28,430.4
Springvale,flat,2,3171.0,3,2026 Q2,520.0,531.42,482.87,579.98
Springvale,flat,3,3171.0,3,2026 Q2,650.0,661.45,612.89,710.01
Springvale,house,2,3171.0,3,2026 Q2,510.0,520.51,471.95,569.07
Springvale,house,3,3171.0,3,2026 Q2,570.0,582.43,533.87,630.99
Springvale,house,4,3171.0,3,2026 Q2,683.0,694.7,646.14,743.26
St Albans-Deer Park,flat,1,3021.0,3,2026 Q2,330.0,339.87,291.31,388.43
St Albans-Deer Park,flat,2,3021.0,3,2026 Q2,420.0,429.92,381.36,478.48
St Albans-Deer Park,flat,3,3021.0,3,2026 Q2,482.0,492.79,444.23,541.35
St Albans-Deer Park,house,2,3021.0,3,2026 Q2,420.0,428.43,379.87,476.99
St Albans-Deer Park,house,3,3021.0,3,2026 Q2,470.0,482.04,433.48,530.6
St Albans-Deer Park,house,4,3021.0,3,2026 Q2,550.0,563.12,514.57,611.68
St Kilda,flat,1,3182.0,3,2026 Q2,465.0,479.82,431.26,528.38
St Kilda,flat,2,3182.0,3,2026 Q2,630.0,643.07,594.51,691.62
St Kilda,flat,3,3182.0,3,2026 Q2,890.0,885.52,836.97,934.08
St Kilda,house,2,3182.0,3,2026 Q2,728.0,732.33,683.77,780.89
St Kilda,house,3,3182.0,3,2026 Q2,950.0,956.88,908.32,1005.44
St Kilda,house,4,3182.0,3,2026 Q2,1105.0,1096.91,1048.35,1145.47
Sunbury,flat,2,3429.0,3,2026 Q2,440.0,451.27,402.71,499.82
Sunbury,flat,3,3429.0,3,2026 Q2,480.0,491.2,442.64,539.76
Sunbury,house,2,3429.0,3,2026 Q2,440.0,449.46,400.9,498.01
Sunbury,house,3,3429.0,3,2026 Q2,490.0,502.05,453.49,550.61
Sunbury,house,4,3429.0,3,2026 Q2,570.0,580.53,531.97,629.09
Sunshine,flat,1,3020.0,3,2026 Q2,330.0,338.9,290.34,387.46
Sunshine,flat,2,3020.0,3,2026 Q2,410.0,417.23,368.67,465.78
Sunshine,flat,3,3020.0,3,2026 Q2,530.0,538.59,490.03,587.14
Sunshine,house,2,3020.0,3,2026 Q2,460.0,468.47,419.91,517.03
Sunshine,house,3,3020.0,3,2026 Q2,495.0,507.68,459.13,556.24
Sunshine,house,4,3020.0,3,2026 Q2,600.0,611.95,563.39,660.5
Swan Hill,flat,1,3585.0,3,2026 Q2,245.0,256.44,207.88,305.0
Swan Hill,flat,2,3585.0,3,2026 Q2,355.0,364.04,315.49,412.6
Swan Hill,house,3,3585.0,3,2026 Q2,475.0,488.96,440.4,537.51
Swan Hill,house,4,3585.0,3,2026 Q2,560.0,570.33,521.77,618.88
Sydenham,flat,2,3037.0,3,2026 Q2,450.0,457.73,409.17,506.28
Sydenham,flat,3,3037.0,3,2026 Q2,460.0,469.09,420.53,517.65
Sydenham,house,2,3037.0,3,2026 Q2,440.0,448.63,400.07,497.19
Sydenham,house,3,3037.0,3,2026 Q2,480.0,490.45,441.89,539.01
Sydenham,house,4,3037.0,3,2026 Q2,530.0,541.09,492.54,589.65
Thomastown-Lalor,flat,1,3074.0,3,2026 Q2,375.0,383.53,334.98,432.09
Thomastown-Lalor,flat,2,3074.0,3,2026 Q2,450.0,458.57,410.01,507.12
Thomastown-Lalor,flat,3,3074.0,3,2026 Q2,501.0,510.82,462.26,559.38
Thomastown-Lalor,house,2,3074.0,3,2026 Q2,470.0,480.71,432.15,529.27
Thomastown-Lalor,house,3,3074.0,3,2026 Q2,510.0,521.16,472.6,569.72
Thomastown-Lalor,house,4,3074.0,3,2026 Q2,590.0,601.84,553.28,650.4
Thornbury,flat,1,3071.0,3,2026 Q2,400.0,413.99,365.43,462.54
Thornbury,flat,2,3071.0,3,2026 Q2,520.0,534.36,485.8,582.92
Thornbury,flat,3,3071.0,3,2026 Q2,748.0,760.29,711.73,808.84
Thornbury,house,2,3071.0,3,2026 Q2,650.0,657.87,609.31,706.43
Thornbury,house,3,3071.0,3,2026 Q2,798.0,807.65,759.09,856.21
Thornbury,house,4,3071.0,3,2026 Q2,960.0,960.35,911.79,1008.91
Toorak,flat,1,3142.0,3,2026 Q2,445.0,459.9,411.34,508.46
Toorak,flat,2,3142.0,3,2026 Q2,650.0,660.8,612.24,709.36
Toorak,flat,3,3142.0,3,2026 Q2,1000.0,1006.99,958.44,1055.55
Toorak,house,2,3142.0,3,2026 Q2,695.0,704.53,655.97,753.08
Toorak,house,3,3142.0,3,2026 Q2,1250.0,1242.44,1193.88,1290.99
Toorak,house,4,3142.0,3,2026 Q2,1875.0,1864.6,1816.04,1913.16
Torquay,flat,2,3228.0,3,2026 Q2,500.0,509.94,461.38,558.5
Torquay,flat,3,3228.0,3,2026 Q2,660.0,671.81,623.25,720.36
Torquay,house,2,3228.0,3,2026 Q2,535.0,541.81,493.25,590.37
Torquay,house,3,3228.0,3,2026 Q2,650.0,658.93,610.37,707.49
Torquay,house,4,3228.0,3,2026 Q2,750.0,764.5,715.94,813.06
Traralgon,flat,1,3844.0,3,2026 Q2,293.0,303.43,254.87,351.99
Traralgon,flat,2,3844.0,3,2026 Q2,365.0,375.6,327.05,424.16
Traralgon,flat,3,3844.0,3,2026 Q2,488.0,502.06,453.5,550.61
Traralgon,house,2,3844.0,3,2026 Q2,390.0,400.27,351.72,448.83
Traralgon,house,3,3844.0,3,2026 Q2,460.0,473.08,424.52,521.63
Traralgon,house,4,3844.0,3,2026 Q2,580.0,593.35,544.79,641.91
Vermont-Forest Hill-Burwood East,flat,1,3133.0,3,2026 Q2,530.0,537.35,488.79,585.9
Vermont-Forest Hill-Burwood East,flat,2,3133.0,3,2026 Q2,578.0,588.04,539.48,636.6
Vermont-Forest Hill-Burwood East,flat,3,3133.0,3,2026 Q2,650.0,657.88,609.32,706.44
Vermont-Forest Hill-Burwood East,house,2,3133.0,3,2026 Q2,540.0,550.06,501.5,598.62
Vermont-Forest Hill-Burwood East,house,3,3133.0,3,2026 Q2,630.0,643.14,594.58,691.7
Vermont-Forest Hill-Burwood East,house,4,3133.0,3,2026 Q2,750.0,759.65,711.09,808.2
Wanagaratta,flat,1,3677.0,3,2026 Q2,267.0,273.07,224.51,321.63
Wanagaratta,flat,2,3677.0,3,2026 Q2,350.0,359.08,310.52,407.64
Wanagaratta,flat,3,3677.0,3,2026 Q2,420.0,425.88,377.33,474.44
Wanagaratta,house,2,3677.0,3,2026 Q2,400.0,409.65,361.09,458.21
Wanagaratta,house,3,3677.0,3,2026 Q2,480.0,493.06,444.51,541.62
Wanagaratta,house,4,3677.0,3,2026 Q2,555.0,563.14,514.58,611.69
Wantirna-Scoresby,flat,1,3152.0,3,2026 Q2,287.0,283.8,235.25,332.36
Wantirna-Scoresby,flat,2,3152.0,3,2026 Q2,510.0,515.47,466.91,564.02
Wantirna-Scoresby,flat,3,3152.0,3,2026 Q2,610.0,620.02,571.46,668.57
Wantirna-Scoresby,house,2,3152.0,3,2026 Q2,550.0,560.32,511.76,608.87
Wantirna-Scoresby,house,3,3152.0,3,2026 Q2,597.0,608.65,560.09,657.21
Wantirna-Scoresby,house,4,3152.0,3,2026 Q2,700.0,709.51,660.95,758.07
Warragul,flat,2,3820.0,3,2026 Q2,410.0,421.7,373.14,470.26
Warragul,house,2,3820.0,3,2026 Q2,420.0,430.29,381.74,478.85
Warragul,house,3,3820.0,3,2026 Q2,483.0,495.12,446.56,543.68
Warragul,house,4,3820.0,3,2026 Q2,590.0,601.92,553.36,650.48
Warrnambool,flat,1,3280.0,3,2026 Q2,345.0,356.22,307.66,404.77
Warrnambool,flat,2,3280.0,3,2026 Q2,420.0,431.52,382.97,480.08
Warrnambool,flat,3,3280.0,3,2026 Q2,500.0,510.24,461.68,558.8
Warrnambool,house,2,3280.0,3,2026 Q2,450.0,458.59,410.03,507.15
Warrnambool,house,3,3280.0,3,2026 Q2,550.0,560.83,512.28,609.39
Warrnambool,house,4,3280.0,3,2026 Q2,680.0,691.9,643.34,740.45
Wendouree-Alfredton,flat,1,3355.0,3,2026 Q2,285.0,292.62,244.06,341.18
Wendouree-Alfredton,flat,2,3355.0,3,2026 Q2,350.0,358.96,310.4,407.52
Wendouree-Alfredton,flat,3,3355.0,3,2026 Q2,413.0,424.18,375.62,472.74
Wendouree-Alfredton,house,2,3355.0,3,2026 Q2,370.0,378.78,330.23,427.34
Wendouree-Alfredton,house,3,3355.0,3,2026 Q2,410.0,421.27,372.71,469.83
Wendouree-Alfredton,house,4,3355.0,3,2026 Q2,480.0,493.29,444.73,541.85
Werribee-Hoppers Crossing,flat,1,3030.0,3,2026 Q2,350.0,356.55,307.99,405.11
Werribee-Hoppers Crossing,flat,2,3030.0,3,2026 Q2,405.0,412.87,364.31,461.42
Werribee-Hoppers Crossing,flat,3,3030.0,3,2026 Q2,450.0,458.92,410.36,507.48
Werribee-Hoppers Crossing,house,2,3030.0,3,2026 Q2,420.0,428.23,379.67,476.79
Werribee-Hoppers Crossing,house,3,3030.0,3,2026 Q2,460.0,468.68,420.12,517.24
Werribee-Hoppers Crossing,house,4,3030.0,3,2026 Q2,525.0,535.72,487.17,584.28
West Brunswick,flat,1,3055.0,3,2026 Q2,400.0,413.82,365.26,462.38
West Brunswick,flat,2,3055.0,3,2026 Q2,500.0,510.8,462.24,559.35
West Brunswick,flat,3,3055.0,3,2026 Q2,725.0,736.09,687.53,784.65
West Brunswick,house,2,3055.0,3,2026 Q2,590.0,599.06,550.5,647.62
West Brunswick,house,3,3055.0,3,2026 Q2,755.0,763.31,714.76,811.87
West Brunswick,house,4,3055.0,3,2026 Q2,1000.0,1016.48,967.92,1065.04
West Footscray,flat,1,3012.0,3,2026 Q2,365.0,377.48,328.93,426.04
West Footscray,flat,2,3012.0,3,2026 Q2,475.0,484.78,436.22,533.33
West Footscray,flat,3,3012.0,3,2026 Q2,620.0,631.19,582.63,679.75
West Footscray,house,2,3012.0,3,2026 Q2,500.0,509.27,460.71,557.83
West Footscray,house,3,3012.0,3,2026 Q2,600.0,609.77,561.21,658.33
West Footscray,house,4,3012.0,3,2026 Q2,725.0,735.67,687.11,784.22
Whittlesea,flat,2,3757.0,3,2026 Q2,440.0,446.93,398.37,495.49
Whittlesea,flat,3,3757.0,3,2026 Q2,500.0,508.61,460.05,557.17
Whittlesea,house,2,3757.0,3,2026 Q2,450.0,457.51,408.95,506.07
Whittlesea,house,3,3757.0,3,2026 Q2,510.0,518.9,470.34,567.46
Whittlesea,house,4,3757.0,3,2026 Q2,550.0,559.35,510.79,607.91
Williamstown,flat,1,3016.0,3,2026 Q2,420.0,423.52,374.96,472.08
Williamstown,flat,2,3016.0,3,2026 Q2,523.0,532.92,484.36,581.48
Williamstown,flat,3,3016.0,3,2026 Q2,670.0,681.7,633.14,730.26
Williamstown,house,2,3016.0,3,2026 Q2,600.0,606.77,558.21,655.33
Williamstown,house,3,3016.0,3,2026 Q2,800.0,810.26,761.7,858.82
Williamstown,house,4,3016.0,3,2026 Q2,1000.0,1011.07,962.51,1059.63
Wodonga,flat,1,3690.0,3,2026 Q2,290.0,301.39,252.84,349.95
Wodonga,flat,2,3690.0,3,2026 Q2,385.0,397.94,349.38,446.5
Wodonga,flat,3,3690.0,3,2026 Q2,450.0,461.14,412.58,509.7
Wodonga,house,2,3690.0,3,2026 Q2,418.0,427.05,378.5,475.61
Wodonga,house,3,3690.0,3,2026 Q2,500.0,511.67,463.11,560.23
Wodonga,house,4,3690.0,3,2026 Q2,590.0,601.4,552.84,649.96
Yarra Ranges,flat,1,3138.0,3,2026 Q2,350.0,358.34,309.78,406.9
Yarra Ranges,flat,2,3138.0,3,2026 Q2,488.0,502.39,453.83,550.95
Yarra Ranges,flat,3,3138.0,3,2026 Q2,550.0,561.88,513.33,610.44
Yarra Ranges,house,2,3138.0,3,2026 Q2,500.0,509.94,461.38,558.5
Yarra Ranges,house,3,3138.0,3,2026 Q2,595.0,606.85,558.29,655.4
Yarra Ranges,house,4,3138.0,3,2026 Q2,695.0,703.13,654.58,751.69
Yarraville-Seddon,flat,1,3013.0,3,2026 Q2,393.0,405.45,356.9,454.01
Yarraville-Seddon,flat,2,3013.0,3,2026 Q2,520.0,532.64,484.09,581.2
Yarraville-Seddon,flat,3,3013.0,3,2026 Q2,730.0,742.33,693.77,790.89
Yarraville-Seddon,house,2,3013.0,3,2026 Q2,600.0,607.05,558.49,655.61
Yarraville-Seddon,house,3,3013.0,3,2026 Q2,720.0,730.76,682.2,779.32
Yarraville-Seddon,house,4,3013.0,3,2026 Q2,850.0,854.71,806.15,903.26
Albert Park-Middle Park-West St Kilda,flat,1,3206.0,4,2026 Q3,450.0,470.03,402.25,537.81
Albert Park-Middle Park-West St Kilda,flat,2,3206.0,4,2026 Q3,643.0,658.52,590.74,726.3
Albert Park-Middle Park-West St Kilda,flat,3,3206.0,4,2026 Q3,825.0,824.14,756.36,891.92
Albert Park-Middle Park-West St Kilda,house,2,3206.0,4,2026 Q3,760.0,768.71,700.93,836.49
Albert Park-Middle Park-West St Kilda,house,3,3206.0,4,2026 Q3,1150.0,1153.9,1086.12,1221.68
Albert Park-Middle Park-West St Kilda,house,4,3206.0,4,2026 Q3,1400.0,1385.11,1317.33,1452.89
Altona,flat,1,3018.0,4,2026 Q3,385.0,399.95,332.17,467.73
Altona,flat,2,3018.0,4,2026 Q3,475.0,488.05,420.27,555.83
Altona,flat,3,3018.0,4,2026 Q3,550.0,562.76,494.98,630.54
Altona,house,2,3018.0,4,2026 Q3,490.0,503.47,435.69,571.25
Altona,house,3,3018.0,4,2026 Q3,530.0,545.49,477.72,613.27
Altona,house,4,3018.0,4,2026 Q3,580.0,596.71,528.94,664.49
Armadale,flat,1,3143.0,4,2026 Q3,450.0,468.99,401.21,536.77
Armadale,flat,2,3143.0,4,2026 Q3,650.0,667.65,599.87,735.43
Armadale,flat,3,3143.0,4,2026 Q3,1000.0,1021.16,953.38,1088.94
Armadale,house,2,3143.0,4,2026 Q3,830.0,847.66,779.89,915.44
Armadale,house,3,3143.0,4,2026 Q3,1100.0,1098.56,1030.78,1166.34
Armadale,house,4,3143.0,4,2026 Q3,1738.0,1758.57,1690.79,1826.35
Aspendale-Chelsea-Carrum,flat,1,3195.0,4,2026 Q3,435.0,448.35,380.57,516.13
Aspendale-Chelsea-Carrum,flat,2,3195.0,4,2026 Q3,545.0,561.94,494.16,629.72
Aspendale-Chelsea-Carrum,flat,3,3195.0,4,2026 Q3,675.0,689.01,621.23,756.79
Aspendale-Chelsea-Carrum,house,2,3195.0,4,2026 Q3,550.0,564.97,497.19,632.75
Aspendale-Chelsea-Carrum,house,3,3195.0,4,2026 Q3,680.0,692.92,625.14,760.69
Aspendale-Chelsea-Carrum,house,4,3195.0,4,2026 Q3,870.0,880.78,813.0,948.56
Bairnsdale,flat,1,3860.0,4,2026 Q3,290.0,301.72,233.94,369.5
Bairnsdale,flat,2,3860.0,4,2026 Q3,370.0,383.12,315.34,450.9
Bairnsdale,flat,3,3860.0,4,2026 Q3,458.0,472.2,404.42,539.97
Bairnsdale,house,2,3860.0,4,2026 Q3,390.0,403.01,335.23,470.79
Bairnsdale,house,3,3860.0,4,2026 Q3,460.0,474.86,407.08,542.64
Bairnsdale,house,4,3860.0,4,2026 Q3,550.0,563.58,495.8,631.36
Ballarat,flat,1,3350.0,4,2026 Q3,285.0,296.75,228.97,364.53
Ballarat,flat,2,3350.0,4,2026 Q3,360.0,373.39,305.61,441.16
Ballarat,flat,3,3350.0,4,2026 Q3,400.0,414.53,346.75,482.31
Ballarat,house,2,3350.0,4,2026 Q3,360.0,372.66,304.89,440.44
Ballarat,house,3,3350.0,4,2026 Q3,410.0,426.37,358.59,494.15
Ballarat,house,4,3350.0,4,2026 Q3,475.0,493.04,425.26,560.82
Balwyn,flat,1,3103.0,4,2026 Q3,500.0,515.97,448.19,583.75
Balwyn,flat,2,3103.0,4,2026 Q3,588.0,603.23,535.45,671.01
Balwyn,flat,3,3103.0,4,2026 Q3,798.0,807.59,739.81,875.37
Balwyn,house,2,3103.0,4,2026 Q3,570.0,584.16,516.38,651.94
Balwyn,house,3,3103.0,4,2026 Q3,750.0,768.33,700.55,836.11
Balwyn,house,4,3103.0,4,2026 Q3,1000.0,1004.88,937.1,1072.66
Bayswater,flat,1,3153.0,4,2026 Q3,393.0,409.07,341.29,476.84
Bayswater,flat,2,3153.0,4,2026 Q3,493.0,507.76,439.98,575.54
Bayswater,flat,3,3153.0,4,2026 Q3,590.0,602.31,534.53,670.09
Bayswater,house,2,3153.0,4,2026 Q3,500.0,511.93,444.15,579.7
Bayswater,house,3,3153.0,4,2026 Q3,590.0,605.23,537.45,673.01
Bayswater,house,4,3153.0,4,2026 Q3,675.0,692.0,624.22,759.78
Belmont-Grovedale,flat,1,3216.0,4,2026 Q3,340.0,356.42,288.65,424.2
Belmont-Grovedale,flat,2,3216.0,4,2026 Q3,430.0,444.56,376.78,512.34
Belmont-Grovedale,flat,3,3216.0,4,2026 Q3,500.0,517.11,449.33,584.89
Belmont-Grovedale,house,2,3216.0,4,2026 Q3,450.0,465.31,397.53,533.09
Belmont-Grovedale,house,3,3216.0,4,2026 Q3,500.0,517.69,449.91,585.47
Belmont-Grovedale,house,4,3216.0,4,2026 Q3,550.0,568.95,501.17,636.72
Benalla,flat,1,3672.0,4,2026 Q3,305.0,321.81,254.04,389.59
Benalla,flat,2,3672.0,4,2026 Q3,370.0,382.86,315.08,450.64
Benalla,house,2,3672.0,4,2026 Q3,380.0,392.08,324.31,459.86
Benalla,house,3,3672.0,4,2026 Q3,450.0,463.32,395.54,531.1
Benalla,house,4,3672.0,4,2026 Q3,570.0,587.8,520.02,655.58
Bendigo,flat,1,3550.0,4,2026 Q3,330.0,344.8,277.02,412.58
Bendigo,flat,2,3550.0,4,2026 Q3,400.0,411.87,344.09,479.65
Bendigo,house,2,3550.0,4,2026 Q3,470.0,482.99,415.21,550.77
Bendigo,house,3,3550.0,4,2026 Q3,480.0,496.0,428.22,563.78
Bendigo,house,4,3550.0,4,2026 Q3,580.0,600.12,532.34,667.9
Bentleigh,flat,1,3204.0,4,2026 Q3,405.0,422.82,355.04,490.59
Bentleigh,flat,2,3204.0,4,2026 Q3,590.0,607.14,539.36,674.92
Bentleigh,flat,3,3204.0,4,2026 Q3,750.0,760.42,692.64,828.2
Bentleigh,house,2,3204.0,4,2026 Q3,600.0,614.33,546.55,682.11
Bentleigh,house,3,3204.0,4,2026 Q3,735.0,749.62,681.84,817.4
Bentleigh,house,4,3204.0,4,2026 Q3,1025.0,1032.67,964.89,1100.45
Berwick,flat,2,3806.0,4,2026 Q3,500.0,512.22,444.44,580.0
Berwick,flat,3,3806.0,4,2026 Q3,550.0,564.24,496.46,632.02
Berwick,house,2,3806.0,4,2026 Q3,490.0,501.67,433.89,569.45
Berwick,house,3,3806.0,4,2026 Q3,560.0,573.84,506.06,641.61
Berwick,house,4,3806.0,4,2026 Q3,620.0,634.28,566.51,702.06
Blackburn,flat,1,3130.0,4,2026 Q3,460.0,472.83,405.05,540.61
Blackburn,flat,2,3130.0,4,2026 Q3,550.0,562.4,494.62,630.18
Blackburn,flat,3,3130.0,4,2026 Q3,644.0,654.59,586.81,722.37
Blackburn,house,2,3130.0,4,2026 Q3,550.0,562.42,494.64,630.2
Blackburn,house,3,3130.0,4,2026 Q3,620.0,636.74,568.96,704.52
Blackburn,house,4,3130.0,4,2026 Q3,800.0,817.05,749.28,884.83
Boronia,flat,1,3155.0,4,2026 Q3,400.0,408.04,340.26,475.82
Boronia,flat,2,3155.0,4,2026 Q3,500.0,512.79,445.01,580.57
Boronia,flat,3,3155.0,4,2026 Q3,600.0,613.87,546.1,681.65
Boronia,house,2,3155.0,4,2026 Q3,520.0,537.1,469.32,604.88
Boronia,house,3,3155.0,4,2026 Q3,590.0,605.55,537.77,673.33
Boronia,house,4,3155.0,4,2026 Q3,680.0,696.59,628.81,764.37
Box Hill,flat,1,3128.0,4,2026 Q3,490.0,501.91,434.13,569.68
Box Hill,flat,2,3128.0,4,2026 Q3,610.0,622.84,555.06,690.62
Box Hill,flat,3,3128.0,4,2026 Q3,710.0,719.95,652.17,787.73
Box Hill,house,2,3128.0,4,2026 Q3,540.0,558.88,491.1,626.66
Box Hill,house,3,3128.0,4,2026 Q3,650.0,666.63,598.85,734.41
Box Hill,house,4,3128.0,4,2026 Q3,808.0,822.04,754.26,889.81
Brighton,flat,1,3186.0,4,2026 Q3,498.0,527.27,459.49,595.05
Brighton,flat,2,3186.0,4,2026 Q3,680.0,703.24,635.46,771.01
Brighton,flat,3,3186.0,4,2026 Q3,1000.0,1011.17,943.39,1078.95
Brighton,house,2,3186.0,4,2026 Q3,760.0,775.28,707.5,843.06
Brighton,house,3,3186.0,4,2026 Q3,1150.0,1154.79,1087.01,1222.57
Brighton,house,4,3186.0,4,2026 Q3,1650.0,1639.27,1571.49,1707.05
Brighton East,flat,2,3187.0,4,2026 Q3,630.0,646.77,578.99,714.55
Brighton East,flat,3,3187.0,4,2026 Q3,738.0,750.19,682.41,817.97
Brighton East,house,2,3187.0,4,2026 Q3,690.0,708.72,640.94,776.49
Brighton East,house,3,3187.0,4,2026 Q3,940.0,954.24,886.46,1022.02
Brighton East,house,4,3187.0,4,2026 Q3,1295.0,1271.06,1203.28,1338.83
Broadmeadows-Roxburgh Park,flat,1,3047.0,4,2026 Q3,325.0,335.15,267.37,402.92
Broadmeadows-Roxburgh Park,flat,2,3047.0,4,2026 Q3,470.0,480.63,412.85,548.41
Broadmeadows-Roxburgh Park,flat,3,3047.0,4,2026 Q3,520.0,533.61,465.83,601.39
Broadmeadows-Roxburgh Park,house,2,3047.0,4,2026 Q3,460.0,471.11,403.33,538.89
Broadmeadows-Roxburgh Park,house,3,3047.0,4,2026 Q3,506.0,520.72,452.94,588.5
Broadmeadows-Roxburgh Park,house,4,3047.0,4,2026 Q3,600.0,612.26,544.48,680.04
Brunswick,flat,1,3056.0,4,2026 Q3,460.0,477.04,409.26,544.82
Brunswick,flat,2,3056.0,4,2026 Q3,600.0,616.41,548.63,684.19
Brunswick,flat,3,3056.0,4,2026 Q3,840.0,851.66,783.88,919.44
Brunswick,house,2,3056.0,4,2026 Q3,660.0,674.34,606.56,742.12
Brunswick,house,3,3056.0,4,2026 Q3,850.0,860.57,792.79,928.35
Brunswick,house,4,3056.0,4,2026 Q3,1000.0,1001.47,933.69,1069.25
Bulleen-Templestowe-Doncaster,flat,1,3108.0,4,2026 Q3,480.0,491.99,424.21,559.77
Bulleen-Templestowe-Doncaster,flat,2,3108.0,4,2026 Q3,595.0,608.81,541.03,676.59
Bulleen-Templestowe-Doncaster,flat,3,3108.0,4,2026 Q3,720.0,733.13,665.35,800.91
Bulleen-Templestowe-Doncaster,house,2,3108.0,4,2026 Q3,570.0,585.11,517.33,652.89
Bulleen-Templestowe-Doncaster,house,3,3108.0,4,2026 Q3,660.0,676.08,608.3,743.86
Bulleen-Templestowe-Doncaster,house,4,3108.0,4,2026 Q3,820.0,834.68,766.9,902.46
Bundoora-Greensborough-Hurstbridge,flat,1,3088.0,4,2026 Q3,420.0,432.42,364.64,500.2
Bundoora-Greensborough-Hurstbridge,flat,2,3088.0,4,2026 Q3,490.0,502.66,434.88,570.44
Bundoora-Greensborough-Hurstbridge,flat,3,3088.0,4,2026 Q3,580.0,590.26,522.48,658.04
Bundoora-Greensborough-Hurstbridge,house,2,3088.0,4,2026 Q3,500.0,511.34,443.56,579.11
Bundoora-Greensborough-Hurstbridge,house,3,3088.0,4,2026 Q3,570.0,584.52,516.74,652.3
Bundoora-Greensborough-Hurstbridge,house,4,3088.0,4,2026 Q3,600.0,614.4,546.62,682.18
Burwood-Ashburton,flat,1,3125.0,4,2026 Q3,450.0,470.08,402.3,537.86
Burwood-Ashburton,flat,2,3125.0,4,2026 Q3,570.0,582.37,514.59,650.15
Burwood-Ashburton,flat,3,3125.0,4,2026 Q3,720.0,732.81,665.03,800.59
Burwood-Ashburton,house,2,3125.0,4,2026 Q3,580.0,596.43,528.65,664.21
Burwood-Ashburton,house,3,3125.0,4,2026 Q3,650.0,663.27,595.5,731.05
Burwood-Ashburton,house,4,3125.0,4,2026 Q3,878.0,888.76,820.98,956.54
CBD-St Kilda Rd,flat,1,,4,2026 Q3,560.0,577.08,509.3,644.85
CBD-St Kilda Rd,flat,2,,4,2026 Q3,735.0,748.64,680.86,816.42
CBD-St Kilda Rd,flat,3,,4,2026 Q3,1050.0,1044.31,976.54,1112.09
Camberwell-Glen Iris,flat,1,3124.0,4,2026 Q3,440.0,457.92,390.14,525.7
Camberwell-Glen Iris,flat,2,3124.0,4,2026 Q3,600.0,617.99,550.21,685.77
Camberwell-Glen Iris,flat,3,3124.0,4,2026 Q3,815.0,825.36,757.58,893.14
Camberwell-Glen Iris,house,2,3124.0,4,2026 Q3,660.0,674.67,606.89,742.45
Camberwell-Glen Iris,house,3,3124.0,4,2026 Q3,838.0,848.66,780.89,916.44
Camberwell-Glen Iris,house,4,3124.0,4,2026 Q3,1195.0,1194.33,1126.55,1262.11
Canterbury-Surrey Hills-Mont Albert,flat,1,3127.0,4,2026 Q3,450.0,467.97,400.19,535.75
Canterbury-Surrey Hills-Mont Albert,flat,2,3127.0,4,2026 Q3,570.0,588.06,520.28,655.84
Canterbury-Surrey Hills-Mont Albert,flat,3,3127.0,4,2026 Q3,740.0,753.39,685.61,821.17
Canterbury-Surrey Hills-Mont Albert,house,2,3127.0,4,2026 Q3,620.0,636.53,568.76,704.31
Canterbury-Surrey Hills-Mont Albert,house,3,3127.0,4,2026 Q3,800.0,812.26,744.48,880.04
Canterbury-Surrey Hills-Mont Albert,house,4,3127.0,4,2026 Q3,1100.0,1100.71,1032.93,1168.49
Carlton North,flat,1,3054.0,4,2026 Q3,430.0,450.86,383.08,518.64
Carlton North,flat,2,3054.0,4,2026 Q3,600.0,620.04,552.26,687.82
Carlton North,flat,3,3054.0,4,2026 Q3,778.0,792.75,724.97,860.53
Carlton North,house,2,3054.0,4,2026 Q3,755.0,769.17,701.4,836.95
Carlton North,house,3,3054.0,4,2026 Q3,950.0,961.68,893.9,1029.46
Carlton-Parkville,flat,1,3053.0,4,2026 Q3,500.0,518.22,450.44,586.0
Carlton-Parkville,flat,2,3053.0,4,2026 Q3,670.0,686.24,618.46,754.01
Carlton-Parkville,flat,3,3053.0,4,2026 Q3,855.0,865.9,798.12,933.68
Carlton-Parkville,house,2,3053.0,4,2026 Q3,670.0,688.52,620.74,756.3
Carlton-Parkville,house,3,3053.0,4,2026 Q3,950.0,964.93,897.15,1032.71
Carlton-Parkville,house,4,3053.0,4,2026 Q3,1100.0,1092.98,1025.2,1160.76
Carnegie,flat,1,3163.0,4,2026 Q3,420.0,437.87,370.1,505.65
Carnegie,flat,2,3163.0,4,2026 Q3,595.0,607.49,539.71,675.27
Carnegie,flat,3,3163.0,4,2026 Q3,775.0,788.79,721.01,856.57
Carnegie,house,2,3163.0,4,2026 Q3,600.0,612.83,545.05,680.61
Carnegie,house,3,3163.0,4,2026 Q3,750.0,761.89,694.11,829.67
Carnegie,house,4,3163.0,4,2026 Q3,1100.0,1108.94,1041.16,1176.72
Castlemaine,flat,2,3450.0,4,2026 Q3,390.0,403.27,335.49,471.05
Castlemaine,house,2,3450.0,4,2026 Q3,430.0,441.51,373.73,509.29
Castlemaine,house,3,3450.0,4,2026 Q3,500.0,515.65,447.87,583.43
Castlemaine,house,4,3450.0,4,2026 Q3,580.0,597.64,529.86,665.42
Caulfield,flat,1,3162.0,4,2026 Q3,500.0,516.31,448.53,584.09
Caulfield,flat,2,3162.0,4,2026 Q3,630.0,648.89,581.11,716.66
Caulfield,flat,3,3162.0,4,2026 Q3,810.0,823.83,756.05,891.6
Caulfield,house,2,3162.0,4,2026 Q3,633.0,649.93,582.16,717.71
Caulfield,house,3,3162.0,4,2026 Q3,850.0,861.17,793.39,928.95
Caulfield,house,4,3162.0,4,2026 Q3,1250.0,1257.61,1189.83,1325.39
Chadstone-Oakleigh,flat,1,3166.0,4,2026 Q3,500.0,511.38,443.6,579.15
Chadstone-Oakleigh,flat,2,3166.0,4,2026 Q3,580.0,593.48,525.7,661.25
Chadstone-Oakleigh,flat,3,3166.0,4,2026 Q3,680.0,691.39,623.61,759.17
Chadstone-Oakleigh,house,2,3166.0,4,2026 Q3,570.0,585.64,517.86,653.42
Chadstone-Oakleigh,house,3,3166.0,4,2026 Q3,630.0,643.92,576.14,711.7
Chadstone-Oakleigh,house,4,3166.0,4,2026 Q3,850.0,859.44,791.66,927.22
Cheltenham,flat,1,3192.0,4,2026 Q3,450.0,464.7,396.92,532.47
Cheltenham,flat,2,3192.0,4,2026 Q3,550.0,565.25,497.47,633.03
Cheltenham,flat,3,3192.0,4,2026 Q3,693.0,706.83,639.05,774.61
Cheltenham,house,2,3192.0,4,2026 Q3,585.0,599.62,531.84,667.4
Cheltenham,house,3,3192.0,4,2026 Q3,720.0,734.95,667.18,802.73
Cheltenham,house,4,3192.0,4,2026 Q3,950.0,958.16,890.39,1025.94
Clayton,flat,1,3168.0,4,2026 Q3,490.0,502.48,434.7,570.25
Clayton,flat,2,3168.0,4,2026 Q3,590.0,603.24,535.46,671.02
Clayton,flat,3,3168.0,4,2026 Q3,650.0,661.95,594.17,729.73
Clayton,house,2,3168.0,4,2026 Q3,550.0,561.44,493.66,629.22
Clayton,house,3,3168.0,4,2026 Q3,603.0,617.76,549.98,685.54
Clayton,house,4,3168.0,4,2026 Q3,800.0,819.02,751.24,886.8
Coburg-Pascoe Vale South,flat,1,3058.0,4,2026 Q3,425.0,436.04,368.26,503.82
Coburg-Pascoe Vale South,flat,2,3058.0,4,2026 Q3,550.0,563.11,495.33,630.89
Coburg-Pascoe Vale South,flat,3,3058.0,4,2026 Q3,700.0,712.44,644.66,780.22
Coburg-Pascoe Vale South,house,2,3058.0,4,2026 Q3,580.0,593.79,526.01,661.57
Coburg-Pascoe Vale South,house,3,3058.0,4,2026 Q3,710.0,721.87,654.09,789.65
Coburg-Pascoe Vale South,house,4,3058.0,4,2026 Q3,850.0,857.88,790.1,925.66
Collingwood-Abbotsford,flat,1,3066.0,4,2026 Q3,520.0,537.78,470.0,605.55
Collingwood-Abbotsford,flat,2,3066.0,4,2026 Q3,695.0,710.84,643.06,778.62
Collingwood-Abbotsford,flat,3,3066.0,4,2026 Q3,1000.0,1006.85,939.07,1074.63
Collingwood-Abbotsford,house,2,3066.0,4,2026 Q3,720.0,735.8,668.02,803.58
Collingwood-Abbotsford,house,3,3066.0,4,2026 Q3,950.0,959.83,892.05,1027.61
Corio,flat,1,3214.0,4,2026 Q3,320.0,331.33,263.55,399.11
Corio,flat,2,3214.0,4,2026 Q3,380.0,391.64,323.86,459.42
Corio,flat,3,3214.0,4,2026 Q3,445.0,458.57,390.79,526.35
Corio,house,2,3214.0,4,2026 Q3,380.0,392.93,325.15,460.71
Corio,house,3,3214.0,4,2026 Q3,420.0,437.41,369.63,505.19
Corio,house,4,3214.0,4,2026 Q3,485.0,500.61,432.83,568.39
Craigieburn,flat,2,3064.0,4,2026 Q3,440.0,450.29,382.51,518.07
Craigieburn,flat,3,3064.0,4,2026 Q3,485.0,498.77,431.0,566.55
Craigieburn,house,2,3064.0,4,2026 Q3,450.0,461.29,393.51,529.06
Craigieburn,house,3,3064.0,4,2026 Q3,500.0,513.07,445.29,580.85
Craigieburn,house,4,3064.0,4,2026 Q3,560.0,574.96,507.18,642.74
Cranbourne,flat,1,3977.0,4,2026 Q3,400.0,409.06,341.28,476.84
Cranbourne,flat,2,3977.0,4,2026 Q3,460.0,472.13,404.35,539.91
Cranbourne,flat,3,3977.0,4,2026 Q3,530.0,542.97,475.19,610.75
Cranbourne,house,2,3977.0,4,2026 Q3,490.0,501.89,434.11,569.67
Cranbourne,house,3,3977.0,4,2026 Q3,550.0,563.47,495.69,631.24
Cranbourne,house,4,3977.0,4,2026 Q3,600.0,614.66,546.88,682.44
Croydon-Lilydale,flat,1,3136.0,4,2026 Q3,363.0,381.02,313.24,448.8
Croydon-Lilydale,flat,2,3136.0,4,2026 Q3,500.0,513.79,446.01,581.57
Croydon-Lilydale,flat,3,3136.0,4,2026 Q3,620.0,633.66,565.88,701.44
Croydon-Lilydale,house,2,3136.0,4,2026 Q3,525.0,540.2,472.42,607.98
Croydon-Lilydale,house,3,3136.0,4,2026 Q3,600.0,615.11,547.33,682.89
Croydon-Lilydale,house,4,3136.0,4,2026 Q3,730.0,746.09,678.31,813.87
Dandenong,flat,1,3175.0,4,2026 Q3,375.0,389.53,321.75,457.31
Dandenong,flat,2,3175.0,4,2026 Q3,450.0,464.84,397.06,532.62
Dandenong,flat,3,3175.0,4,2026 Q3,570.0,580.34,512.56,648.12
Dandenong,house,2,3175.0,4,2026 Q3,490.0,500.96,433.18,568.74
Dandenong,house,3,3175.0,4,2026 Q3,560.0,574.54,506.76,642.32
Dandenong,house,4,3175.0,4,2026 Q3,750.0,762.18,694.4,829.95
Dandenong North-Endeavour Hills,flat,1,3177.0,4,2026 Q3,350.0,363.82,296.04,431.6
Dandenong North-Endeavour Hills,flat,2,3177.0,4,2026 Q3,468.0,479.97,412.19,547.74
Dandenong North-Endeavour Hills,flat,3,3177.0,4,2026 Q3,550.0,564.05,496.27,631.83
Dandenong North-Endeavour Hills,house,2,3177.0,4,2026 Q3,475.0,490.2,422.42,557.97
Dandenong North-Endeavour Hills,house,3,3177.0,4,2026 Q3,530.0,544.15,476.37,611.93
Dandenong North-Endeavour Hills,house,4,3177.0,4,2026 Q3,630.0,645.39,577.61,713.17
Docklands,flat,1,3008.0,4,2026 Q3,600.0,623.98,556.2,691.76
Docklands,flat,2,3008.0,4,2026 Q3,763.0,782.68,714.9,850.46
Docklands,flat,3,3008.0,4,2026 Q3,1200.0,1204.03,1136.25,1271.81
Doncaster East-Donvale,flat,1,3109.0,4,2026 Q3,470.0,480.27,412.49,548.05
Doncaster East-Donvale,flat,2,3109.0,4,2026 Q3,575.0,586.78,519.0,654.56
Doncaster East-Donvale,flat,3,3109.0,4,2026 Q3,695.0,708.43,640.65,776.21
Doncaster East-Donvale,house,2,3109.0,4,2026 Q3,530.0,539.96,472.18,607.74
Doncaster East-Donvale,house,3,3109.0,4,2026 Q3,680.0,695.55,627.77,763.33
Doncaster East-Donvale,house,4,3109.0,4,2026 Q3,830.0,843.09,775.31,910.87
Dromana-Portsea,flat,1,3936.0,4,2026 Q3,393.0,403.87,336.1,471.65
Dromana-Portsea,flat,2,3936.0,4,2026 Q3,478.0,493.45,425.67,561.23
Dromana-Portsea,flat,3,3936.0,4,2026 Q3,600.0,614.28,546.5,682.06
Dromana-Portsea,house,2,3936.0,4,2026 Q3,490.0,504.82,437.05,572.6
Dromana-Portsea,house,3,3936.0,4,2026 Q3,570.0,586.33,518.55,654.1
Dromana-Portsea,house,4,3936.0,4,2026 Q3,745.0,758.22,690.44,826.0
East Brunswick,flat,1,3057.0,4,2026 Q3,500.0,515.94,448.16,583.72
East Brunswick,flat,2,3057.0,4,2026 Q3,625.0,641.04,573.26,708.81
East Brunswick,flat,3,3057.0,4,2026 Q3,880.0,887.84,820.06,955.62
East Brunswick,house,2,3057.0,4,2026 Q3,710.0,720.16,652.38,787.94
East Brunswick,house,3,3057.0,4,2026 Q3,880.0,888.01,820.23,955.79
East Brunswick,house,4,3057.0,4,2026 Q3,1100.0,1121.38,1053.6,1189.16
East Hawthorn,flat,1,3123.0,4,2026 Q3,490.0,509.53,441.75,577.31
East Hawthorn,flat,2,3123.0,4,2026 Q3,610.0,628.52,560.74,696.3
East Hawthorn,flat,3,3123.0,4,2026 Q3,890.0,907.56,839.79,975.34
East Hawthorn,house,2,3123.0,4,2026 Q3,698.0,715.08,647.3,782.86
East Hawthorn,house,3,3123.0,4,2026 Q3,898.0,914.79,847.02,982.57
East Hawthorn,house,4,3123.0,4,2026 Q3,1300.0,1300.82,1233.04,1368.6
East Melbourne,flat,1,3002.0,4,2026 Q3,520.0,539.64,471.87,607.42
East Melbourne,flat,2,3002.0,4,2026 Q3,690.0,707.52,639.74,775.3
East Melbourne,flat,3,3002.0,4,2026 Q3,1175.0,1190.02,1122.24,1257.8
East Melbourne,house,3,3002.0,4,2026 Q3,1100.0,1070.25,1002.48,1138.03
East St Kilda,flat,1,3183.0,4,2026 Q3,425.0,445.23,377.45,513.01
East St Kilda,flat,2,3183.0,4,2026 Q3,575.0,592.2,524.42,659.98
East St Kilda,flat,3,3183.0,4,2026 Q3,840.0,848.02,780.24,915.8
East St Kilda,house,2,3183.0,4,2026 Q3,763.0,772.84,705.06,840.62
East St Kilda,house,3,3183.0,4,2026 Q3,900.0,898.12,830.35,965.9
East St Kilda,house,4,3183.0,4,2026 Q3,1100.0,1096.7,1028.92,1164.48
Echuca,flat,1,3564.0,4,2026 Q3,278.0,291.12,223.35,358.9
Echuca,flat,2,3564.0,4,2026 Q3,420.0,434.31,366.53,502.09
Echuca,flat,3,3564.0,4,2026 Q3,450.0,458.96,391.18,526.73
Echuca,house,2,3564.0,4,2026 Q3,418.0,432.14,364.36,499.92
Echuca,house,3,3564.0,4,2026 Q3,520.0,535.11,467.33,602.89
Echuca,house,4,3564.0,4,2026 Q3,640.0,655.01,587.23,722.78
Elsternwick,flat,1,3185.0,4,2026 Q3,440.0,459.84,392.06,527.62
Elsternwick,flat,2,3185.0,4,2026 Q3,600.0,615.17,547.39,682.95
Elsternwick,flat,3,3185.0,4,2026 Q3,800.0,808.34,740.56,876.12
Elsternwick,house,2,3185.0,4,2026 Q3,718.0,729.03,661.25,796.81
Elsternwick,house,3,3185.0,4,2026 Q3,900.0,906.33,838.55,974.11
Elsternwick,house,4,3185.0,4,2026 Q3,1150.0,1160.1,1092.32,1227.88
Eltham-Research-Montmorency,flat,1,3095.0,4,2026 Q3,360.0,376.14,308.36,443.92
Eltham-Research-Montmorency,flat,2,3095.0,4,2026 Q3,500.0,514.79,447.01,582.56
Eltham-Research-Montmorency,flat,3,3095.0,4,2026 Q3,620.0,631.99,564.21,699.76
Eltham-Research-Montmorency,house,2,3095.0,4,2026 Q3,500.0,513.32,445.54,581.1
Eltham-Research-Montmorency,house,3,3095.0,4,2026 Q3,650.0,662.06,594.28,729.84
Eltham-Research-Montmorency,house,4,3095.0,4,2026 Q3,813.0,822.27,754.49,890.04
Elwood,flat,1,3184.0,4,2026 Q3,450.0,469.44,401.66,537.22
Elwood,flat,2,3184.0,4,2026 Q3,608.0,625.39,557.61,693.17
Elwood,flat,3,3184.0,4,2026 Q3,875.0,880.79,813.01,948.57
Elwood,house,2,3184.0,4,2026 Q3,795.0,810.3,742.52,878.07
Elwood,house,3,3184.0,4,2026 Q3,1095.0,1109.19,1041.41,1176.96
Elwood,house,4,3184.0,4,2026 Q3,1500.0,1471.3,1403.53,1539.08
Essendon,flat,1,3040.0,4,2026 Q3,430.0,443.92,376.14,511.69
Essendon,flat,2,3040.0,4,2026 Q3,510.0,525.39,457.62,593.17
Essendon,flat,3,3040.0,4,2026 Q3,650.0,665.74,597.96,733.52
Essendon,house,2,3040.0,4,2026 Q3,550.0,565.52,497.74,633.3
Essendon,house,3,3040.0,4,2026 Q3,650.0,662.99,595.22,730.77
Essendon,house,4,3040.0,4,2026 Q3,895.0,902.08,834.3,969.86
Fairfield-Alphington,flat,1,3078.0,4,2026 Q3,400.0,419.28,351.5,487.06
Fairfield-Alphington,flat,2,3078.0,4,2026 Q3,575.0,590.59,522.81,658.37
Fairfield-Alphington,flat,3,3078.0,4,2026 Q3,815.0,811.65,743.87,879.42
Fairfield-Alphington,house,2,3078.0,4,2026 Q3,650.0,661.4,593.63,729.18
Fairfield-Alphington,house,3,3078.0,4,2026 Q3,850.0,857.1,789.32,924.88
Fairfield-Alphington,house,4,3078.0,4,2026 Q3,1113.0,1121.82,1054.04,1189.6
Ferntree Gully,flat,2,3156.0,4,2026 Q3,520.0,533.67,465.89,601.45
Ferntree Gully,flat,3,3156.0,4,2026 Q3,580.0,590.82,523.05,658.6
Ferntree Gully,house,2,3156.0,4,2026 Q3,518.0,531.91,464.13,599.69
Ferntree Gully,house,3,3156.0,4,2026 Q3,600.0,613.21,545.43,680.98
Ferntree Gully,house,4,3156.0,4,2026 Q3,720.0,735.07,667.29,802.85
Fitzroy,flat,1,3065.0,4,2026 Q3,528.0,546.3,478.52,614.07
Fitzroy,flat,2,3065.0,4,2026 Q3,750.0,765.19,697.41,832.97
Fitzroy,flat,3,3065.0,4,2026 Q3,1175.0,1185.94,1118.16,1253.72
Fitzroy,house,2,3065.0,4,2026 Q3,848.0,868.26,800.48,936.04
Fitzroy,house,3,3065.0,4,2026 Q3,1100.0,1108.16,1040.38,1175.94
Fitzroy North-Clifton Hill,flat,1,3068.0,4,2026 Q3,500.0,521.82,454.04,589.6
Fitzroy North-Clifton Hill,flat,2,3068.0,4,2026 Q3,690.0,710.85,643.07,778.63
Fitzroy North-Clifton Hill,flat,3,3068.0,4,2026 Q3,1050.0,1068.11,1000.33,1135.89
Fitzroy North-Clifton Hill,house,2,3068.0,4,2026 Q3,740.0,755.94,688.16,823.72
Fitzroy North-Clifton Hill,house,3,3068.0,4,2026 Q3,998.0,1010.79,943.01,1078.57
Fitzroy North-Clifton Hill,house,4,3068.0,4,2026 Q3,1295.0,1270.3,1202.52,1338.08
Flemington-Kensington,flat,1,3031.0,4,2026 Q3,470.0,492.29,424.51,560.07
Flemington-Kensington,flat,2,3031.0,4,2026 Q3,560.0,579.64,511.87,647.42
Flemington-Kensington,flat,3,3031.0,4,2026 Q3,850.0,866.75,798.97,934.53
Flemington-Kensington,house,2,3031.0,4,2026 Q3,620.0,632.96,565.18,700.74
Flemington-Kensington,house,3,3031.0,4,2026 Q3,760.0,772.7,704.93,840.48
Flemington-Kensington,house,4,3031.0,4,2026 Q3,945.0,951.37,883.6,1019.15
Flora Hill-Bendigo East,flat,1,3550.0,4,2026 Q3,350.0,362.9,295.12,430.68
Flora Hill-Bendigo East,flat,2,3550.0,4,2026 Q3,380.0,394.56,326.78,462.34
Flora Hill-Bendigo East,flat,3,3550.0,4,2026 Q3,450.0,464.83,397.05,532.61
Flora Hill-Bendigo East,house,2,3550.0,4,2026 Q3,420.0,435.28,367.5,503.06
Flora Hill-Bendigo East,house,3,3550.0,4,2026 Q3,475.0,491.55,423.77,559.33
Flora Hill-Bendigo East,house,4,3550.0,4,2026 Q3,570.0,588.17,520.39,655.95
Footscray,flat,1,3011.0,4,2026 Q3,450.0,462.68,394.9,530.46
Footscray,flat,2,3011.0,4,2026 Q3,560.0,568.66,500.89,636.44
Footscray,flat,3,3011.0,4,2026 Q3,698.0,705.61,637.83,773.39
Footscray,house,2,3011.0,4,2026 Q3,573.0,585.37,517.59,653.15
Footscray,house,3,3011.0,4,2026 Q3,640.0,650.61,582.83,718.39
Footscray,house,4,3011.0,4,2026 Q3,750.0,759.94,692.16,827.72
Frankston,flat,1,3199.0,4,2026 Q3,350.0,365.38,297.6,433.15
Frankston,flat,2,3199.0,4,2026 Q3,475.0,491.38,423.6,559.16
Frankston,flat,3,3199.0,4,2026 Q3,560.0,574.48,506.7,642.26
Frankston,house,2,3199.0,4,2026 Q3,490.0,504.66,436.88,572.43
Frankston,house,3,3199.0,4,2026 Q3,570.0,585.75,517.97,653.53
Frankston,house,4,3199.0,4,2026 Q3,670.0,684.98,617.2,752.75
Geelong-Newcombe,flat,1,3219.0,4,2026 Q3,380.0,388.52,320.74,456.3
Geelong-Newcombe,flat,2,3219.0,4,2026 Q3,460.0,468.56,400.78,536.33
Geelong-Newcombe,flat,3,3219.0,4,2026 Q3,518.0,533.18,465.4,600.96
Geelong-Newcombe,house,2,3219.0,4,2026 Q3,440.0,454.79,387.01,522.57
Geelong-Newcombe,house,3,3219.0,4,2026 Q3,480.0,498.82,431.04,566.6
Geelong-Newcombe,house,4,3219.0,4,2026 Q3,575.0,596.01,528.23,663.79
Gladstone Park-Tullamarine,flat,2,3043.0,4,2026 Q3,450.0,461.65,393.87,529.43
Gladstone Park-Tullamarine,flat,3,3043.0,4,2026 Q3,553.0,567.88,500.1,635.65
Gladstone Park-Tullamarine,house,2,3043.0,4,2026 Q3,500.0,511.26,443.48,579.04
Gladstone Park-Tullamarine,house,3,3043.0,4,2026 Q3,530.0,545.23,477.45,613.01
Gladstone Park-Tullamarine,house,4,3043.0,4,2026 Q3,620.0,634.55,566.77,702.33
Glen Waverley-Mulgrave,flat,1,3150.0,4,2026 Q3,550.0,563.56,495.78,631.34
Glen Waverley-Mulgrave,flat,2,3150.0,4,2026 Q3,640.0,650.89,583.11,718.67
Glen Waverley-Mulgrave,flat,3,3150.0,4,2026 Q3,660.0,675.25,607.47,743.03
Glen Waverley-Mulgrave,house,2,3150.0,4,2026 Q3,590.0,604.44,536.66,672.22
Glen Waverley-Mulgrave,house,3,3150.0,4,2026 Q3,640.0,657.14,589.37,724.92
Glen Waverley-Mulgrave,house,4,3150.0,4,2026 Q3,780.0,798.4,730.62,866.18
Golden Square-Kangaroo Flat,flat,2,3555.0,4,2026 Q3,380.0,392.68,324.9,460.45
Golden Square-Kangaroo Flat,flat,3,3555.0,4,2026 Q3,470.0,485.73,417.95,553.5
Golden Square-Kangaroo Flat,house,2,3555.0,4,2026 Q3,420.0,433.96,366.18,501.74
Golden Square-Kangaroo Flat,house,3,3555.0,4,2026 Q3,480.0,497.01,429.23,564.79
Golden Square-Kangaroo Flat,house,4,3555.0,4,2026 Q3,550.0,566.7,498.92,634.47
Hamilton,flat,1,3300.0,4,2026 Q3,260.0,272.95,205.17,340.73
Hamilton,flat,2,3300.0,4,2026 Q3,320.0,336.57,268.79,404.35
Hamilton,house,2,3300.0,4,2026 Q3,330.0,344.47,276.69,412.25
Hamilton,house,3,3300.0,4,2026 Q3,390.0,407.26,339.48,475.04
Hamilton,house,4,3300.0,4,2026 Q3,460.0,478.0,410.22,545.78
Hampton-Beaumaris,flat,1,3188.0,4,2026 Q3,480.0,500.65,432.87,568.43
Hampton-Beaumaris,flat,2,3188.0,4,2026 Q3,650.0,669.06,601.28,736.84
Hampton-Beaumaris,flat,3,3188.0,4,2026 Q3,900.0,906.29,838.52,974.07
Hampton-Beaumaris,house,2,3188.0,4,2026 Q3,650.0,669.04,601.26,736.82
Hampton-Beaumaris,house,3,3188.0,4,2026 Q3,895.0,906.56,838.78,974.34
Hampton-Beaumaris,house,4,3188.0,4,2026 Q3,1295.0,1292.33,1224.55,1360.11
Hastings-Flinders,flat,1,3915.0,4,2026 Q3,360.0,373.22,305.44,441.0
Hastings-Flinders,flat,2,3915.0,4,2026 Q3,470.0,484.74,416.96,552.52
Hastings-Flinders,flat,3,3915.0,4,2026 Q3,550.0,565.91,498.13,633.69
Hastings-Flinders,house,2,3915.0,4,2026 Q3,498.0,513.08,445.3,580.86
Hastings-Flinders,house,3,3915.0,4,2026 Q3,595.0,610.79,543.01,678.57
Hastings-Flinders,house,4,3915.0,4,2026 Q3,750.0,761.71,693.94,829.49
Hawthorn,flat,1,3122.0,4,2026 Q3,450.0,470.88,403.1,538.66
Hawthorn,flat,2,3122.0,4,2026 Q3,600.0,618.26,550.48,686.04
Hawthorn,flat,3,3122.0,4,2026 Q3,850.0,860.24,792.46,928.02
Hawthorn,house,2,3122.0,4,2026 Q3,710.0,718.59,650.81,786.37
Hawthorn,house,3,3122.0,4,2026 Q3,950.0,958.31,890.53,1026.09
Hawthorn,house,4,3122.0,4,2026 Q3,1500.0,1513.52,1445.74,1581.3
Heidelberg-Heidelberg West,flat,1,3084.0,4,2026 Q3,450.0,461.69,393.91,529.47
Heidelberg-Heidelberg West,flat,2,3084.0,4,2026 Q3,530.0,540.34,472.56,608.12
Heidelberg-Heidelberg West,flat,3,3084.0,4,2026 Q3,650.0,661.91,594.13,729.68
Heidelberg-Heidelberg West,house,2,3084.0,4,2026 Q3,510.0,525.59,457.81,593.37
Heidelberg-Heidelberg West,house,3,3084.0,4,2026 Q3,600.0,614.31,546.53,682.09
Heidelberg-Heidelberg West,house,4,3084.0,4,2026 Q3,795.0,805.01,737.23,872.78
Herne Hill-Geelong West,flat,1,3218.0,4,2026 Q3,340.0,353.51,285.73,421.29
Herne Hill-Geelong West,flat,2,3218.0,4,2026 Q3,410.0,425.07,357.29,492.85
Herne Hill-Geelong West,flat,3,3218.0,4,2026 Q3,575.0,588.39,520.61,656.17
Herne Hill-Geelong West,house,2,3218.0,4,2026 Q3,460.0,472.68,404.9,540.46
Herne Hill-Geelong West,house,3,3218.0,4,2026 Q3,520.0,536.62,468.84,604.4
Herne Hill-Geelong West,house,4,3218.0,4,2026 Q3,660.0,675.52,607.74,743.3
Horsham,flat,1,3400.0,4,2026 Q3,250.0,255.98,188.2,323.75
Horsham,flat,2,3400.0,4,2026 Q3,320.0,335.52,267.74,403.3
Horsham,flat,3,3400.0,4,2026 Q3,415.0,431.58,363.8,499.36
Horsham,house,2,3400.0,4,2026 Q3,350.0,362.67,294.89,430.45
Horsham,house,3,3400.0,4,2026 Q3,430.0,448.22,380.44,515.99
Horsham,house,4,3400.0,4,2026 Q3,520.0,537.12,469.34,604.9
Ivanhoe-Ivanhoe East,flat,1,3079.0,4,2026 Q3,490.0,503.02,435.24,570.8
Ivanhoe-Ivanhoe East,flat,2,3079.0,4,2026 Q3,600.0,616.86,549.08,684.64
Ivanhoe-Ivanhoe East,flat,3,3079.0,4,2026 Q3,750.0,766.97,699.19,834.75
Ivanhoe-Ivanhoe East,house,2,3079.0,4,2026 Q3,600.0,616.73,548.95,684.51
Ivanhoe-Ivanhoe East,house,3,3079.0,4,2026 Q3,750.0,764.85,697.07,832.63
Ivanhoe-Ivanhoe East,house,4,3079.0,4,2026 Q3,1000.0,1003.61,935.84,1071.39
Keilor,house,4,3036.0,4,2026 Q3,730.0,738.13,670.36,805.91
Keilor East-Avondale Heights,flat,1,3033.0,4,2026 Q3,450.0,460.21,392.43,527.99
Keilor East-Avondale Heights,flat,2,3033.0,4,2026 Q3,520.0,532.61,464.83,600.39
Keilor East-Avondale Heights,flat,3,3033.0,4,2026 Q3,623.0,637.29,569.51,705.07
Keilor East-Avondale Heights,house,2,3033.0,4,2026 Q3,520.0,535.39,467.61,603.17
Keilor East-Avondale Heights,house,3,3033.0,4,2026 Q3,580.0,597.31,529.53,665.09
Keilor East-Avondale Heights,house,4,3033.0,4,2026 Q3,768.0,781.77,713.99,849.55
Kew,flat,1,3101.0,4,2026 Q3,470.0,487.84,420.07,555.62
Kew,flat,2,3101.0,4,2026 Q3,575.0,595.05,527.27,662.83
Kew,flat,3,3101.0,4,2026 Q3,850.0,861.73,793.95,929.51
Kew,house,2,3101.0,4,2026 Q3,663.0,671.34,603.56,739.12
Kew,house,3,3101.0,4,2026 Q3,850.0,862.48,794.7,930.26
Kew,house,4,3101.0,4,2026 Q3,1300.0,1301.64,1233.86,1369.42
Lara,flat,2,3212.0,4,2026 Q3,415.0,428.57,360.79,496.35
Lara,flat,3,3212.0,4,2026 Q3,485.0,502.04,434.26,569.82
Lara,house,2,3212.0,4,2026 Q3,430.0,445.16,377.38,512.94
Lara,house,3,3212.0,4,2026 Q3,500.0,515.54,447.76,583.32
Lara,house,4,3212.0,4,2026 Q3,580.0,594.61,526.83,662.38
Malvern,flat,1,3144.0,4,2026 Q3,450.0,469.48,401.7,537.26
Malvern,flat,2,3144.0,4,2026 Q3,600.0,618.61,550.83,686.38
Malvern,flat,3,3144.0,4,2026 Q3,908.0,917.19,849.41,984.96
Malvern,house,2,3144.0,4,2026 Q3,790.0,798.93,731.15,866.71
Malvern,house,3,3144.0,4,2026 Q3,1000.0,1001.96,934.18,1069.74
Malvern,house,4,3144.0,4,2026 Q3,1400.0,1384.41,1316.63,1452.19
Malvern East,flat,1,3145.0,4,2026 Q3,480.0,497.53,429.75,565.31
Malvern East,flat,2,3145.0,4,2026 Q3,600.0,615.65,547.87,683.43
Malvern East,flat,3,3145.0,4,2026 Q3,800.0,810.39,742.61,878.17
Malvern East,house,2,3145.0,4,2026 Q3,650.0,665.53,597.75,733.31
Malvern East,house,3,3145.0,4,2026 Q3,750.0,761.45,693.68,829.23
Malvern East,house,4,3145.0,4,2026 Q3,1150.0,1147.47,1079.69,1215.24
Melton,flat,1,3337.0,4,2026 Q3,350.0,356.04,288.26,423.82
Melton,flat,2,3337.0,4,2026 Q3,365.0,378.52,310.74,446.3
Melton,flat,3,3337.0,4,2026 Q3,400.0,414.65,346.87,482.43
Melton,house,2,3337.0,4,2026 Q3,375.0,385.78,318.01,453.56
Melton,house,3,3337.0,4,2026 Q3,420.0,434.27,366.49,502.05
Melton,house,4,3337.0,4,2026 Q3,470.0,486.65,418.87,554.43
Mentone-Parkdale-Mordialloc,flat,1,3194.0,4,2026 Q3,405.0,422.75,354.97,490.53
Mentone-Parkdale-Mordialloc,flat,2,3194.0,4,2026 Q3,550.0,567.27,499.49,635.05
Mentone-Parkdale-Mordialloc,flat,3,3194.0,4,2026 Q3,720.0,729.89,662.11,797.67
Mentone-Parkdale-Mordialloc,house,2,3194.0,4,2026 Q3,600.0,614.83,547.05,682.61
Mentone-Parkdale-Mordialloc,house,3,3194.0,4,2026 Q3,750.0,764.13,696.35,831.91
Mentone-Parkdale-Mordialloc,house,4,3194.0,4,2026 Q3,910.0,919.32,851.54,987.1
Mildura,flat,1,3500.0,4,2026 Q3,280.0,292.43,224.65,360.21
Mildura,flat,2,3500.0,4,2026 Q3,350.0,364.12,296.34,431.9
Mildura,flat,3,3500.0,4,2026 Q3,450.0,463.5,395.72,531.28
Mildura,house,2,3500.0,4,2026 Q3,380.0,392.79,325.01,460.57
Mildura,house,3,3500.0,4,2026 Q3,480.0,494.96,427.19,562.74
Mildura,house,4,3500.0,4,2026 Q3,580.0,594.47,526.69,662.25
Mill Park-Epping,flat,1,3076.0,4,2026 Q3,400.0,410.93,343.15,478.71
Mill Park-Epping,flat,2,3076.0,4,2026 Q3,450.0,460.99,393.21,528.77
Mill Park-Epping,flat,3,3076.0,4,2026 Q3,520.0,535.42,467.64,603.2
Mill Park-Epping,house,2,3076.0,4,2026 Q3,480.0,491.57,423.79,559.35
Mill Park-Epping,house,3,3076.0,4,2026 Q3,530.0,543.97,476.19,611.75
Mill Park-Epping,house,4,3076.0,4,2026 Q3,600.0,614.21,546.43,681.99
Moe-Newborough,flat,1,3825.0,4,2026 Q3,250.0,261.29,193.52,329.07
Moe-Newborough,flat,2,3825.0,4,2026 Q3,310.0,324.34,256.56,392.12
Moe-Newborough,house,2,3825.0,4,2026 Q3,350.0,362.9,295.13,430.68
Moe-Newborough,house,3,3825.0,4,2026 Q3,420.0,435.72,367.94,503.49
Moe-Newborough,house,4,3825.0,4,2026 Q3,525.0,535.58,467.8,603.36
Moonee Ponds-Ascot Vale,flat,1,3039.0,4,2026 Q3,450.0,465.12,397.34,532.9
Moonee Ponds-Ascot Vale,flat,2,3039.0,4,2026 Q3,550.0,567.13,499.35,634.9
Moonee Ponds-Ascot Vale,flat,3,3039.0,4,2026 Q3,730.0,741.86,674.09,809.64
Moonee Ponds-Ascot Vale,house,2,3039.0,4,2026 Q3,620.0,632.29,564.51,700.07
Moonee Ponds-Ascot Vale,house,3,3039.0,4,2026 Q3,750.0,766.34,698.56,834.12
Moonee Ponds-Ascot Vale,house,4,3039.0,4,2026 Q3,995.0,1002.57,934.79,1070.35
Morwell,flat,1,3840.0,4,2026 Q3,275.0,287.34,219.56,355.12
Morwell,flat,2,3840.0,4,2026 Q3,320.0,334.95,267.17,402.73
Morwell,house,2,3840.0,4,2026 Q3,350.0,363.8,296.02,431.58
Morwell,house,3,3840.0,4,2026 Q3,400.0,415.63,347.85,483.41
Morwell,house,4,3840.0,4,2026 Q3,493.0,510.7,442.93,578.48
Mount Clear-Buninyong,flat,2,3357.0,4,2026 Q3,360.0,373.8,306.02,441.58
Mount Clear-Buninyong,flat,3,3357.0,4,2026 Q3,390.0,407.07,339.3,474.85
Mount Clear-Buninyong,house,3,3357.0,4,2026 Q3,430.0,448.13,380.35,515.91
Mount Clear-Buninyong,house,4,3357.0,4,2026 Q3,480.0,496.63,428.85,564.41
Mount Waverley,flat,1,3149.0,4,2026 Q3,280.0,304.08,236.3,371.86
Mount Waverley,flat,2,3149.0,4,2026 Q3,540.0,556.59,488.81,624.36
Mount Waverley,flat,3,3149.0,4,2026 Q3,700.0,714.02,646.24,781.8
Mount Waverley,house,2,3149.0,4,2026 Q3,570.0,584.9,517.12,652.68
Mount Waverley,house,3,3149.0,4,2026 Q3,660.0,674.24,606.46,742.02
Mount Waverley,house,4,3149.0,4,2026 Q3,800.0,811.49,743.71,879.27
Mt Eliza-Mornington-Mt Martha,flat,2,3930.0,4,2026 Q3,535.0,549.61,481.83,617.38
Mt Eliza-Mornington-Mt Martha,flat,3,3930.0,4,2026 Q3,650.0,664.31,596.54,732.09
Mt Eliza-Mornington-Mt Martha,house,2,3930.0,4,2026 Q3,533.0,545.87,478.09,613.65
Mt Eliza-Mornington-Mt Martha,house,3,3930.0,4,2026 Q3,675.0,687.23,619.45,755.01
Mt Eliza-Mornington-Mt Martha,house,4,3930.0,4,2026 Q3,895.0,901.67,833.89,969.45
Murrumbeena-Hughesdale,flat,1,3163.0,4,2026 Q3,405.0,422.75,354.97,490.53
Murrumbeena-Hughesdale,flat,2,3163.0,4,2026 Q3,570.0,585.96,518.19,653.74
Murrumbeena-Hughesdale,flat,3,3163.0,4,2026 Q3,750.0,770.43,702.65,838.21
Murrumbeena-Hughesdale,house,2,3163.0,4,2026 Q3,590.0,606.25,538.47,674.02
Murrumbeena-Hughesdale,house,3,3163.0,4,2026 Q3,730.0,740.54,672.76,808.32
Murrumbeena-Hughesdale,house,4,3163.0,4,2026 Q3,1050.0,1062.65,994.87,1130.43
Narre Warren-Hampton Park,flat,1,3805.0,4,2026 Q3,323.0,328.01,260.23,395.79
Narre Warren-Hampton Park,flat,2,3805.0,4,2026 Q3,470.0,481.2,413.42,548.98
Narre Warren-Hampton Park,flat,3,3805.0,4,2026 Q3,545.0,560.64,492.86,628.42
Narre Warren-Hampton Park,house,2,3805.0,4,2026 Q3,475.0,485.19,417.42,552.97
Narre Warren-Hampton Park,house,3,3805.0,4,2026 Q3,550.0,564.48,496.7,632.26
Narre Warren-Hampton Park,house,4,3805.0,4,2026 Q3,640.0,653.45,585.68,721.23
Newport-Spotswood,flat,1,3015.0,4,2026 Q3,455.0,467.31,399.53,535.09
Newport-Spotswood,flat,2,3015.0,4,2026 Q3,575.0,585.39,517.61,653.17
Newport-Spotswood,flat,3,3015.0,4,2026 Q3,725.0,732.74,664.96,800.51
Newport-Spotswood,house,2,3015.0,4,2026 Q3,580.0,596.89,529.11,664.67
Newport-Spotswood,house,3,3015.0,4,2026 Q3,700.0,711.43,643.66,779.21
Newport-Spotswood,house,4,3015.0,4,2026 Q3,925.0,934.76,866.98,1002.54
Newtown,flat,1,3220.0,4,2026 Q3,318.0,331.25,263.47,399.03
Newtown,flat,2,3220.0,4,2026 Q3,440.0,454.21,386.43,521.99
Newtown,flat,3,3220.0,4,2026 Q3,590.0,605.2,537.42,672.97
Newtown,house,2,3220.0,4,2026 Q3,485.0,501.67,433.89,569.45
Newtown,house,3,3220.0,4,2026 Q3,570.0,583.39,515.62,651.17
Newtown,house,4,3220.0,4,2026 Q3,700.0,709.7,641.92,777.48
Noble Park,flat,1,3174.0,4,2026 Q3,370.0,383.87,316.09,451.65
Noble Park,flat,2,3174.0,4,2026 Q3,495.0,507.36,439.58,575.14
Noble Park,flat,3,3174.0,4,2026 Q3,580.0,593.0,525.22,660.78
Noble Park,house,2,3174.0,4,2026 Q3,480.0,490.74,422.96,558.52
Noble Park,house,3,3174.0,4,2026 Q3,550.0,562.75,494.97,630.53
Noble Park,house,4,3174.0,4,2026 Q3,630.0,642.85,575.07,710.63
North Bendigo,flat,1,3550.0,4,2026 Q3,320.0,341.16,273.38,408.94
North Bendigo,flat,2,3550.0,4,2026 Q3,398.0,414.22,346.44,482.0
North Bendigo,flat,3,3550.0,4,2026 Q3,475.0,495.79,428.01,563.57
North Bendigo,house,2,3550.0,4,2026 Q3,420.0,435.83,368.05,503.61
North Bendigo,house,3,3550.0,4,2026 Q3,480.0,497.17,429.39,564.95
North Bendigo,house,4,3550.0,4,2026 Q3,550.0,568.58,500.81,636.36
North Geelong,flat,1,3215.0,4,2026 Q3,330.0,343.2,275.42,410.98
North Geelong,flat,2,3215.0,4,2026 Q3,420.0,432.36,364.58,500.14
North Geelong,flat,3,3215.0,4,2026 Q3,500.0,513.29,445.51,581.06
North Geelong,house,2,3215.0,4,2026 Q3,440.0,453.02,385.24,520.8
North Geelong,house,3,3215.0,4,2026 Q3,495.0,512.14,444.36,579.91
North Geelong,house,4,3215.0,4,2026 Q3,580.0,595.97,528.19,663.75
North Melbourne-West Melbourne,flat,1,3051.0,4,2026 Q3,525.0,544.11,476.33,611.89
North Melbourne-West Melbourne,flat,2,3051.0,4,2026 Q3,660.0,676.35,608.57,744.13
North Melbourne-West Melbourne,flat,3,3051.0,4,2026 Q3,882.0,889.83,822.05,957.61
North Melbourne-West Melbourne,house,2,3051.0,4,2026 Q3,650.0,665.99,598.21,733.77
North Melbourne-West Melbourne,house,3,3051.0,4,2026 Q3,853.0,864.48,796.7,932.26
North Melbourne-West Melbourne,house,4,3051.0,4,2026 Q3,1080.0,1087.36,1019.58,1155.14
Northcote,flat,1,3070.0,4,2026 Q3,420.0,437.88,370.1,505.66
Northcote,flat,2,3070.0,4,2026 Q3,600.0,614.83,547.05,682.61
Northcote,flat,3,3070.0,4,2026 Q3,850.0,863.39,795.61,931.16
Northcote,house,2,3070.0,4,2026 Q3,700.0,710.57,642.79,778.35
Northcote,house,3,3070.0,4,2026 Q3,850.0,858.11,790.33,925.89
Northcote,house,4,3070.0,4,2026 Q3,1250.0,1260.23,1192.45,1328.01
Nunawading-Mitcham,flat,1,3132.0,4,2026 Q3,435.0,448.41,380.63,516.19
Nunawading-Mitcham,flat,2,3132.0,4,2026 Q3,520.0,535.51,467.73,603.28
Nunawading-Mitcham,flat,3,3132.0,4,2026 Q3,650.0,661.1,593.32,728.88
Nunawading-Mitcham,house,2,3132.0,4,2026 Q3,525.0,540.96,473.19,608.74
Nunawading-Mitcham,house,3,3132.0,4,2026 Q3,625.0,641.97,574.19,709.74
Nunawading-Mitcham,house,4,3132.0,4,2026 Q3,745.0,760.52,692.74,828.29
Oak Park-Glenroy-Fawkner,flat,1,3046.0,4,2026 Q3,385.0,397.11,329.33,464.89
Oak Park-Glenroy-Fawkner,flat,2,3046.0,4,2026 Q3,490.0,502.61,434.83,570.38
Oak Park-Glenroy-Fawkner,flat,3,3046.0,4,2026 Q3,600.0,610.66,542.88,678.44
Oak Park-Glenroy-Fawkner,house,2,3046.0,4,2026 Q3,500.0,512.45,444.67,580.23
Oak Park-Glenroy-Fawkner,house,3,3046.0,4,2026 Q3,551.0,564.78,497.01,632.56
Oak Park-Glenroy-Fawkner,house,4,3046.0,4,2026 Q3,660.0,674.86,607.08,742.64
Ocean Grove-Barwon Heads,flat,2,3226.0,4,2026 Q3,468.0,481.48,413.7,549.25
Ocean Grove-Barwon Heads,flat,3,3226.0,4,2026 Q3,560.0,569.68,501.9,637.46
Ocean Grove-Barwon Heads,house,2,3226.0,4,2026 Q3,520.0,535.79,468.02,603.57
Ocean Grove-Barwon Heads,house,3,3226.0,4,2026 Q3,550.0,563.98,496.2,631.75
Ocean Grove-Barwon Heads,house,4,3226.0,4,2026 Q3,650.0,665.7,597.92,733.48
Pakenham,flat,2,3810.0,4,2026 Q3,450.0,462.85,395.08,530.63
Pakenham,flat,3,3810.0,4,2026 Q3,500.0,515.12,447.34,582.9
Pakenham,house,2,3810.0,4,2026 Q3,460.0,472.81,405.04,540.59
Pakenham,house,3,3810.0,4,2026 Q3,530.0,544.82,477.04,612.6
Pakenham,house,4,3810.0,4,2026 Q3,590.0,605.27,537.49,673.05
Pascoe Vale-Coburg North,flat,1,3044.0,4,2026 Q3,280.0,296.14,228.36,363.92
Pascoe Vale-Coburg North,flat,2,3044.0,4,2026 Q3,500.0,511.41,443.64,579.19
Pascoe Vale-Coburg North,flat,3,3044.0,4,2026 Q3,628.0,640.29,572.51,708.07
Pascoe Vale-Coburg North,house,2,3044.0,4,2026 Q3,540.0,552.08,484.3,619.86
Pascoe Vale-Coburg North,house,3,3044.0,4,2026 Q3,620.0,632.16,564.38,699.94
Pascoe Vale-Coburg North,house,4,3044.0,4,2026 Q3,785.0,791.38,723.6,859.16
Port Melbourne,flat,1,3207.0,4,2026 Q3,550.0,568.38,500.61,636.16
Port Melbourne,flat,2,3207.0,4,2026 Q3,745.0,762.5,694.72,830.28
Port Melbourne,flat,3,3207.0,4,2026 Q3,1175.0,1182.5,1114.73,1250.28
Port Melbourne,house,2,3207.0,4,2026 Q3,740.0,759.16,691.38,826.94
Port Melbourne,house,3,3207.0,4,2026 Q3,980.0,987.26,919.48,1055.04
Port Melbourne,house,4,3207.0,4,2026 Q3,1125.0,1127.39,1059.61,1195.17
Portland,flat,1,3305.0,4,2026 Q3,345.0,357.19,289.41,424.97
Portland,flat,2,3305.0,4,2026 Q3,350.0,361.11,293.34,428.89
Portland,flat,3,3305.0,4,2026 Q3,475.0,493.51,425.73,561.29
Portland,house,2,3305.0,4,2026 Q3,380.0,390.36,322.59,458.14
Portland,house,3,3305.0,4,2026 Q3,430.0,444.09,376.32,511.87
Portland,house,4,3305.0,4,2026 Q3,565.0,575.45,507.67,643.23
Prahran-Windsor,flat,1,3181.0,4,2026 Q3,460.0,483.07,415.29,550.85
Prahran-Windsor,flat,2,3181.0,4,2026 Q3,650.0,670.43,602.65,738.21
Prahran-Windsor,flat,3,3181.0,4,2026 Q3,950.0,963.68,895.91,1031.46
Prahran-Windsor,house,2,3181.0,4,2026 Q3,775.0,788.7,720.92,856.48
Prahran-Windsor,house,3,3181.0,4,2026 Q3,975.0,984.29,916.51,1052.07
Prahran-Windsor,house,4,3181.0,4,2026 Q3,1350.0,1347.52,1279.74,1415.3
Preston,flat,1,3072.0,4,2026 Q3,440.0,458.19,390.41,525.97
Preston,flat,2,3072.0,4,2026 Q3,550.0,565.66,497.88,633.44
Preston,flat,3,3072.0,4,2026 Q3,695.0,707.1,639.32,774.88
Preston,house,2,3072.0,4,2026 Q3,588.0,602.02,534.24,669.8
Preston,house,3,3072.0,4,2026 Q3,675.0,691.65,623.87,759.43
Preston,house,4,3072.0,4,2026 Q3,925.0,937.36,869.58,1005.14
Reservoir,flat,1,3073.0,4,2026 Q3,400.0,412.0,344.22,479.78
Reservoir,flat,2,3073.0,4,2026 Q3,500.0,513.61,445.83,581.39
Reservoir,flat,3,3073.0,4,2026 Q3,620.0,634.65,566.87,702.42
Reservoir,house,2,3073.0,4,2026 Q3,500.0,512.72,444.94,580.5
Reservoir,house,3,3073.0,4,2026 Q3,560.0,575.79,508.01,643.57
Reservoir,house,4,3073.0,4,2026 Q3,700.0,717.81,650.03,785.59
Richmond-Burnley,flat,1,3121.0,4,2026 Q3,510.0,531.99,464.22,599.77
Richmond-Burnley,flat,2,3121.0,4,2026 Q3,700.0,716.87,649.09,784.65
Richmond-Burnley,flat,3,3121.0,4,2026 Q3,1000.0,1005.29,937.51,1073.07
Richmond-Burnley,house,2,3121.0,4,2026 Q3,750.0,766.17,698.39,833.95
Richmond-Burnley,house,3,3121.0,4,2026 Q3,990.0,1001.32,933.54,1069.1
Richmond-Burnley,house,4,3121.0,4,2026 Q3,1315.0,1316.33,1248.55,1384.11
Ringwood,flat,1,3134.0,4,2026 Q3,440.0,454.91,387.13,522.69
Ringwood,flat,2,3134.0,4,2026 Q3,520.0,534.93,467.15,602.71
Ringwood,flat,3,3134.0,4,2026 Q3,620.0,632.0,564.22,699.77
Ringwood,house,2,3134.0,4,2026 Q3,520.0,534.51,466.73,602.29
Ringwood,house,3,3134.0,4,2026 Q3,600.0,614.56,546.78,682.34
Ringwood,house,4,3134.0,4,2026 Q3,710.0,723.89,656.12,791.67
Rowville,flat,2,3178.0,4,2026 Q3,530.0,540.15,472.38,607.93
Rowville,flat,3,3178.0,4,2026 Q3,628.0,639.07,571.29,706.85
Rowville,house,3,3178.0,4,2026 Q3,600.0,611.57,543.8,679.35
Rowville,house,4,3178.0,4,2026 Q3,725.0,735.17,667.39,802.95
Sale-Maffra,flat,1,3850.0,4,2026 Q3,253.0,265.92,198.15,333.7
Sale-Maffra,flat,2,3850.0,4,2026 Q3,360.0,373.04,305.26,440.82
Sale-Maffra,flat,3,3850.0,4,2026 Q3,470.0,484.59,416.81,552.36
Sale-Maffra,house,2,3850.0,4,2026 Q3,400.0,414.32,346.54,482.1
Sale-Maffra,house,3,3850.0,4,2026 Q3,450.0,464.96,397.19,532.74
Sale-Maffra,house,4,3850.0,4,2026 Q3,550.0,567.09,499.31,634.87
Seaford-Carrum Downs,flat,1,3198.0,4,2026 Q3,380.0,395.02,327.24,462.8
Seaford-Carrum Downs,flat,2,3198.0,4,2026 Q3,470.0,484.19,416.41,551.97
Seaford-Carrum Downs,flat,3,3198.0,4,2026 Q3,560.0,574.58,506.81,642.36
Seaford-Carrum Downs,house,2,3198.0,4,2026 Q3,490.0,504.45,436.67,572.23
Seaford-Carrum Downs,house,3,3198.0,4,2026 Q3,560.0,576.06,508.28,643.84
Seaford-Carrum Downs,house,4,3198.0,4,2026 Q3,660.0,674.59,606.81,742.37
Sebastopol-Delacombe,flat,1,3356.0,4,2026 Q3,300.0,307.83,240.05,375.61
Sebastopol-Delacombe,flat,2,3356.0,4,2026 Q3,350.0,362.22,294.44,430.0
Sebastopol-Delacombe,flat,3,3356.0,4,2026 Q3,390.0,404.51,336.73,472.29
Sebastopol-Delacombe,house,2,3356.0,4,2026 Q3,360.0,373.17,305.39,440.95
Sebastopol-Delacombe,house,3,3356.0,4,2026 Q3,400.0,415.48,347.7,483.26
Sebastopol-Delacombe,house,4,3356.0,4,2026 Q3,455.0,472.31,404.53,540.09
Seymour,flat,1,3660.0,4,2026 Q3,275.0,285.35,217.57,353.13
Seymour,flat,2,3660.0,4,2026 Q3,360.0,372.76,304.98,440.54
Seymour,house,2,3660.0,4,2026 Q3,380.0,389.22,321.44,457.0
Seymour,house,3,3660.0,4,2026 Q3,420.0,435.58,367.81,503.36
Seymour,house,4,3660.0,4,2026 Q3,530.0,544.44,476.66,612.22
Shepparton,flat,1,3630.0,4,2026 Q3,290.0,303.4,235.63,371.18
Shepparton,flat,2,3630.0,4,2026 Q3,385.0,400.2,332.42,467.98
Shepparton,flat,3,3630.0,4,2026 Q3,490.0,503.07,435.29,570.85
Shepparton,house,2,3630.0,4,2026 Q3,390.0,403.42,335.64,471.2
Shepparton,house,3,3630.0,4,2026 Q3,475.0,491.11,423.33,558.89
Shepparton,house,4,3630.0,4,2026 Q3,590.0,604.46,536.68,672.24
South Melbourne,flat,1,3205.0,4,2026 Q3,548.0,566.61,498.83,634.39
South Melbourne,flat,2,3205.0,4,2026 Q3,700.0,716.86,649.08,784.64
South Melbourne,flat,3,3205.0,4,2026 Q3,950.0,953.6,885.82,1021.38
South Melbourne,house,2,3205.0,4,2026 Q3,750.0,767.54,699.76,835.32
South Melbourne,house,3,3205.0,4,2026 Q3,950.0,952.58,884.8,1020.36
South Yarra,flat,1,3141.0,4,2026 Q3,500.0,520.32,452.54,588.1
South Yarra,flat,2,3141.0,4,2026 Q3,700.0,715.15,647.37,782.93
South Yarra,flat,3,3141.0,4,2026 Q3,1100.0,1108.84,1041.06,1176.62
South Yarra,house,2,3141.0,4,2026 Q3,780.0,792.43,724.65,860.2
South Yarra,house,3,3141.0,4,2026 Q3,1100.0,1100.87,1033.1,1168.65
South Yarra,house,4,3141.0,4,2026 Q3,1700.0,1674.46,1606.68,1742.24
Southbank,flat,1,3006.0,4,2026 Q3,570.0,591.35,523.57,659.13
Southbank,flat,2,3006.0,4,2026 Q3,720.0,736.29,668.52,804.07
Southbank,flat,3,3006.0,4,2026 Q3,1010.0,1016.18,948.4,1083.96
Springvale,flat,1,3171.0,4,2026 Q3,370.0,385.62,317.84,453.4
Springvale,flat,2,3171.0,4,2026 Q3,520.0,534.61,466.83,602.39
Springvale,flat,3,3171.0,4,2026 Q3,650.0,664.29,596.51,732.06
Springvale,house,2,3171.0,4,2026 Q3,510.0,523.97,456.2,591.75
Springvale,house,3,3171.0,4,2026 Q3,570.0,586.42,518.64,654.2
Springvale,house,4,3171.0,4,2026 Q3,683.0,698.5,630.72,766.28
St Albans-Deer Park,flat,1,3021.0,4,2026 Q3,330.0,342.75,274.97,410.53
St Albans-Deer Park,flat,2,3021.0,4,2026 Q3,420.0,432.9,365.12,500.68
St Albans-Deer Park,flat,3,3021.0,4,2026 Q3,482.0,496.23,428.45,564.01
St Albans-Deer Park,house,2,3021.0,4,2026 Q3,420.0,431.56,363.78,499.33
St Albans-Deer Park,house,3,3021.0,4,2026 Q3,470.0,485.88,418.1,553.66
St Albans-Deer Park,house,4,3021.0,4,2026 Q3,550.0,567.22,499.44,635.0
St Kilda,flat,1,3182.0,4,2026 Q3,465.0,484.58,416.8,552.36
St Kilda,flat,2,3182.0,4,2026 Q3,630.0,647.0,579.23,714.78
St Kilda,flat,3,3182.0,4,2026 Q3,890.0,886.9,819.13,954.68
St Kilda,house,2,3182.0,4,2026 Q3,728.0,735.0,667.22,802.78
St Kilda,house,3,3182.0,4,2026 Q3,950.0,958.26,890.48,1026.04
St Kilda,house,4,3182.0,4,2026 Q3,1105.0,1097.03,1029.25,1164.81
Sunbury,flat,2,3429.0,4,2026 Q3,440.0,454.31,386.53,522.09
Sunbury,flat,3,3429.0,4,2026 Q3,480.0,494.91,427.13,562.69
Sunbury,house,2,3429.0,4,2026 Q3,440.0,452.63,384.85,520.41
Sunbury,house,3,3429.0,4,2026 Q3,490.0,505.89,438.11,573.67
Sunbury,house,4,3429.0,4,2026 Q3,570.0,584.53,516.75,652.3
Sunshine,flat,1,3020.0,4,2026 Q3,330.0,341.96,274.18,409.74
Sunshine,flat,2,3020.0,4,2026 Q3,410.0,420.44,352.66,488.21
Sunshine,flat,3,3020.0,4,2026 Q3,530.0,541.61,473.84,609.39
Sunshine,house,2,3020.0,4,2026 Q3,460.0,471.37,403.59,539.15
Sunshine,house,3,3020.0,4,2026 Q3,495.0,511.49,443.71,579.27
Sunshine,house,4,3020.0,4,2026 Q3,600.0,615.65,547.88,683.43
Swan Hill,flat,1,3585.0,4,2026 Q3,245.0,259.69,191.91,327.47
Swan Hill,flat,2,3585.0,4,2026 Q3,355.0,367.08,299.3,434.86
Swan Hill,house,3,3585.0,4,2026 Q3,475.0,492.16,424.38,559.94
Swan Hill,house,4,3585.0,4,2026 Q3,560.0,573.54,505.76,641.32
Sydenham,flat,2,3037.0,4,2026 Q3,450.0,460.33,392.55,528.11
Sydenham,flat,3,3037.0,4,2026 Q3,460.0,472.76,404.98,540.54
Sydenham,house,2,3037.0,4,2026 Q3,440.0,451.6,383.82,519.37
Sydenham,house,3,3037.0,4,2026 Q3,480.0,494.16,426.38,561.94
Sydenham,house,4,3037.0,4,2026 Q3,530.0,545.39,477.61,613.17
Thomastown-Lalor,flat,1,3074.0,4,2026 Q3,375.0,386.2,318.42,453.98
Thomastown-Lalor,flat,2,3074.0,4,2026 Q3,450.0,461.51,393.73,529.29
Thomastown-Lalor,flat,3,3074.0,4,2026 Q3,501.0,514.36,446.58,582.14
Thomastown-Lalor,house,2,3074.0,4,2026 Q3,470.0,483.72,415.94,551.5
Thomastown-Lalor,house,3,3074.0,4,2026 Q3,510.0,524.86,457.08,592.64
Thomastown-Lalor,house,4,3074.0,4,2026 Q3,590.0,605.79,538.01,673.56
Thornbury,flat,1,3071.0,4,2026 Q3,400.0,418.7,350.93,486.48
Thornbury,flat,2,3071.0,4,2026 Q3,520.0,538.86,471.08,606.63
Thornbury,flat,3,3071.0,4,2026 Q3,748.0,763.23,695.45,831.01
Thornbury,house,2,3071.0,4,2026 Q3,650.0,660.83,593.05,728.6
Thornbury,house,3,3071.0,4,2026 Q3,798.0,810.12,742.35,877.9
Thornbury,house,4,3071.0,4,2026 Q3,960.0,961.72,893.94,1029.5
Toorak,flat,1,3142.0,4,2026 Q3,445.0,464.84,397.06,532.62
Toorak,flat,2,3142.0,4,2026 Q3,650.0,664.37,596.59,732.15
Toorak,flat,3,3142.0,4,2026 Q3,1000.0,1007.55,939.77,1075.33
Toorak,house,2,3142.0,4,2026 Q3,695.0,707.73,639.95,775.51
Toorak,house,3,3142.0,4,2026 Q3,1250.0,1239.75,1171.97,1307.53
Toorak,house,4,3142.0,4,2026 Q3,1875.0,1855.82,1788.04,1923.6
Torquay,flat,2,3228.0,4,2026 Q3,500.0,513.43,445.65,581.2
Torquay,flat,3,3228.0,4,2026 Q3,660.0,674.68,606.9,742.45
Torquay,house,2,3228.0,4,2026 Q3,535.0,544.97,477.19,612.75
Torquay,house,3,3228.0,4,2026 Q3,650.0,662.0,594.22,729.78
Torquay,house,4,3228.0,4,2026 Q3,750.0,767.79,700.01,835.57
Traralgon,flat,1,3844.0,4,2026 Q3,293.0,306.76,238.98,374.54
Traralgon,flat,2,3844.0,4,2026 Q3,365.0,379.25,311.47,447.03
Traralgon,flat,3,3844.0,4,2026 Q3,488.0,505.58,437.8,573.36
Traralgon,house,2,3844.0,4,2026 Q3,390.0,403.83,336.05,471.61
Traralgon,house,3,3844.0,4,2026 Q3,460.0,477.08,409.3,544.86
Traralgon,house,4,3844.0,4,2026 Q3,580.0,597.13,529.35,664.91
Vermont-Forest Hill-Burwood East,flat,1,3133.0,4,2026 Q3,530.0,539.31,471.53,607.09
Vermont-Forest Hill-Burwood East,flat,2,3133.0,4,2026 Q3,578.0,590.7,522.92,658.48
Vermont-Forest Hill-Burwood East,flat,3,3133.0,4,2026 Q3,650.0,660.76,592.98,728.54
Vermont-Forest Hill-Burwood East,house,2,3133.0,4,2026 Q3,540.0,553.36,485.58,621.14
Vermont-Forest Hill-Burwood East,house,3,3133.0,4,2026 Q3,630.0,646.67,578.89,714.45
Vermont-Forest Hill-Burwood East,house,4,3133.0,4,2026 Q3,750.0,762.79,695.01,830.57
Wanagaratta,flat,1,3677.0,4,2026 Q3,267.0,276.07,208.29,343.85
Wanagaratta,flat,2,3677.0,4,2026 Q3,350.0,362.39,294.61,430.17
Wanagaratta,flat,3,3677.0,4,2026 Q3,420.0,429.39,361.61,497.17
Wanagaratta,house,2,3677.0,4,2026 Q3,400.0,412.62,344.84,480.4
Wanagaratta,house,3,3677.0,4,2026 Q3,480.0,496.4,428.62,564.18
Wanagaratta,house,4,3677.0,4,2026 Q3,555.0,566.54,498.76,634.32
Wantirna-Scoresby,flat,1,3152.0,4,2026 Q3,287.0,287.58,219.8,355.36
Wantirna-Scoresby,flat,2,3152.0,4,2026 Q3,510.0,518.19,450.41,585.97
Wantirna-Scoresby,flat,3,3152.0,4,2026 Q3,610.0,622.92,555.14,690.7
Wantirna-Scoresby,house,2,3152.0,4,2026 Q3,550.0,562.99,495.21,630.77
Wantirna-Scoresby,house,3,3152.0,4,2026 Q3,597.0,611.98,544.2,679.76
Wantirna-Scoresby,house,4,3152.0,4,2026 Q3,700.0,712.7,644.92,780.48
Warragul,flat,2,3820.0,4,2026 Q3,410.0,424.89,357.11,492.66
Warragul,house,2,3820.0,4,2026 Q3,420.0,433.51,365.74,501.29
Warragul,house,3,3820.0,4,2026 Q3,483.0,498.83,431.05,566.61
Warragul,house,4,3820.0,4,2026 Q3,590.0,605.53,537.75,673.31
Warrnambool,flat,1,3280.0,4,2026 Q3,345.0,359.32,291.54,427.1
Warrnambool,flat,2,3280.0,4,2026 Q3,420.0,434.91,367.13,502.69
Warrnambool,flat,3,3280.0,4,2026 Q3,500.0,513.8,446.02,581.58
Warrnambool,house,2,3280.0,4,2026 Q3,450.0,461.72,393.95,529.5
Warrnambool,house,3,3280.0,4,2026 Q3,550.0,564.05,496.27,631.83
Warrnambool,house,4,3280.0,4,2026 Q3,680.0,694.81,627.03,762.59
Wendouree-Alfredton,flat,1,3355.0,4,2026 Q3,285.0,295.22,227.45,363.0
Wendouree-Alfredton,flat,2,3355.0,4,2026 Q3,350.0,362.0,294.23,429.78
Wendouree-Alfredton,flat,3,3355.0,4,2026 Q3,413.0,427.73,359.95,495.51
Wendouree-Alfredton,house,2,3355.0,4,2026 Q3,370.0,381.8,314.02,449.58
Wendouree-Alfredton,house,3,3355.0,4,2026 Q3,410.0,425.07,357.29,492.85
Wendouree-Alfredton,house,4,3355.0,4,2026 Q3,480.0,497.5,429.72,565.28
Werribee-Hoppers Crossing,flat,1,3030.0,4,2026 Q3,350.0,358.94,291.16,426.72
Werribee-Hoppers Crossing,flat,2,3030.0,4,2026 Q3,405.0,415.82,348.04,483.6
Werribee-Hoppers Crossing,flat,3,3030.0,4,2026 Q3,450.0,462.53,394.75,530.31
Werribee-Hoppers Crossing,house,2,3030.0,4,2026 Q3,420.0,431.24,363.46,499.01
Werribee-Hoppers Crossing,house,3,3030.0,4,2026 Q3,460.0,472.38,404.6,540.16
Werribee-Hoppers Crossing,house,4,3030.0,4,2026 Q3,525.0,539.89,472.11,607.67
West Brunswick,flat,1,3055.0,4,2026 Q3,400.0,418.39,350.62,486.17
West Brunswick,flat,2,3055.0,4,2026 Q3,500.0,515.23,447.45,583.01
West Brunswick,flat,3,3055.0,4,2026 Q3,725.0,739.11,671.33,806.88
West Brunswick,house,2,3055.0,4,2026 Q3,590.0,602.61,534.83,670.39
West Brunswick,house,3,3055.0,4,2026 Q3,755.0,766.08,698.3,833.86
West Brunswick,house,4,3055.0,4,2026 Q3,1000.0,1017.93,950.15,1085.71
West Footscray,flat,1,3012.0,4,2026 Q3,365.0,381.37,313.59,449.14
West Footscray,flat,2,3012.0,4,2026 Q3,475.0,488.42,420.64,556.2
West Footscray,flat,3,3012.0,4,2026 Q3,620.0,634.37,566.59,702.15
West Footscray,house,2,3012.0,4,2026 Q3,500.0,512.82,445.04,580.6
West Footscray,house,3,3012.0,4,2026 Q3,600.0,613.33,545.55,681.11
West Footscray,house,4,3012.0,4,2026 Q3,725.0,738.97,671.19,806.75
Whittlesea,flat,2,3757.0,4,2026 Q3,440.0,449.56,381.78,517.34
Whittlesea,flat,3,3757.0,4,2026 Q3,500.0,511.75,443.97,579.53
Whittlesea,house,2,3757.0,4,2026 Q3,450.0,460.25,392.47,528.03
Whittlesea,house,3,3757.0,4,2026 Q3,510.0,522.15,454.37,589.93
Whittlesea,house,4,3757.0,4,2026 Q3,550.0,563.29,495.51,631.07
Williamstown,flat,1,3016.0,4,2026 Q3,420.0,427.45,359.67,495.23
Williamstown,flat,2,3016.0,4,2026 Q3,523.0,537.07,469.29,604.85
Williamstown,flat,3,3016.0,4,2026 Q3,670.0,685.38,617.6,753.16
Williamstown,house,2,3016.0,4,2026 Q3,600.0,610.12,542.34,677.9
Williamstown,house,3,3016.0,4,2026 Q3,800.0,812.61,744.83,880.39
Williamstown,house,4,3016.0,4,2026 Q3,1000.0,1012.3,944.52,1080.08
Wodonga,flat,1,3690.0,4,2026 Q3,290.0,304.65,236.87,372.43
Wodonga,flat,2,3690.0,4,2026 Q3,385.0,401.31,333.53,469.09
Wodonga,flat,3,3690.0,4,2026 Q3,450.0,464.82,397.05,532.6
Wodonga,house,2,3690.0,4,2026 Q3,418.0,430.09,362.32,497.87
Wodonga,house,3,3690.0,4,2026 Q3,500.0,515.01,447.24,582.79
Wodonga,house,4,3690.0,4,2026 Q3,590.0,604.84,537.06,672.62
Yarra Ranges,flat,1,3138.0,4,2026 Q3,350.0,361.82,294.04,429.6
Yarra Ranges,flat,2,3138.0,4,2026 Q3,488.0,505.68,437.9,573.46
Yarra Ranges,flat,3,3138.0,4,2026 Q3,550.0,565.49,497.72,633.27
Yarra Ranges,house,2,3138.0,4,2026 Q3,500.0,513.12,445.34,580.9
Yarra Ranges,house,3,3138.0,4,2026 Q3,595.0,610.15,542.37,677.93
Yarra Ranges,house,4,3138.0,4,2026 Q3,695.0,706.27,638.5,774.05
Yarraville-Seddon,flat,1,3013.0,4,2026 Q3,393.0,409.64,341.86,477.42
Yarraville-Seddon,flat,2,3013.0,4,2026 Q3,520.0,536.52,468.74,604.3
Yarraville-Seddon,flat,3,3013.0,4,2026 Q3,730.0,744.93,677.16,812.71
Yarraville-Seddon,house,2,3013.0,4,2026 Q3,600.0,609.99,542.21,677.77
Yarraville-Seddon,house,3,3013.0,4,2026 Q3,720.0,733.62,665.84,801.4
Yarraville-Seddon,house,4,3013.0,4,2026 Q3,850.0,856.96,789.18,924.74
Albert Park-Middle Park-West St Kilda,flat,1,3206.0,5,2026 Q4,450.0,475.28,391.22,559.35
Albert Park-Middle Park-West St Kilda,flat,2,3206.0,5,2026 Q4,643.0,662.59,578.53,746.66
Albert Park-Middle Park-West St Kilda,flat,3,3206.0,5,2026 Q4,825.0,827.25,743.18,911.31
Albert Park-Middle Park-West St Kilda,house,2,3206.0,5,2026 Q4,760.0,771.46,687.39,855.52
Albert Park-Middle Park-West St Kilda,house,3,3206.0,5,2026 Q4,1150.0,1153.12,1069.05,1237.18
Albert Park-Middle Park-West St Kilda,house,4,3206.0,5,2026 Q4,1400.0,1382.08,1298.01,1466.15
Altona,flat,1,3018.0,5,2026 Q4,385.0,402.91,318.85,486.98
Altona,flat,2,3018.0,5,2026 Q4,475.0,491.09,407.02,575.15
Altona,flat,3,3018.0,5,2026 Q4,550.0,566.09,482.02,650.16
Altona,house,2,3018.0,5,2026 Q4,490.0,506.57,422.51,590.64
Altona,house,3,3018.0,5,2026 Q4,530.0,549.32,465.26,633.39
Altona,house,4,3018.0,5,2026 Q4,580.0,601.15,517.08,685.21
Armadale,flat,1,3143.0,5,2026 Q4,450.0,474.09,390.02,558.15
Armadale,flat,2,3143.0,5,2026 Q4,650.0,671.53,587.47,755.6
Armadale,flat,3,3143.0,5,2026 Q4,1000.0,1022.23,938.17,1106.3
Armadale,house,2,3143.0,5,2026 Q4,830.0,849.6,765.53,933.67
Armadale,house,3,3143.0,5,2026 Q4,1100.0,1098.14,1014.07,1182.2
Armadale,house,4,3143.0,5,2026 Q4,1738.0,1752.17,1668.11,1836.24
Aspendale-Chelsea-Carrum,flat,1,3195.0,5,2026 Q4,435.0,451.8,367.73,535.86
Aspendale-Chelsea-Carrum,flat,2,3195.0,5,2026 Q4,545.0,565.3,481.24,649.37
Aspendale-Chelsea-Carrum,flat,3,3195.0,5,2026 Q4,675.0,691.95,607.88,776.02
Aspendale-Chelsea-Carrum,house,2,3195.0,5,2026 Q4,550.0,568.47,484.4,652.53
Aspendale-Chelsea-Carrum,house,3,3195.0,5,2026 Q4,680.0,695.98,611.91,780.05
Aspendale-Chelsea-Carrum,house,4,3195.0,5,2026 Q4,870.0,882.76,798.7,966.83
Bairnsdale,flat,1,3860.0,5,2026 Q4,290.0,304.59,220.52,388.65
Bairnsdale,flat,2,3860.0,5,2026 Q4,370.0,386.2,302.13,470.26
Bairnsdale,flat,3,3860.0,5,2026 Q4,458.0,475.41,391.35,559.48
Bairnsdale,house,2,3860.0,5,2026 Q4,390.0,406.09,322.02,490.15
Bairnsdale,house,3,3860.0,5,2026 Q4,460.0,478.33,394.26,562.39
Bairnsdale,house,4,3860.0,5,2026 Q4,550.0,567.12,483.06,651.19
Ballarat,flat,1,3350.0,5,2026 Q4,285.0,299.51,215.45,383.58
Ballarat,flat,2,3350.0,5,2026 Q4,360.0,376.47,292.4,460.53
Ballarat,flat,3,3350.0,5,2026 Q4,400.0,418.32,334.26,502.39
Ballarat,house,2,3350.0,5,2026 Q4,360.0,375.93,291.87,460.0
Ballarat,house,3,3350.0,5,2026 Q4,410.0,430.3,346.24,514.37
Ballarat,house,4,3350.0,5,2026 Q4,475.0,497.39,413.33,581.46
Balwyn,flat,1,3103.0,5,2026 Q4,500.0,519.35,435.28,603.42
Balwyn,flat,2,3103.0,5,2026 Q4,588.0,606.73,522.66,690.79
Balwyn,flat,3,3103.0,5,2026 Q4,798.0,809.66,725.59,893.72
Balwyn,house,2,3103.0,5,2026 Q4,570.0,588.02,503.96,672.09
Balwyn,house,3,3103.0,5,2026 Q4,750.0,771.38,687.32,855.45
Balwyn,house,4,3103.0,5,2026 Q4,1000.0,1005.89,921.82,1089.95
Bayswater,flat,1,3153.0,5,2026 Q4,393.0,412.14,328.07,496.2
Bayswater,flat,2,3153.0,5,2026 Q4,493.0,510.76,426.69,594.82
Bayswater,flat,3,3153.0,5,2026 Q4,590.0,605.3,521.23,689.36
Bayswater,house,2,3153.0,5,2026 Q4,500.0,515.02,430.95,599.08
Bayswater,house,3,3153.0,5,2026 Q4,590.0,608.47,524.41,692.54
Bayswater,house,4,3153.0,5,2026 Q4,675.0,695.5,611.44,779.57
Belmont-Grovedale,flat,1,3216.0,5,2026 Q4,340.0,359.94,275.87,444.01
Belmont-Grovedale,flat,2,3216.0,5,2026 Q4,430.0,448.14,364.07,532.2
Belmont-Grovedale,flat,3,3216.0,5,2026 Q4,500.0,521.11,437.04,605.17
Belmont-Grovedale,house,2,3216.0,5,2026 Q4,450.0,468.9,384.84,552.97
Belmont-Grovedale,house,3,3216.0,5,2026 Q4,500.0,521.91,437.84,605.97
Belmont-Grovedale,house,4,3216.0,5,2026 Q4,550.0,573.75,489.68,657.81
Benalla,flat,1,3672.0,5,2026 Q4,305.0,324.38,240.32,408.45
Benalla,flat,2,3672.0,5,2026 Q4,370.0,385.76,301.7,469.83
Benalla,house,2,3672.0,5,2026 Q4,380.0,395.07,311.01,479.14
Benalla,house,3,3672.0,5,2026 Q4,450.0,466.68,382.61,550.75
Benalla,house,4,3672.0,5,2026 Q4,570.0,591.02,506.96,675.09
Bendigo,flat,1,3550.0,5,2026 Q4,330.0,347.61,263.54,431.67
Bendigo,flat,2,3550.0,5,2026 Q4,400.0,414.97,330.9,499.03
Bendigo,house,2,3550.0,5,2026 Q4,470.0,485.47,401.41,569.54
Bendigo,house,3,3550.0,5,2026 Q4,480.0,499.61,415.55,583.68
Bendigo,house,4,3550.0,5,2026 Q4,580.0,603.74,519.67,687.8
Bentleigh,flat,1,3204.0,5,2026 Q4,405.0,427.53,343.46,511.59
Bentleigh,flat,2,3204.0,5,2026 Q4,590.0,610.83,526.76,694.89
Bentleigh,flat,3,3204.0,5,2026 Q4,750.0,763.25,679.19,847.32
Bentleigh,house,2,3204.0,5,2026 Q4,600.0,618.08,534.01,702.14
Bentleigh,house,3,3204.0,5,2026 Q4,735.0,752.95,668.88,837.01
Bentleigh,house,4,3204.0,5,2026 Q4,1025.0,1033.62,949.56,1117.69
Berwick,flat,2,3806.0,5,2026 Q4,500.0,514.82,430.75,598.88
Berwick,flat,3,3806.0,5,2026 Q4,550.0,567.43,483.36,651.49
Berwick,house,2,3806.0,5,2026 Q4,490.0,504.6,420.53,588.66
Berwick,house,3,3806.0,5,2026 Q4,560.0,577.16,493.09,661.22
Berwick,house,4,3806.0,5,2026 Q4,620.0,638.08,554.01,722.14
Blackburn,flat,1,3130.0,5,2026 Q4,460.0,475.76,391.7,559.83
Blackburn,flat,2,3130.0,5,2026 Q4,550.0,565.43,481.36,649.49
Blackburn,flat,3,3130.0,5,2026 Q4,644.0,657.64,573.57,741.7
Blackburn,house,2,3130.0,5,2026 Q4,550.0,565.67,481.61,649.74
Blackburn,house,3,3130.0,5,2026 Q4,620.0,640.41,556.35,724.48
Blackburn,house,4,3130.0,5,2026 Q4,800.0,819.76,735.69,903.82
Boronia,flat,1,3155.0,5,2026 Q4,400.0,410.9,326.84,494.97
Boronia,flat,2,3155.0,5,2026 Q4,500.0,515.74,431.67,599.81
Boronia,flat,3,3155.0,5,2026 Q4,600.0,616.86,532.79,700.93
Boronia,house,2,3155.0,5,2026 Q4,520.0,540.07,456.01,624.14
Boronia,house,3,3155.0,5,2026 Q4,590.0,608.88,524.82,692.95
Boronia,house,4,3155.0,5,2026 Q4,680.0,700.06,616.0,784.13
Box Hill,flat,1,3128.0,5,2026 Q4,490.0,505.06,420.99,589.12
Box Hill,flat,2,3128.0,5,2026 Q4,610.0,625.78,541.71,709.84
Box Hill,flat,3,3128.0,5,2026 Q4,710.0,722.79,638.72,806.85
Box Hill,house,2,3128.0,5,2026 Q4,540.0,562.96,478.9,647.03
Box Hill,house,3,3128.0,5,2026 Q4,650.0,670.53,586.47,754.6
Box Hill,house,4,3128.0,5,2026 Q4,808.0,825.21,741.14,909.27
Brighton,flat,1,3186.0,5,2026 Q4,498.0,532.66,448.6,616.73
Brighton,flat,2,3186.0,5,2026 Q4,680.0,707.57,623.5,791.63
Brighton,flat,3,3186.0,5,2026 Q4,1000.0,1012.63,928.57,1096.7
Brighton,house,2,3186.0,5,2026 Q4,760.0,778.74,694.68,862.81
Brighton,house,3,3186.0,5,2026 Q4,1150.0,1154.57,1070.5,1238.63
Brighton,house,4,3186.0,5,2026 Q4,1650.0,1633.97,1549.91,1718.04
Brighton East,flat,2,3187.0,5,2026 Q4,630.0,650.42,566.36,734.49
Brighton East,flat,3,3187.0,5,2026 Q4,738.0,753.71,669.64,837.77
Brighton East,house,2,3187.0,5,2026 Q4,690.0,711.97,627.91,796.04
Brighton East,house,3,3187.0,5,2026 Q4,940.0,955.55,871.48,1039.61
Brighton East,house,4,3187.0,5,2026 Q4,1295.0,1268.52,1184.46,1352.59
Broadmeadows-Roxburgh Park,flat,1,3047.0,5,2026 Q4,325.0,338.25,254.18,422.31
Broadmeadows-Roxburgh Park,flat,2,3047.0,5,2026 Q4,470.0,483.17,399.1,567.24
Broadmeadows-Roxburgh Park,flat,3,3047.0,5,2026 Q4,520.0,536.77,452.71,620.84
Broadmeadows-Roxburgh Park,house,2,3047.0,5,2026 Q4,460.0,474.0,389.94,558.07
Broadmeadows-Roxburgh Park,house,3,3047.0,5,2026 Q4,506.0,524.31,440.25,608.38
Broadmeadows-Roxburgh Park,house,4,3047.0,5,2026 Q4,600.0,615.83,531.76,699.89
Brunswick,flat,1,3056.0,5,2026 Q4,460.0,481.38,397.32,565.45
Brunswick,flat,2,3056.0,5,2026 Q4,600.0,620.26,536.19,704.32
Brunswick,flat,3,3056.0,5,2026 Q4,840.0,853.74,769.67,937.8
Brunswick,house,2,3056.0,5,2026 Q4,660.0,677.68,593.61,761.74
Brunswick,house,3,3056.0,5,2026 Q4,850.0,862.74,778.67,946.8
Brunswick,house,4,3056.0,5,2026 Q4,1000.0,1002.81,918.75,1086.88
Bulleen-Templestowe-Doncaster,flat,1,3108.0,5,2026 Q4,480.0,495.12,411.05,579.18
Bulleen-Templestowe-Doncaster,flat,2,3108.0,5,2026 Q4,595.0,611.8,527.73,695.86
Bulleen-Templestowe-Doncaster,flat,3,3108.0,5,2026 Q4,720.0,735.8,651.74,819.87
Bulleen-Templestowe-Doncaster,house,2,3108.0,5,2026 Q4,570.0,588.6,504.54,672.67
Bulleen-Templestowe-Doncaster,house,3,3108.0,5,2026 Q4,660.0,679.71,595.65,763.78
Bulleen-Templestowe-Doncaster,house,4,3108.0,5,2026 Q4,820.0,837.58,753.51,921.64
Bundoora-Greensborough-Hurstbridge,flat,1,3088.0,5,2026 Q4,420.0,434.96,350.89,519.02
Bundoora-Greensborough-Hurstbridge,flat,2,3088.0,5,2026 Q4,490.0,505.55,421.49,589.62
Bundoora-Greensborough-Hurstbridge,flat,3,3088.0,5,2026 Q4,580.0,593.18,509.11,677.24
Bundoora-Greensborough-Hurstbridge,house,2,3088.0,5,2026 Q4,500.0,514.29,430.22,598.35
Bundoora-Greensborough-Hurstbridge,house,3,3088.0,5,2026 Q4,570.0,587.86,503.79,671.92
Bundoora-Greensborough-Hurstbridge,house,4,3088.0,5,2026 Q4,600.0,618.53,534.47,702.6
Burwood-Ashburton,flat,1,3125.0,5,2026 Q4,450.0,473.42,389.36,557.49
Burwood-Ashburton,flat,2,3125.0,5,2026 Q4,570.0,585.34,501.28,669.41
Burwood-Ashburton,flat,3,3125.0,5,2026 Q4,720.0,735.23,651.16,819.29
Burwood-Ashburton,house,2,3125.0,5,2026 Q4,580.0,599.66,515.59,683.72
Burwood-Ashburton,house,3,3125.0,5,2026 Q4,650.0,666.74,582.67,750.8
Burwood-Ashburton,house,4,3125.0,5,2026 Q4,878.0,890.65,806.59,974.72
CBD-St Kilda Rd,flat,1,,5,2026 Q4,560.0,581.24,497.18,665.31
CBD-St Kilda Rd,flat,2,,5,2026 Q4,735.0,751.83,667.76,835.89
CBD-St Kilda Rd,flat,3,,5,2026 Q4,1050.0,1044.51,960.44,1128.57
Camberwell-Glen Iris,flat,1,3124.0,5,2026 Q4,440.0,462.61,378.54,546.67
Camberwell-Glen Iris,flat,2,3124.0,5,2026 Q4,600.0,621.96,537.89,706.02
Camberwell-Glen Iris,flat,3,3124.0,5,2026 Q4,815.0,827.82,743.75,911.88
Camberwell-Glen Iris,house,2,3124.0,5,2026 Q4,660.0,678.09,594.03,762.16
Camberwell-Glen Iris,house,3,3124.0,5,2026 Q4,838.0,851.04,766.98,935.11
Camberwell-Glen Iris,house,4,3124.0,5,2026 Q4,1195.0,1193.39,1109.32,1277.45
Canterbury-Surrey Hills-Mont Albert,flat,1,3127.0,5,2026 Q4,450.0,472.19,388.13,556.26
Canterbury-Surrey Hills-Mont Albert,flat,2,3127.0,5,2026 Q4,570.0,592.09,508.02,676.16
Canterbury-Surrey Hills-Mont Albert,flat,3,3127.0,5,2026 Q4,740.0,756.57,672.51,840.64
Canterbury-Surrey Hills-Mont Albert,house,2,3127.0,5,2026 Q4,620.0,640.16,556.09,724.22
Canterbury-Surrey Hills-Mont Albert,house,3,3127.0,5,2026 Q4,800.0,814.75,730.69,898.82
Canterbury-Surrey Hills-Mont Albert,house,4,3127.0,5,2026 Q4,1100.0,1100.67,1016.6,1184.73
Carlton North,flat,1,3054.0,5,2026 Q4,430.0,455.98,371.91,540.04
Carlton North,flat,2,3054.0,5,2026 Q4,600.0,624.3,540.23,708.37
Carlton North,flat,3,3054.0,5,2026 Q4,778.0,796.03,711.97,880.1
Carlton North,house,2,3054.0,5,2026 Q4,755.0,771.66,687.6,855.73
Carlton North,house,3,3054.0,5,2026 Q4,950.0,963.04,878.97,1047.1
Carlton-Parkville,flat,1,3053.0,5,2026 Q4,500.0,522.83,438.76,606.89
Carlton-Parkville,flat,2,3053.0,5,2026 Q4,670.0,689.97,605.91,774.04
Carlton-Parkville,flat,3,3053.0,5,2026 Q4,855.0,868.53,784.46,952.59
Carlton-Parkville,house,2,3053.0,5,2026 Q4,670.0,692.54,608.48,776.61
Carlton-Parkville,house,3,3053.0,5,2026 Q4,950.0,966.78,882.71,1050.84
Carlton-Parkville,house,4,3053.0,5,2026 Q4,1100.0,1093.79,1009.72,1177.85
Carnegie,flat,1,3163.0,5,2026 Q4,420.0,441.85,357.79,525.92
Carnegie,flat,2,3163.0,5,2026 Q4,595.0,610.45,526.38,694.51
Carnegie,flat,3,3163.0,5,2026 Q4,775.0,790.8,706.74,874.87
Carnegie,house,2,3163.0,5,2026 Q4,600.0,615.96,531.89,700.02
Carnegie,house,3,3163.0,5,2026 Q4,750.0,764.41,680.34,848.47
Carnegie,house,4,3163.0,5,2026 Q4,1100.0,1108.34,1024.27,1192.4
Castlemaine,flat,2,3450.0,5,2026 Q4,390.0,406.55,322.49,490.62
Castlemaine,house,2,3450.0,5,2026 Q4,430.0,444.51,360.44,528.57
Castlemaine,house,3,3450.0,5,2026 Q4,500.0,519.08,435.01,603.14
Castlemaine,house,4,3450.0,5,2026 Q4,580.0,601.39,517.33,685.46
Caulfield,flat,1,3162.0,5,2026 Q4,500.0,520.58,436.51,604.65
Caulfield,flat,2,3162.0,5,2026 Q4,630.0,652.84,568.78,736.91
Caulfield,flat,3,3162.0,5,2026 Q4,810.0,826.7,742.64,910.77
Caulfield,house,2,3162.0,5,2026 Q4,633.0,654.04,569.97,738.1
Caulfield,house,3,3162.0,5,2026 Q4,850.0,863.72,779.66,947.79
Caulfield,house,4,3162.0,5,2026 Q4,1250.0,1256.52,1172.46,1340.59
Chadstone-Oakleigh,flat,1,3166.0,5,2026 Q4,500.0,513.97,429.9,598.03
Chadstone-Oakleigh,flat,2,3166.0,5,2026 Q4,580.0,596.32,512.26,680.39
Chadstone-Oakleigh,flat,3,3166.0,5,2026 Q4,680.0,694.2,610.13,778.26
Chadstone-Oakleigh,house,2,3166.0,5,2026 Q4,570.0,588.91,504.84,672.98
Chadstone-Oakleigh,house,3,3166.0,5,2026 Q4,630.0,647.6,563.53,731.66
Chadstone-Oakleigh,house,4,3166.0,5,2026 Q4,850.0,861.57,777.5,945.64
Cheltenham,flat,1,3192.0,5,2026 Q4,450.0,468.37,384.31,552.44
Cheltenham,flat,2,3192.0,5,2026 Q4,550.0,568.92,484.85,652.98
Cheltenham,flat,3,3192.0,5,2026 Q4,693.0,710.02,625.96,794.09
Cheltenham,house,2,3192.0,5,2026 Q4,585.0,603.12,519.05,687.18
Cheltenham,house,3,3192.0,5,2026 Q4,720.0,738.04,653.97,822.1
Cheltenham,house,4,3192.0,5,2026 Q4,950.0,959.47,875.41,1043.54
Clayton,flat,1,3168.0,5,2026 Q4,490.0,504.9,420.83,588.96
Clayton,flat,2,3168.0,5,2026 Q4,590.0,605.71,521.64,689.77
Clayton,flat,3,3168.0,5,2026 Q4,650.0,664.87,580.81,748.94
Clayton,house,2,3168.0,5,2026 Q4,550.0,564.55,480.48,648.61
Clayton,house,3,3168.0,5,2026 Q4,603.0,621.5,537.43,705.56
Clayton,house,4,3168.0,5,2026 Q4,800.0,821.7,737.64,905.77
Coburg-Pascoe Vale South,flat,1,3058.0,5,2026 Q4,425.0,439.47,355.4,523.53
Coburg-Pascoe Vale South,flat,2,3058.0,5,2026 Q4,550.0,566.28,482.22,650.35
Coburg-Pascoe Vale South,flat,3,3058.0,5,2026 Q4,700.0,714.96,630.89,799.02
Coburg-Pascoe Vale South,house,2,3058.0,5,2026 Q4,580.0,596.85,512.79,680.92
Coburg-Pascoe Vale South,house,3,3058.0,5,2026 Q4,710.0,724.55,640.48,808.62
Coburg-Pascoe Vale South,house,4,3058.0,5,2026 Q4,850.0,859.99,775.92,944.05
Collingwood-Abbotsford,flat,1,3066.0,5,2026 Q4,520.0,542.27,458.2,626.33
Collingwood-Abbotsford,flat,2,3066.0,5,2026 Q4,695.0,714.41,630.34,798.47
Collingwood-Abbotsford,flat,3,3066.0,5,2026 Q4,1000.0,1007.88,923.82,1091.95
Collingwood-Abbotsford,house,2,3066.0,5,2026 Q4,720.0,739.29,655.22,823.35
Collingwood-Abbotsford,house,3,3066.0,5,2026 Q4,950.0,961.58,877.52,1045.65
Corio,flat,1,3214.0,5,2026 Q4,320.0,333.68,249.61,417.74
Corio,flat,2,3214.0,5,2026 Q4,380.0,394.47,310.4,478.53
Corio,flat,3,3214.0,5,2026 Q4,445.0,461.85,377.78,545.91
Corio,house,2,3214.0,5,2026 Q4,380.0,395.99,311.92,480.05
Corio,house,3,3214.0,5,2026 Q4,420.0,441.27,357.2,525.33
Corio,house,4,3214.0,5,2026 Q4,485.0,504.81,420.75,588.88
Craigieburn,flat,2,3064.0,5,2026 Q4,440.0,452.97,368.9,537.03
Craigieburn,flat,3,3064.0,5,2026 Q4,485.0,502.16,418.1,586.23
Craigieburn,house,2,3064.0,5,2026 Q4,450.0,464.06,380.0,548.13
Craigieburn,house,3,3064.0,5,2026 Q4,500.0,516.48,432.41,600.54
Craigieburn,house,4,3064.0,5,2026 Q4,560.0,578.87,494.81,662.94
Cranbourne,flat,1,3977.0,5,2026 Q4,400.0,411.41,327.35,495.48
Cranbourne,flat,2,3977.0,5,2026 Q4,460.0,475.0,390.94,559.07
Cranbourne,flat,3,3977.0,5,2026 Q4,530.0,546.19,462.12,630.25
Cranbourne,house,2,3977.0,5,2026 Q4,490.0,504.62,420.56,588.69
Cranbourne,house,3,3977.0,5,2026 Q4,550.0,566.67,482.61,650.74
Cranbourne,house,4,3977.0,5,2026 Q4,600.0,618.49,534.43,702.56
Croydon-Lilydale,flat,1,3136.0,5,2026 Q4,363.0,384.91,300.85,468.98
Croydon-Lilydale,flat,2,3136.0,5,2026 Q4,500.0,517.16,433.1,601.23
Croydon-Lilydale,flat,3,3136.0,5,2026 Q4,620.0,636.78,552.71,720.85
Croydon-Lilydale,house,2,3136.0,5,2026 Q4,525.0,543.52,459.46,627.59
Croydon-Lilydale,house,3,3136.0,5,2026 Q4,600.0,618.7,534.63,702.76
Croydon-Lilydale,house,4,3136.0,5,2026 Q4,730.0,749.35,665.29,833.42
Dandenong,flat,1,3175.0,5,2026 Q4,375.0,392.67,308.61,476.74
Dandenong,flat,2,3175.0,5,2026 Q4,450.0,468.27,384.2,552.33
Dandenong,flat,3,3175.0,5,2026 Q4,570.0,583.44,499.37,667.5
Dandenong,house,2,3175.0,5,2026 Q4,490.0,504.07,420.01,588.14
Dandenong,house,3,3175.0,5,2026 Q4,560.0,578.06,494.0,662.13
Dandenong,house,4,3175.0,5,2026 Q4,750.0,764.61,680.54,848.67
Dandenong North-Endeavour Hills,flat,1,3177.0,5,2026 Q4,350.0,366.95,282.88,451.01
Dandenong North-Endeavour Hills,flat,2,3177.0,5,2026 Q4,468.0,482.82,398.75,566.88
Dandenong North-Endeavour Hills,flat,3,3177.0,5,2026 Q4,550.0,567.14,483.07,651.2
Dandenong North-Endeavour Hills,house,2,3177.0,5,2026 Q4,475.0,493.24,409.18,577.31
Dandenong North-Endeavour Hills,house,3,3177.0,5,2026 Q4,530.0,547.69,463.62,631.75
Dandenong North-Endeavour Hills,house,4,3177.0,5,2026 Q4,630.0,648.94,564.87,733.0
Docklands,flat,1,3008.0,5,2026 Q4,600.0,629.12,545.06,713.19
Docklands,flat,2,3008.0,5,2026 Q4,763.0,786.98,702.92,871.05
Docklands,flat,3,3008.0,5,2026 Q4,1200.0,1203.99,1119.93,1288.06
Doncaster East-Donvale,flat,1,3109.0,5,2026 Q4,470.0,483.14,399.08,567.21
Doncaster East-Donvale,flat,2,3109.0,5,2026 Q4,575.0,589.61,505.55,673.68
Doncaster East-Donvale,flat,3,3109.0,5,2026 Q4,695.0,711.02,626.95,795.08
Doncaster East-Donvale,house,2,3109.0,5,2026 Q4,530.0,543.49,459.43,627.56
Doncaster East-Donvale,house,3,3109.0,5,2026 Q4,680.0,698.63,614.56,782.69
Doncaster East-Donvale,house,4,3109.0,5,2026 Q4,830.0,845.52,761.45,929.58
Dromana-Portsea,flat,1,3936.0,5,2026 Q4,393.0,406.87,322.8,490.93
Dromana-Portsea,flat,2,3936.0,5,2026 Q4,478.0,496.71,412.64,580.77
Dromana-Portsea,flat,3,3936.0,5,2026 Q4,600.0,617.24,533.18,701.31
Dromana-Portsea,house,2,3936.0,5,2026 Q4,490.0,508.12,424.06,592.19
Dromana-Portsea,house,3,3936.0,5,2026 Q4,570.0,589.89,505.83,673.96
Dromana-Portsea,house,4,3936.0,5,2026 Q4,745.0,760.83,676.76,844.89
East Brunswick,flat,1,3057.0,5,2026 Q4,500.0,519.92,435.86,603.99
East Brunswick,flat,2,3057.0,5,2026 Q4,625.0,644.7,560.64,728.77
East Brunswick,flat,3,3057.0,5,2026 Q4,880.0,889.54,805.47,973.6
East Brunswick,house,2,3057.0,5,2026 Q4,710.0,722.96,638.89,807.02
East Brunswick,house,3,3057.0,5,2026 Q4,880.0,889.91,805.85,973.98
East Brunswick,house,4,3057.0,5,2026 Q4,1100.0,1122.15,1038.08,1206.21
East Hawthorn,flat,1,3123.0,5,2026 Q4,490.0,514.15,430.09,598.22
East Hawthorn,flat,2,3123.0,5,2026 Q4,610.0,632.88,548.81,716.94
East Hawthorn,flat,3,3123.0,5,2026 Q4,890.0,909.86,825.8,993.93
East Hawthorn,house,2,3123.0,5,2026 Q4,698.0,718.61,634.54,802.67
East Hawthorn,house,3,3123.0,5,2026 Q4,898.0,917.18,833.11,1001.24
East Hawthorn,house,4,3123.0,5,2026 Q4,1300.0,1299.24,1215.18,1383.31
East Melbourne,flat,1,3002.0,5,2026 Q4,520.0,543.97,459.9,628.03
East Melbourne,flat,2,3002.0,5,2026 Q4,690.0,710.94,626.87,795.0
East Melbourne,flat,3,3002.0,5,2026 Q4,1175.0,1188.87,1104.81,1272.94
East Melbourne,house,3,3002.0,5,2026 Q4,1100.0,1069.21,985.15,1153.28
East St Kilda,flat,1,3183.0,5,2026 Q4,425.0,450.0,365.94,534.07
East St Kilda,flat,2,3183.0,5,2026 Q4,575.0,596.29,512.23,680.36
East St Kilda,flat,3,3183.0,5,2026 Q4,840.0,849.97,765.9,934.03
East St Kilda,house,2,3183.0,5,2026 Q4,763.0,774.83,690.77,858.9
East St Kilda,house,3,3183.0,5,2026 Q4,900.0,899.4,815.33,983.46
East St Kilda,house,4,3183.0,5,2026 Q4,1100.0,1096.89,1012.83,1180.96
Echuca,flat,1,3564.0,5,2026 Q4,278.0,294.34,210.28,378.41
Echuca,flat,2,3564.0,5,2026 Q4,420.0,437.03,352.96,521.09
Echuca,flat,3,3564.0,5,2026 Q4,450.0,462.39,378.33,546.46
Echuca,house,2,3564.0,5,2026 Q4,418.0,435.13,351.06,519.19
Echuca,house,3,3564.0,5,2026 Q4,520.0,538.07,454.01,622.14
Echuca,house,4,3564.0,5,2026 Q4,640.0,657.71,573.65,741.78
Elsternwick,flat,1,3185.0,5,2026 Q4,440.0,464.62,380.56,548.69
Elsternwick,flat,2,3185.0,5,2026 Q4,600.0,619.14,535.07,703.2
Elsternwick,flat,3,3185.0,5,2026 Q4,800.0,811.0,726.94,895.07
Elsternwick,house,2,3185.0,5,2026 Q4,718.0,731.7,647.63,815.76
Elsternwick,house,3,3185.0,5,2026 Q4,900.0,907.96,823.9,992.03
Elsternwick,house,4,3185.0,5,2026 Q4,1150.0,1160.33,1076.27,1244.4
Eltham-Research-Montmorency,flat,1,3095.0,5,2026 Q4,360.0,379.95,295.89,464.02
Eltham-Research-Montmorency,flat,2,3095.0,5,2026 Q4,500.0,518.07,434.01,602.14
Eltham-Research-Montmorency,flat,3,3095.0,5,2026 Q4,620.0,634.95,550.89,719.02
Eltham-Research-Montmorency,house,2,3095.0,5,2026 Q4,500.0,516.8,432.74,600.87
Eltham-Research-Montmorency,house,3,3095.0,5,2026 Q4,650.0,664.88,580.81,748.94
Eltham-Research-Montmorency,house,4,3095.0,5,2026 Q4,813.0,824.3,740.24,908.37
Elwood,flat,1,3184.0,5,2026 Q4,450.0,474.32,390.25,558.39
Elwood,flat,2,3184.0,5,2026 Q4,608.0,629.54,545.47,713.6
Elwood,flat,3,3184.0,5,2026 Q4,875.0,882.73,798.67,966.8
Elwood,house,2,3184.0,5,2026 Q4,795.0,812.44,728.38,896.51
Elwood,house,3,3184.0,5,2026 Q4,1095.0,1108.98,1024.92,1193.05
Elwood,house,4,3184.0,5,2026 Q4,1500.0,1466.64,1382.58,1550.71
Essendon,flat,1,3040.0,5,2026 Q4,430.0,447.26,363.2,531.33
Essendon,flat,2,3040.0,5,2026 Q4,510.0,529.01,444.94,613.07
Essendon,flat,3,3040.0,5,2026 Q4,650.0,668.88,584.82,752.95
Essendon,house,2,3040.0,5,2026 Q4,550.0,568.86,484.8,652.93
Essendon,house,3,3040.0,5,2026 Q4,650.0,666.27,582.21,750.34
Essendon,house,4,3040.0,5,2026 Q4,895.0,903.55,819.48,987.61
Fairfield-Alphington,flat,1,3078.0,5,2026 Q4,400.0,424.11,340.04,508.17
Fairfield-Alphington,flat,2,3078.0,5,2026 Q4,575.0,594.46,510.39,678.52
Fairfield-Alphington,flat,3,3078.0,5,2026 Q4,815.0,813.44,729.37,897.5
Fairfield-Alphington,house,2,3078.0,5,2026 Q4,650.0,664.52,580.45,748.58
Fairfield-Alphington,house,3,3078.0,5,2026 Q4,850.0,858.93,774.87,943.0
Fairfield-Alphington,house,4,3078.0,5,2026 Q4,1113.0,1121.64,1037.57,1205.7
Ferntree Gully,flat,2,3156.0,5,2026 Q4,520.0,536.26,452.19,620.32
Ferntree Gully,flat,3,3156.0,5,2026 Q4,580.0,593.8,509.73,677.86
Ferntree Gully,house,2,3156.0,5,2026 Q4,518.0,534.7,450.64,618.77
Ferntree Gully,house,3,3156.0,5,2026 Q4,600.0,616.2,532.14,700.27
Ferntree Gully,house,4,3156.0,5,2026 Q4,720.0,737.86,653.8,821.93
Fitzroy,flat,1,3065.0,5,2026 Q4,528.0,551.08,467.01,635.15
Fitzroy,flat,2,3065.0,5,2026 Q4,750.0,768.46,684.4,852.53
Fitzroy,flat,3,3065.0,5,2026 Q4,1175.0,1185.3,1101.23,1269.36
Fitzroy,house,2,3065.0,5,2026 Q4,848.0,870.67,786.6,954.73
Fitzroy,house,3,3065.0,5,2026 Q4,1100.0,1108.41,1024.34,1192.47
Fitzroy North-Clifton Hill,flat,1,3068.0,5,2026 Q4,500.0,526.93,442.87,611.0
Fitzroy North-Clifton Hill,flat,2,3068.0,5,2026 Q4,690.0,714.91,630.84,798.98
Fitzroy North-Clifton Hill,flat,3,3068.0,5,2026 Q4,1050.0,1069.09,985.02,1153.15
Fitzroy North-Clifton Hill,house,2,3068.0,5,2026 Q4,740.0,759.53,675.46,843.59
Fitzroy North-Clifton Hill,house,3,3068.0,5,2026 Q4,998.0,1012.38,928.31,1096.44
Fitzroy North-Clifton Hill,house,4,3068.0,5,2026 Q4,1295.0,1268.7,1184.63,1352.76
Flemington-Kensington,flat,1,3031.0,5,2026 Q4,470.0,496.21,412.15,580.28
Flemington-Kensington,flat,2,3031.0,5,2026 Q4,560.0,583.64,499.58,667.71
Flemington-Kensington,flat,3,3031.0,5,2026 Q4,850.0,868.43,784.36,952.49
Flemington-Kensington,house,2,3031.0,5,2026 Q4,620.0,636.34,552.27,720.4
Flemington-Kensington,house,3,3031.0,5,2026 Q4,760.0,775.61,691.54,859.67
Flemington-Kensington,house,4,3031.0,5,2026 Q4,945.0,953.12,869.05,1037.18
Flora Hill-Bendigo East,flat,1,3550.0,5,2026 Q4,350.0,365.35,281.28,449.41
Flora Hill-Bendigo East,flat,2,3550.0,5,2026 Q4,380.0,397.96,313.89,482.02
Flora Hill-Bendigo East,flat,3,3550.0,5,2026 Q4,450.0,468.57,384.51,552.64
Flora Hill-Bendigo East,house,2,3550.0,5,2026 Q4,420.0,438.41,354.34,522.47
Flora Hill-Bendigo East,house,3,3550.0,5,2026 Q4,475.0,495.23,411.16,579.29
Flora Hill-Bendigo East,house,4,3550.0,5,2026 Q4,570.0,591.94,507.87,676.0
Footscray,flat,1,3011.0,5,2026 Q4,450.0,465.41,381.35,549.48
Footscray,flat,2,3011.0,5,2026 Q4,560.0,571.2,487.13,655.26
Footscray,flat,3,3011.0,5,2026 Q4,698.0,707.66,623.6,791.73
Footscray,house,2,3011.0,5,2026 Q4,573.0,588.03,503.96,672.09
Footscray,house,3,3011.0,5,2026 Q4,640.0,653.63,569.56,737.69
Footscray,house,4,3011.0,5,2026 Q4,750.0,762.82,678.76,846.89
Frankston,flat,1,3199.0,5,2026 Q4,350.0,369.05,284.98,453.11
Frankston,flat,2,3199.0,5,2026 Q4,475.0,494.76,410.69,578.82
Frankston,flat,3,3199.0,5,2026 Q4,560.0,577.97,493.91,662.04
Frankston,house,2,3199.0,5,2026 Q4,490.0,508.02,423.95,592.08
Frankston,house,3,3199.0,5,2026 Q4,570.0,589.36,505.29,673.42
Frankston,house,4,3199.0,5,2026 Q4,670.0,688.54,604.48,772.61
Geelong-Newcombe,flat,1,3219.0,5,2026 Q4,380.0,391.18,307.11,475.24
Geelong-Newcombe,flat,2,3219.0,5,2026 Q4,460.0,471.42,387.35,555.48
Geelong-Newcombe,flat,3,3219.0,5,2026 Q4,518.0,536.66,452.6,620.73
Geelong-Newcombe,house,2,3219.0,5,2026 Q4,440.0,458.24,374.17,542.3
Geelong-Newcombe,house,3,3219.0,5,2026 Q4,480.0,503.05,418.98,587.12
Geelong-Newcombe,house,4,3219.0,5,2026 Q4,575.0,600.36,516.29,684.42
Gladstone Park-Tullamarine,flat,2,3043.0,5,2026 Q4,450.0,464.56,380.5,548.63
Gladstone Park-Tullamarine,flat,3,3043.0,5,2026 Q4,553.0,570.82,486.75,654.88
Gladstone Park-Tullamarine,house,2,3043.0,5,2026 Q4,500.0,513.81,429.75,597.88
Gladstone Park-Tullamarine,house,3,3043.0,5,2026 Q4,530.0,548.64,464.57,632.7
Gladstone Park-Tullamarine,house,4,3043.0,5,2026 Q4,620.0,638.03,553.96,722.09
Glen Waverley-Mulgrave,flat,1,3150.0,5,2026 Q4,550.0,566.05,481.99,650.12
Glen Waverley-Mulgrave,flat,2,3150.0,5,2026 Q4,640.0,653.4,569.34,737.47
Glen Waverley-Mulgrave,flat,3,3150.0,5,2026 Q4,660.0,678.82,594.76,762.89
Glen Waverley-Mulgrave,house,2,3150.0,5,2026 Q4,590.0,607.87,523.8,691.93
Glen Waverley-Mulgrave,house,3,3150.0,5,2026 Q4,640.0,661.18,577.12,745.25
Glen Waverley-Mulgrave,house,4,3150.0,5,2026 Q4,780.0,802.02,717.96,886.09
Golden Square-Kangaroo Flat,flat,2,3555.0,5,2026 Q4,380.0,395.98,311.92,480.05
Golden Square-Kangaroo Flat,flat,3,3555.0,5,2026 Q4,470.0,489.2,405.14,573.27
Golden Square-Kangaroo Flat,house,2,3555.0,5,2026 Q4,420.0,437.03,352.97,521.1
Golden Square-Kangaroo Flat,house,3,3555.0,5,2026 Q4,480.0,500.6,416.53,584.66
Golden Square-Kangaroo Flat,house,4,3555.0,5,2026 Q4,550.0,570.61,486.55,654.68
Hamilton,flat,1,3300.0,5,2026 Q4,260.0,275.92,191.85,359.98
Hamilton,flat,2,3300.0,5,2026 Q4,320.0,340.08,256.01,424.15
Hamilton,house,2,3300.0,5,2026 Q4,330.0,348.04,263.98,432.11
Hamilton,house,3,3300.0,5,2026 Q4,390.0,411.33,327.27,495.4
Hamilton,house,4,3300.0,5,2026 Q4,460.0,482.42,398.36,566.49
Hampton-Beaumaris,flat,1,3188.0,5,2026 Q4,480.0,505.46,421.39,589.52
Hampton-Beaumaris,flat,2,3188.0,5,2026 Q4,650.0,672.99,588.93,757.06
Hampton-Beaumaris,flat,3,3188.0,5,2026 Q4,900.0,908.07,824.01,992.14
Hampton-Beaumaris,house,2,3188.0,5,2026 Q4,650.0,673.21,589.15,757.28
Hampton-Beaumaris,house,3,3188.0,5,2026 Q4,895.0,908.82,824.76,992.89
Hampton-Beaumaris,house,4,3188.0,5,2026 Q4,1295.0,1290.83,1206.76,1374.9
Hastings-Flinders,flat,1,3915.0,5,2026 Q4,360.0,376.59,292.52,460.65
Hastings-Flinders,flat,2,3915.0,5,2026 Q4,470.0,488.01,403.95,572.08
Hastings-Flinders,flat,3,3915.0,5,2026 Q4,550.0,569.45,485.38,653.51
Hastings-Flinders,house,2,3915.0,5,2026 Q4,498.0,516.18,432.12,600.25
Hastings-Flinders,house,3,3915.0,5,2026 Q4,595.0,614.0,529.94,698.07
Hastings-Flinders,house,4,3915.0,5,2026 Q4,750.0,764.12,680.06,848.19
Hawthorn,flat,1,3122.0,5,2026 Q4,450.0,475.45,391.39,559.52
Hawthorn,flat,2,3122.0,5,2026 Q4,600.0,622.18,538.11,706.24
Hawthorn,flat,3,3122.0,5,2026 Q4,850.0,862.27,778.2,946.33
Hawthorn,house,2,3122.0,5,2026 Q4,710.0,721.23,637.16,805.29
Hawthorn,house,3,3122.0,5,2026 Q4,950.0,959.29,875.23,1043.36
Hawthorn,house,4,3122.0,5,2026 Q4,1500.0,1509.25,1425.18,1593.31
Heidelberg-Heidelberg West,flat,1,3084.0,5,2026 Q4,450.0,464.57,380.51,548.64
Heidelberg-Heidelberg West,flat,2,3084.0,5,2026 Q4,530.0,543.41,459.34,627.47
Heidelberg-Heidelberg West,flat,3,3084.0,5,2026 Q4,650.0,664.77,580.7,748.83
Heidelberg-Heidelberg West,house,2,3084.0,5,2026 Q4,510.0,529.25,445.19,613.32
Heidelberg-Heidelberg West,house,3,3084.0,5,2026 Q4,600.0,618.05,533.98,702.11
Heidelberg-Heidelberg West,house,4,3084.0,5,2026 Q4,795.0,807.49,723.42,891.56
Herne Hill-Geelong West,flat,1,3218.0,5,2026 Q4,340.0,356.78,272.72,440.85
Herne Hill-Geelong West,flat,2,3218.0,5,2026 Q4,410.0,428.73,344.66,512.79
Herne Hill-Geelong West,flat,3,3218.0,5,2026 Q4,575.0,591.22,507.16,675.29
Herne Hill-Geelong West,house,2,3218.0,5,2026 Q4,460.0,475.91,391.85,559.98
Herne Hill-Geelong West,house,3,3218.0,5,2026 Q4,520.0,540.39,456.33,624.46
Herne Hill-Geelong West,house,4,3218.0,5,2026 Q4,660.0,678.76,594.7,762.83
Horsham,flat,1,3400.0,5,2026 Q4,250.0,258.96,174.89,343.02
Horsham,flat,2,3400.0,5,2026 Q4,320.0,339.05,254.99,423.12
Horsham,flat,3,3400.0,5,2026 Q4,415.0,435.18,351.11,519.24
Horsham,house,2,3400.0,5,2026 Q4,350.0,365.98,281.91,450.04
Horsham,house,3,3400.0,5,2026 Q4,430.0,451.87,367.81,535.94
Horsham,house,4,3400.0,5,2026 Q4,520.0,540.81,456.74,624.87
Ivanhoe-Ivanhoe East,flat,1,3079.0,5,2026 Q4,490.0,506.42,422.35,590.48
Ivanhoe-Ivanhoe East,flat,2,3079.0,5,2026 Q4,600.0,620.19,536.12,704.25
Ivanhoe-Ivanhoe East,flat,3,3079.0,5,2026 Q4,750.0,769.73,685.66,853.79
Ivanhoe-Ivanhoe East,house,2,3079.0,5,2026 Q4,600.0,620.26,536.2,704.33
Ivanhoe-Ivanhoe East,house,3,3079.0,5,2026 Q4,750.0,767.73,683.66,851.8
Ivanhoe-Ivanhoe East,house,4,3079.0,5,2026 Q4,1000.0,1004.53,920.46,1088.59
Keilor,house,4,3036.0,5,2026 Q4,730.0,739.76,655.69,823.82
Keilor East-Avondale Heights,flat,1,3033.0,5,2026 Q4,450.0,462.86,378.8,546.93
Keilor East-Avondale Heights,flat,2,3033.0,5,2026 Q4,520.0,535.66,451.59,619.72
Keilor East-Avondale Heights,flat,3,3033.0,5,2026 Q4,623.0,640.32,556.26,724.39
Keilor East-Avondale Heights,house,2,3033.0,5,2026 Q4,520.0,538.72,454.65,622.78
Keilor East-Avondale Heights,house,3,3033.0,5,2026 Q4,580.0,601.11,517.04,685.18
Keilor East-Avondale Heights,house,4,3033.0,5,2026 Q4,768.0,784.5,700.43,868.56
Kew,flat,1,3101.0,5,2026 Q4,470.0,492.32,408.25,576.38
Kew,flat,2,3101.0,5,2026 Q4,575.0,599.54,515.47,683.6
Kew,flat,3,3101.0,5,2026 Q4,850.0,863.98,779.91,948.04
Kew,house,2,3101.0,5,2026 Q4,663.0,674.72,590.65,758.78
Kew,house,3,3101.0,5,2026 Q4,850.0,864.97,780.9,949.03
Kew,house,4,3101.0,5,2026 Q4,1300.0,1299.68,1215.61,1383.74
Lara,flat,2,3212.0,5,2026 Q4,415.0,431.75,347.68,515.81
Lara,flat,3,3212.0,5,2026 Q4,485.0,505.62,421.55,589.68
Lara,house,2,3212.0,5,2026 Q4,430.0,448.42,364.36,532.49
Lara,house,3,3212.0,5,2026 Q4,500.0,519.14,435.08,603.21
Lara,house,4,3212.0,5,2026 Q4,580.0,598.42,514.36,682.49
Malvern,flat,1,3144.0,5,2026 Q4,450.0,474.58,390.52,558.65
Malvern,flat,2,3144.0,5,2026 Q4,600.0,623.07,539.0,707.13
Malvern,flat,3,3144.0,5,2026 Q4,908.0,919.0,834.93,1003.06
Malvern,house,2,3144.0,5,2026 Q4,790.0,801.21,717.14,885.27
Malvern,house,3,3144.0,5,2026 Q4,1000.0,1002.75,918.68,1086.81
Malvern,house,4,3144.0,5,2026 Q4,1400.0,1381.37,1297.3,1465.43
Malvern East,flat,1,3145.0,5,2026 Q4,480.0,501.67,417.61,585.74
Malvern East,flat,2,3145.0,5,2026 Q4,600.0,619.5,535.44,703.57
Malvern East,flat,3,3145.0,5,2026 Q4,800.0,812.97,728.91,897.04
Malvern East,house,2,3145.0,5,2026 Q4,650.0,669.11,585.05,753.18
Malvern East,house,3,3145.0,5,2026 Q4,750.0,764.82,680.76,848.89
Malvern East,house,4,3145.0,5,2026 Q4,1150.0,1147.01,1062.95,1231.08
Melton,flat,1,3337.0,5,2026 Q4,350.0,357.9,273.83,441.96
Melton,flat,2,3337.0,5,2026 Q4,365.0,381.49,297.43,465.56
Melton,flat,3,3337.0,5,2026 Q4,400.0,418.4,334.34,502.47
Melton,house,2,3337.0,5,2026 Q4,375.0,388.8,304.73,472.86
Melton,house,3,3337.0,5,2026 Q4,420.0,437.99,353.93,522.06
Melton,house,4,3337.0,5,2026 Q4,470.0,491.0,406.94,575.07
Mentone-Parkdale-Mordialloc,flat,1,3194.0,5,2026 Q4,405.0,427.32,343.25,511.38
Mentone-Parkdale-Mordialloc,flat,2,3194.0,5,2026 Q4,550.0,571.28,487.21,655.34
Mentone-Parkdale-Mordialloc,flat,3,3194.0,5,2026 Q4,720.0,732.84,648.78,816.91
Mentone-Parkdale-Mordialloc,house,2,3194.0,5,2026 Q4,600.0,618.45,534.39,702.52
Mentone-Parkdale-Mordialloc,house,3,3194.0,5,2026 Q4,750.0,767.1,683.04,851.17
Mentone-Parkdale-Mordialloc,house,4,3194.0,5,2026 Q4,910.0,921.46,837.39,1005.52
Mildura,flat,1,3500.0,5,2026 Q4,280.0,295.35,211.28,379.41
Mildura,flat,2,3500.0,5,2026 Q4,350.0,367.43,283.37,451.5
Mildura,flat,3,3500.0,5,2026 Q4,450.0,466.79,382.72,550.85
Mildura,house,2,3500.0,5,2026 Q4,380.0,395.94,311.87,480.0
Mildura,house,3,3500.0,5,2026 Q4,480.0,498.14,414.07,582.2
Mildura,house,4,3500.0,5,2026 Q4,580.0,597.62,513.55,681.68
Mill Park-Epping,flat,1,3076.0,5,2026 Q4,400.0,413.21,329.14,497.27
Mill Park-Epping,flat,2,3076.0,5,2026 Q4,450.0,463.85,379.79,547.92
Mill Park-Epping,flat,3,3076.0,5,2026 Q4,520.0,538.71,454.65,622.78
Mill Park-Epping,house,2,3076.0,5,2026 Q4,480.0,494.3,410.23,578.37
Mill Park-Epping,house,3,3076.0,5,2026 Q4,530.0,547.33,463.27,631.4
Mill Park-Epping,house,4,3076.0,5,2026 Q4,600.0,617.92,533.86,701.99
Moe-Newborough,flat,1,3825.0,5,2026 Q4,250.0,263.98,179.92,348.05
Moe-Newborough,flat,2,3825.0,5,2026 Q4,310.0,327.56,243.5,411.63
Moe-Newborough,house,2,3825.0,5,2026 Q4,350.0,365.82,281.76,449.89
Moe-Newborough,house,3,3825.0,5,2026 Q4,420.0,439.06,355.0,523.13
Moe-Newborough,house,4,3825.0,5,2026 Q4,525.0,538.72,454.65,622.78
Moonee Ponds-Ascot Vale,flat,1,3039.0,5,2026 Q4,450.0,469.07,385.01,553.14
Moonee Ponds-Ascot Vale,flat,2,3039.0,5,2026 Q4,550.0,571.1,487.03,655.16
Moonee Ponds-Ascot Vale,flat,3,3039.0,5,2026 Q4,730.0,744.79,660.72,828.85
Moonee Ponds-Ascot Vale,house,2,3039.0,5,2026 Q4,620.0,635.55,551.49,719.62
Moonee Ponds-Ascot Vale,house,3,3039.0,5,2026 Q4,750.0,769.33,685.27,853.4
Moonee Ponds-Ascot Vale,house,4,3039.0,5,2026 Q4,995.0,1003.61,919.55,1087.68
Morwell,flat,1,3840.0,5,2026 Q4,275.0,289.84,205.77,373.9
Morwell,flat,2,3840.0,5,2026 Q4,320.0,338.15,254.09,422.22
Morwell,house,2,3840.0,5,2026 Q4,350.0,366.83,282.77,450.9
Morwell,house,3,3840.0,5,2026 Q4,400.0,419.27,335.2,503.33
Morwell,house,4,3840.0,5,2026 Q4,493.0,514.46,430.39,598.52
Mount Clear-Buninyong,flat,2,3357.0,5,2026 Q4,360.0,376.96,292.89,461.02
Mount Clear-Buninyong,flat,3,3357.0,5,2026 Q4,390.0,411.09,327.03,495.16
Mount Clear-Buninyong,house,3,3357.0,5,2026 Q4,430.0,451.93,367.86,535.99
Mount Clear-Buninyong,house,4,3357.0,5,2026 Q4,480.0,500.98,416.91,585.05
Mount Waverley,flat,1,3149.0,5,2026 Q4,280.0,309.66,225.59,393.72
Mount Waverley,flat,2,3149.0,5,2026 Q4,540.0,560.11,476.05,644.18
Mount Waverley,flat,3,3149.0,5,2026 Q4,700.0,716.76,632.69,800.82
Mount Waverley,house,2,3149.0,5,2026 Q4,570.0,588.27,504.21,672.34
Mount Waverley,house,3,3149.0,5,2026 Q4,660.0,677.67,593.61,761.74
Mount Waverley,house,4,3149.0,5,2026 Q4,800.0,814.4,730.33,898.46
Mt Eliza-Mornington-Mt Martha,flat,2,3930.0,5,2026 Q4,535.0,553.03,468.96,637.09
Mt Eliza-Mornington-Mt Martha,flat,3,3930.0,5,2026 Q4,650.0,667.54,583.47,751.61
Mt Eliza-Mornington-Mt Martha,house,2,3930.0,5,2026 Q4,533.0,549.53,465.46,633.59
Mt Eliza-Mornington-Mt Martha,house,3,3930.0,5,2026 Q4,675.0,690.34,606.27,774.4
Mt Eliza-Mornington-Mt Martha,house,4,3930.0,5,2026 Q4,895.0,903.24,819.18,987.31
Murrumbeena-Hughesdale,flat,1,3163.0,5,2026 Q4,405.0,426.89,342.82,510.95
Murrumbeena-Hughesdale,flat,2,3163.0,5,2026 Q4,570.0,589.32,505.25,673.38
Murrumbeena-Hughesdale,flat,3,3163.0,5,2026 Q4,750.0,772.88,688.81,856.94
Murrumbeena-Hughesdale,house,2,3163.0,5,2026 Q4,590.0,609.53,525.47,693.6
Murrumbeena-Hughesdale,house,3,3163.0,5,2026 Q4,730.0,743.29,659.23,827.36
Murrumbeena-Hughesdale,house,4,3163.0,5,2026 Q4,1050.0,1062.78,978.71,1146.84
Narre Warren-Hampton Park,flat,1,3805.0,5,2026 Q4,323.0,331.24,247.17,415.3
Narre Warren-Hampton Park,flat,2,3805.0,5,2026 Q4,470.0,483.96,399.89,568.02
Narre Warren-Hampton Park,flat,3,3805.0,5,2026 Q4,545.0,563.8,479.73,647.86
Narre Warren-Hampton Park,house,2,3805.0,5,2026 Q4,475.0,488.11,404.04,572.17
Narre Warren-Hampton Park,house,3,3805.0,5,2026 Q4,550.0,567.73,483.67,651.8
Narre Warren-Hampton Park,house,4,3805.0,5,2026 Q4,640.0,656.81,572.74,740.87
Newport-Spotswood,flat,1,3015.0,5,2026 Q4,455.0,470.67,386.6,554.73
Newport-Spotswood,flat,2,3015.0,5,2026 Q4,575.0,588.41,504.34,672.47
Newport-Spotswood,flat,3,3015.0,5,2026 Q4,725.0,735.11,651.04,819.17
Newport-Spotswood,house,2,3015.0,5,2026 Q4,580.0,600.24,516.17,684.3
Newport-Spotswood,house,3,3015.0,5,2026 Q4,700.0,714.41,630.35,798.48
Newport-Spotswood,house,4,3015.0,5,2026 Q4,925.0,936.25,852.18,1020.31
Newtown,flat,1,3220.0,5,2026 Q4,318.0,334.79,250.72,418.86
Newtown,flat,2,3220.0,5,2026 Q4,440.0,457.51,373.45,541.58
Newtown,flat,3,3220.0,5,2026 Q4,590.0,607.93,523.87,692.0
Newtown,house,2,3220.0,5,2026 Q4,485.0,504.71,420.65,588.78
Newtown,house,3,3220.0,5,2026 Q4,570.0,586.5,502.43,670.56
Newtown,house,4,3220.0,5,2026 Q4,700.0,712.43,628.36,796.49
Noble Park,flat,1,3174.0,5,2026 Q4,370.0,386.8,302.73,470.86
Noble Park,flat,2,3174.0,5,2026 Q4,495.0,509.93,425.86,593.99
Noble Park,flat,3,3174.0,5,2026 Q4,580.0,595.73,511.67,679.8
Noble Park,house,2,3174.0,5,2026 Q4,480.0,493.69,409.63,577.76
Noble Park,house,3,3174.0,5,2026 Q4,550.0,566.07,482.01,650.14
Noble Park,house,4,3174.0,5,2026 Q4,630.0,646.37,562.31,730.44
North Bendigo,flat,1,3550.0,5,2026 Q4,320.0,344.23,260.17,428.3
North Bendigo,flat,2,3550.0,5,2026 Q4,398.0,417.44,333.37,501.5
North Bendigo,flat,3,3550.0,5,2026 Q4,475.0,499.39,415.33,583.46
North Bendigo,house,2,3550.0,5,2026 Q4,420.0,438.98,354.92,523.05
North Bendigo,house,3,3550.0,5,2026 Q4,480.0,500.81,416.74,584.87
North Bendigo,house,4,3550.0,5,2026 Q4,550.0,572.59,488.52,656.65
North Geelong,flat,1,3215.0,5,2026 Q4,330.0,346.33,262.26,430.39
North Geelong,flat,2,3215.0,5,2026 Q4,420.0,435.58,351.52,519.65
North Geelong,flat,3,3215.0,5,2026 Q4,500.0,516.75,432.69,600.82
North Geelong,house,2,3215.0,5,2026 Q4,440.0,456.19,372.13,540.26
North Geelong,house,3,3215.0,5,2026 Q4,495.0,515.95,431.89,600.02
North Geelong,house,4,3215.0,5,2026 Q4,580.0,599.95,515.88,684.01
North Melbourne-West Melbourne,flat,1,3051.0,5,2026 Q4,525.0,548.43,464.37,632.5
North Melbourne-West Melbourne,flat,2,3051.0,5,2026 Q4,660.0,680.22,596.15,764.28
North Melbourne-West Melbourne,flat,3,3051.0,5,2026 Q4,882.0,892.1,808.03,976.16
North Melbourne-West Melbourne,house,2,3051.0,5,2026 Q4,650.0,670.18,586.11,754.24
North Melbourne-West Melbourne,house,3,3051.0,5,2026 Q4,853.0,867.35,783.29,951.42
North Melbourne-West Melbourne,house,4,3051.0,5,2026 Q4,1080.0,1088.74,1004.68,1172.81
Northcote,flat,1,3070.0,5,2026 Q4,420.0,442.69,358.62,526.75
Northcote,flat,2,3070.0,5,2026 Q4,600.0,618.62,534.56,702.69
Northcote,flat,3,3070.0,5,2026 Q4,850.0,865.36,781.29,949.42
Northcote,house,2,3070.0,5,2026 Q4,700.0,713.32,629.26,797.39
Northcote,house,3,3070.0,5,2026 Q4,850.0,860.21,776.15,944.28
Northcote,house,4,3070.0,5,2026 Q4,1250.0,1258.79,1174.73,1342.86
Nunawading-Mitcham,flat,1,3132.0,5,2026 Q4,435.0,451.41,367.35,535.48
Nunawading-Mitcham,flat,2,3132.0,5,2026 Q4,520.0,538.74,454.67,622.8
Nunawading-Mitcham,flat,3,3132.0,5,2026 Q4,650.0,663.85,579.79,747.92
Nunawading-Mitcham,house,2,3132.0,5,2026 Q4,525.0,544.34,460.27,628.4
Nunawading-Mitcham,house,3,3132.0,5,2026 Q4,625.0,645.38,561.31,729.44
Nunawading-Mitcham,house,4,3132.0,5,2026 Q4,745.0,763.64,679.58,847.71
Oak Park-Glenroy-Fawkner,flat,1,3046.0,5,2026 Q4,385.0,400.07,316.0,484.13
Oak Park-Glenroy-Fawkner,flat,2,3046.0,5,2026 Q4,490.0,505.48,421.42,589.55
Oak Park-Glenroy-Fawkner,flat,3,3046.0,5,2026 Q4,600.0,613.35,529.28,697.42
Oak Park-Glenroy-Fawkner,house,2,3046.0,5,2026 Q4,500.0,515.41,431.34,599.48
Oak Park-Glenroy-Fawkner,house,3,3046.0,5,2026 Q4,551.0,568.34,484.28,652.41
Oak Park-Glenroy-Fawkner,house,4,3046.0,5,2026 Q4,660.0,678.33,594.26,762.39
Ocean Grove-Barwon Heads,flat,2,3226.0,5,2026 Q4,468.0,484.41,400.35,568.48
Ocean Grove-Barwon Heads,flat,3,3226.0,5,2026 Q4,560.0,572.63,488.56,656.7
Ocean Grove-Barwon Heads,house,2,3226.0,5,2026 Q4,520.0,538.4,454.34,622.47
Ocean Grove-Barwon Heads,house,3,3226.0,5,2026 Q4,550.0,567.34,483.27,651.4
Ocean Grove-Barwon Heads,house,4,3226.0,5,2026 Q4,650.0,669.07,585.01,753.14
Pakenham,flat,2,3810.0,5,2026 Q4,450.0,465.73,381.67,549.8
Pakenham,flat,3,3810.0,5,2026 Q4,500.0,518.62,434.56,602.69
Pakenham,house,2,3810.0,5,2026 Q4,460.0,475.81,391.74,559.87
Pakenham,house,3,3810.0,5,2026 Q4,530.0,548.19,464.12,632.25
Pakenham,house,4,3810.0,5,2026 Q4,590.0,609.1,525.04,693.17
Pascoe Vale-Coburg North,flat,1,3044.0,5,2026 Q4,280.0,300.61,216.54,384.67
Pascoe Vale-Coburg North,flat,2,3044.0,5,2026 Q4,500.0,514.39,430.32,598.45
Pascoe Vale-Coburg North,flat,3,3044.0,5,2026 Q4,628.0,642.95,558.89,727.02
Pascoe Vale-Coburg North,house,2,3044.0,5,2026 Q4,540.0,554.82,470.75,638.88
Pascoe Vale-Coburg North,house,3,3044.0,5,2026 Q4,620.0,635.11,551.04,719.17
Pascoe Vale-Coburg North,house,4,3044.0,5,2026 Q4,785.0,793.43,709.37,877.5
Port Melbourne,flat,1,3207.0,5,2026 Q4,550.0,572.75,488.68,656.81
Port Melbourne,flat,2,3207.0,5,2026 Q4,745.0,765.72,681.66,849.79
Port Melbourne,flat,3,3207.0,5,2026 Q4,1175.0,1181.73,1097.67,1265.8
Port Melbourne,house,2,3207.0,5,2026 Q4,740.0,762.72,678.65,846.79
Port Melbourne,house,3,3207.0,5,2026 Q4,980.0,988.9,904.84,1072.97
Port Melbourne,house,4,3207.0,5,2026 Q4,1125.0,1128.57,1044.5,1212.63
Portland,flat,1,3305.0,5,2026 Q4,345.0,359.12,275.05,443.18
Portland,flat,2,3305.0,5,2026 Q4,350.0,364.01,279.94,448.07
Portland,flat,3,3305.0,5,2026 Q4,475.0,496.28,412.21,580.34
Portland,house,2,3305.0,5,2026 Q4,380.0,393.11,309.04,477.17
Portland,house,3,3305.0,5,2026 Q4,430.0,447.49,363.42,531.55
Portland,house,4,3305.0,5,2026 Q4,565.0,578.32,494.26,662.39
Prahran-Windsor,flat,1,3181.0,5,2026 Q4,460.0,488.42,404.36,572.49
Prahran-Windsor,flat,2,3181.0,5,2026 Q4,650.0,674.64,590.57,758.7
Prahran-Windsor,flat,3,3181.0,5,2026 Q4,950.0,965.35,881.28,1049.42
Prahran-Windsor,house,2,3181.0,5,2026 Q4,775.0,791.52,707.45,875.58
Prahran-Windsor,house,3,3181.0,5,2026 Q4,975.0,985.84,901.77,1069.9
Prahran-Windsor,house,4,3181.0,5,2026 Q4,1350.0,1345.57,1261.5,1429.64
Preston,flat,1,3072.0,5,2026 Q4,440.0,461.74,377.67,545.81
Preston,flat,2,3072.0,5,2026 Q4,550.0,569.01,484.95,653.08
Preston,flat,3,3072.0,5,2026 Q4,695.0,709.84,625.77,793.9
Preston,house,2,3072.0,5,2026 Q4,588.0,605.13,521.06,689.19
Preston,house,3,3072.0,5,2026 Q4,675.0,694.98,610.92,779.05
Preston,house,4,3072.0,5,2026 Q4,925.0,938.75,854.68,1022.81
Reservoir,flat,1,3073.0,5,2026 Q4,400.0,415.1,331.03,499.16
Reservoir,flat,2,3073.0,5,2026 Q4,500.0,516.71,432.65,600.78
Reservoir,flat,3,3073.0,5,2026 Q4,620.0,637.51,553.45,721.58
Reservoir,house,2,3073.0,5,2026 Q4,500.0,516.04,431.97,600.11
Reservoir,house,3,3073.0,5,2026 Q4,560.0,579.63,495.56,663.69
Reservoir,house,4,3073.0,5,2026 Q4,700.0,721.26,637.2,805.33
Richmond-Burnley,flat,1,3121.0,5,2026 Q4,510.0,537.35,453.28,621.42
Richmond-Burnley,flat,2,3121.0,5,2026 Q4,700.0,721.03,636.97,805.1
Richmond-Burnley,flat,3,3121.0,5,2026 Q4,1000.0,1006.84,922.78,1090.91
Richmond-Burnley,house,2,3121.0,5,2026 Q4,750.0,769.97,685.9,854.03
Richmond-Burnley,house,3,3121.0,5,2026 Q4,990.0,1003.31,919.25,1087.38
Richmond-Burnley,house,4,3121.0,5,2026 Q4,1315.0,1315.41,1231.34,1399.47
Ringwood,flat,1,3134.0,5,2026 Q4,440.0,457.85,373.78,541.91
Ringwood,flat,2,3134.0,5,2026 Q4,520.0,538.13,454.07,622.2
Ringwood,flat,3,3134.0,5,2026 Q4,620.0,635.12,551.06,719.19
Ringwood,house,2,3134.0,5,2026 Q4,520.0,537.89,453.82,621.95
Ringwood,house,3,3134.0,5,2026 Q4,600.0,618.17,534.11,702.24
Ringwood,house,4,3134.0,5,2026 Q4,710.0,727.37,643.3,811.43
Rowville,flat,2,3178.0,5,2026 Q4,530.0,542.57,458.51,626.64
Rowville,flat,3,3178.0,5,2026 Q4,628.0,641.49,557.43,725.56
Rowville,house,3,3178.0,5,2026 Q4,600.0,614.59,530.52,698.65
Rowville,house,4,3178.0,5,2026 Q4,725.0,737.83,653.77,821.9
Sale-Maffra,flat,1,3850.0,5,2026 Q4,253.0,269.4,185.33,353.46
Sale-Maffra,flat,2,3850.0,5,2026 Q4,360.0,376.45,292.38,460.51
Sale-Maffra,flat,3,3850.0,5,2026 Q4,470.0,487.87,403.8,571.93
Sale-Maffra,house,2,3850.0,5,2026 Q4,400.0,417.48,333.42,501.55
Sale-Maffra,house,3,3850.0,5,2026 Q4,450.0,468.71,384.65,552.78
Sale-Maffra,house,4,3850.0,5,2026 Q4,550.0,570.86,486.8,654.93
Seaford-Carrum Downs,flat,1,3198.0,5,2026 Q4,380.0,398.18,314.12,482.25
Seaford-Carrum Downs,flat,2,3198.0,5,2026 Q4,470.0,487.44,403.38,571.51
Seaford-Carrum Downs,flat,3,3198.0,5,2026 Q4,560.0,577.98,493.92,662.05
Seaford-Carrum Downs,house,2,3198.0,5,2026 Q4,490.0,507.73,423.66,591.79
Seaford-Carrum Downs,house,3,3198.0,5,2026 Q4,560.0,579.69,495.63,663.76
Seaford-Carrum Downs,house,4,3198.0,5,2026 Q4,660.0,678.17,594.11,762.24
Sebastopol-Delacombe,flat,1,3356.0,5,2026 Q4,300.0,310.02,225.95,394.08
Sebastopol-Delacombe,flat,2,3356.0,5,2026 Q4,350.0,365.12,281.05,449.18
Sebastopol-Delacombe,flat,3,3356.0,5,2026 Q4,390.0,408.14,324.07,492.2
Sebastopol-Delacombe,house,2,3356.0,5,2026 Q4,360.0,376.19,292.13,460.26
Sebastopol-Delacombe,house,3,3356.0,5,2026 Q4,400.0,419.24,335.17,503.3
Sebastopol-Delacombe,house,4,3356.0,5,2026 Q4,455.0,476.63,392.57,560.7
Seymour,flat,1,3660.0,5,2026 Q4,275.0,288.05,203.98,372.11
Seymour,flat,2,3660.0,5,2026 Q4,360.0,375.68,291.61,459.74
Seymour,house,2,3660.0,5,2026 Q4,380.0,392.04,307.97,476.1
Seymour,house,3,3660.0,5,2026 Q4,420.0,439.21,355.14,523.27
Seymour,house,4,3660.0,5,2026 Q4,530.0,547.93,463.86,631.99
Shepparton,flat,1,3630.0,5,2026 Q4,290.0,306.41,222.35,390.48
Shepparton,flat,2,3630.0,5,2026 Q4,385.0,403.27,319.2,487.33
Shepparton,flat,3,3630.0,5,2026 Q4,490.0,506.03,421.97,590.1
Shepparton,house,2,3630.0,5,2026 Q4,390.0,406.6,322.53,490.66
Shepparton,house,3,3630.0,5,2026 Q4,475.0,494.54,410.48,578.61
Shepparton,house,4,3630.0,5,2026 Q4,590.0,607.67,523.6,691.73
South Melbourne,flat,1,3205.0,5,2026 Q4,548.0,570.85,486.78,654.91
South Melbourne,flat,2,3205.0,5,2026 Q4,700.0,720.45,636.38,804.51
South Melbourne,flat,3,3205.0,5,2026 Q4,950.0,955.07,871.0,1039.13
South Melbourne,house,2,3205.0,5,2026 Q4,750.0,770.82,686.75,854.88
South Melbourne,house,3,3205.0,5,2026 Q4,950.0,954.33,870.27,1038.4
South Yarra,flat,1,3141.0,5,2026 Q4,500.0,525.42,441.36,609.49
South Yarra,flat,2,3141.0,5,2026 Q4,700.0,718.95,634.89,803.02
South Yarra,flat,3,3141.0,5,2026 Q4,1100.0,1108.88,1024.82,1192.95
South Yarra,house,2,3141.0,5,2026 Q4,780.0,795.46,711.39,879.53
South Yarra,house,3,3141.0,5,2026 Q4,1100.0,1101.06,1017.0,1185.13
South Yarra,house,4,3141.0,5,2026 Q4,1700.0,1668.15,1584.08,1752.21
Southbank,flat,1,3006.0,5,2026 Q4,570.0,596.25,512.18,680.31
Southbank,flat,2,3006.0,5,2026 Q4,720.0,740.47,656.41,824.54
Southbank,flat,3,3006.0,5,2026 Q4,1010.0,1017.93,933.87,1102.0
Springvale,flat,1,3171.0,5,2026 Q4,370.0,389.29,305.23,473.36
Springvale,flat,2,3171.0,5,2026 Q4,520.0,537.66,453.6,621.73
Springvale,flat,3,3171.0,5,2026 Q4,650.0,666.97,582.9,751.03
Springvale,house,2,3171.0,5,2026 Q4,510.0,527.33,443.27,611.4
Springvale,house,3,3171.0,5,2026 Q4,570.0,590.3,506.24,674.37
Springvale,house,4,3171.0,5,2026 Q4,683.0,702.17,618.11,786.24
St Albans-Deer Park,flat,1,3021.0,5,2026 Q4,330.0,345.49,261.43,429.56
St Albans-Deer Park,flat,2,3021.0,5,2026 Q4,420.0,435.76,351.69,519.82
St Albans-Deer Park,flat,3,3021.0,5,2026 Q4,482.0,499.55,415.48,583.62
St Albans-Deer Park,house,2,3021.0,5,2026 Q4,420.0,434.6,350.54,518.67
St Albans-Deer Park,house,3,3021.0,5,2026 Q4,470.0,489.58,405.51,573.64
St Albans-Deer Park,house,4,3021.0,5,2026 Q4,550.0,571.17,487.1,655.23
St Kilda,flat,1,3182.0,5,2026 Q4,465.0,489.22,405.15,573.28
St Kilda,flat,2,3182.0,5,2026 Q4,630.0,650.78,566.72,734.85
St Kilda,flat,3,3182.0,5,2026 Q4,890.0,888.37,804.3,972.43
St Kilda,house,2,3182.0,5,2026 Q4,728.0,737.65,653.58,821.71
St Kilda,house,3,3182.0,5,2026 Q4,950.0,959.4,875.34,1043.47
St Kilda,house,4,3182.0,5,2026 Q4,1105.0,1097.3,1013.24,1181.37
Sunbury,flat,2,3429.0,5,2026 Q4,440.0,457.22,373.16,541.29
Sunbury,flat,3,3429.0,5,2026 Q4,480.0,498.5,414.44,582.57
Sunbury,house,2,3429.0,5,2026 Q4,440.0,455.7,371.63,539.76
Sunbury,house,3,3429.0,5,2026 Q4,490.0,509.6,425.53,593.67
Sunbury,house,4,3429.0,5,2026 Q4,570.0,588.41,504.34,672.47
Sunshine,flat,1,3020.0,5,2026 Q4,330.0,344.92,260.85,428.98
Sunshine,flat,2,3020.0,5,2026 Q4,410.0,423.57,339.51,507.64
Sunshine,flat,3,3020.0,5,2026 Q4,530.0,544.5,460.43,628.56
Sunshine,house,2,3020.0,5,2026 Q4,460.0,474.17,390.1,558.23
Sunshine,house,3,3020.0,5,2026 Q4,495.0,515.14,431.08,599.21
Sunshine,house,4,3020.0,5,2026 Q4,600.0,619.2,535.13,703.27
Swan Hill,flat,1,3585.0,5,2026 Q4,245.0,262.79,178.73,346.86
Swan Hill,flat,2,3585.0,5,2026 Q4,355.0,370.02,285.95,454.09
Swan Hill,house,3,3585.0,5,2026 Q4,475.0,495.18,411.11,579.24
Swan Hill,house,4,3585.0,5,2026 Q4,560.0,576.63,492.56,660.69
Sydenham,flat,2,3037.0,5,2026 Q4,450.0,462.85,378.78,546.92
Sydenham,flat,3,3037.0,5,2026 Q4,460.0,476.36,392.29,560.42
Sydenham,house,2,3037.0,5,2026 Q4,440.0,454.45,370.39,538.52
Sydenham,house,3,3037.0,5,2026 Q4,480.0,497.78,413.71,581.84
Sydenham,house,4,3037.0,5,2026 Q4,530.0,549.6,465.54,633.67
Thomastown-Lalor,flat,1,3074.0,5,2026 Q4,375.0,388.75,304.68,472.81
Thomastown-Lalor,flat,2,3074.0,5,2026 Q4,450.0,464.34,380.28,548.41
Thomastown-Lalor,flat,3,3074.0,5,2026 Q4,501.0,517.82,433.75,601.88
Thomastown-Lalor,house,2,3074.0,5,2026 Q4,470.0,486.6,402.53,570.66
Thomastown-Lalor,house,3,3074.0,5,2026 Q4,510.0,528.45,444.39,612.52
Thomastown-Lalor,house,4,3074.0,5,2026 Q4,590.0,609.62,525.56,693.69
Thornbury,flat,1,3071.0,5,2026 Q4,400.0,423.3,339.23,507.36
Thornbury,flat,2,3071.0,5,2026 Q4,520.0,543.22,459.15,627.28
Thornbury,flat,3,3071.0,5,2026 Q4,748.0,766.03,681.97,850.1
Thornbury,house,2,3071.0,5,2026 Q4,650.0,663.7,579.64,747.77
Thornbury,house,3,3071.0,5,2026 Q4,798.0,812.48,728.41,896.55
Thornbury,house,4,3071.0,5,2026 Q4,960.0,963.05,878.98,1047.11
Toorak,flat,1,3142.0,5,2026 Q4,445.0,469.67,385.61,553.74
Toorak,flat,2,3142.0,5,2026 Q4,650.0,667.8,583.73,751.86
Toorak,flat,3,3142.0,5,2026 Q4,1000.0,1007.91,923.84,1091.98
Toorak,house,2,3142.0,5,2026 Q4,695.0,710.81,626.74,794.87
Toorak,house,3,3142.0,5,2026 Q4,1250.0,1237.09,1153.02,1321.15
Toorak,house,4,3142.0,5,2026 Q4,1875.0,1847.33,1763.26,1931.39
Torquay,flat,2,3228.0,5,2026 Q4,500.0,516.8,432.74,600.87
Torquay,flat,3,3228.0,5,2026 Q4,660.0,677.39,593.33,761.46
Torquay,house,2,3228.0,5,2026 Q4,535.0,548.09,464.03,632.16
Torquay,house,3,3228.0,5,2026 Q4,650.0,664.97,580.9,749.03
Torquay,house,4,3228.0,5,2026 Q4,750.0,770.85,686.79,854.92
Traralgon,flat,1,3844.0,5,2026 Q4,293.0,309.98,225.92,394.05
Traralgon,flat,2,3844.0,5,2026 Q4,365.0,382.81,298.74,466.87
Traralgon,flat,3,3844.0,5,2026 Q4,488.0,508.92,424.86,592.99
Traralgon,house,2,3844.0,5,2026 Q4,390.0,407.28,323.22,491.35
Traralgon,house,3,3844.0,5,2026 Q4,460.0,480.95,396.89,565.02
Traralgon,house,4,3844.0,5,2026 Q4,580.0,600.75,516.69,684.82
Vermont-Forest Hill-Burwood East,flat,1,3133.0,5,2026 Q4,530.0,541.15,457.08,625.21
Vermont-Forest Hill-Burwood East,flat,2,3133.0,5,2026 Q4,578.0,593.21,509.14,677.27
Vermont-Forest Hill-Burwood East,flat,3,3133.0,5,2026 Q4,650.0,663.56,579.49,747.62
Vermont-Forest Hill-Burwood East,house,2,3133.0,5,2026 Q4,540.0,556.52,472.46,640.59
Vermont-Forest Hill-Burwood East,house,3,3133.0,5,2026 Q4,630.0,650.04,565.98,734.11
Vermont-Forest Hill-Burwood East,house,4,3133.0,5,2026 Q4,750.0,765.81,681.74,849.87
Wanagaratta,flat,1,3677.0,5,2026 Q4,267.0,279.04,194.98,363.11
Wanagaratta,flat,2,3677.0,5,2026 Q4,350.0,365.62,281.56,449.69
Wanagaratta,flat,3,3677.0,5,2026 Q4,420.0,432.94,348.87,517.01
Wanagaratta,house,2,3677.0,5,2026 Q4,400.0,415.46,331.4,499.53
Wanagaratta,house,3,3677.0,5,2026 Q4,480.0,499.57,415.51,583.64
Wanagaratta,house,4,3677.0,5,2026 Q4,555.0,569.85,485.78,653.91
Wantirna-Scoresby,flat,1,3152.0,5,2026 Q4,287.0,291.65,207.59,375.72
Wantirna-Scoresby,flat,2,3152.0,5,2026 Q4,510.0,520.89,436.82,604.95
Wantirna-Scoresby,flat,3,3152.0,5,2026 Q4,610.0,625.7,541.64,709.77
Wantirna-Scoresby,house,2,3152.0,5,2026 Q4,550.0,565.5,481.44,649.57
Wantirna-Scoresby,house,3,3152.0,5,2026 Q4,597.0,615.15,531.09,699.22
Wantirna-Scoresby,house,4,3152.0,5,2026 Q4,700.0,715.79,631.72,799.85
Warragul,flat,2,3820.0,5,2026 Q4,410.0,427.91,343.85,511.98
Warragul,house,2,3820.0,5,2026 Q4,420.0,436.63,352.56,520.7
Warragul,house,3,3820.0,5,2026 Q4,483.0,502.39,418.33,586.46
Warragul,house,4,3820.0,5,2026 Q4,590.0,608.98,524.91,693.04
Warrnambool,flat,1,3280.0,5,2026 Q4,345.0,362.28,278.21,446.34
Warrnambool,flat,2,3280.0,5,2026 Q4,420.0,438.17,354.11,522.24
Warrnambool,flat,3,3280.0,5,2026 Q4,500.0,517.27,433.21,601.34
Warrnambool,house,2,3280.0,5,2026 Q4,450.0,464.78,380.71,548.84
Warrnambool,house,3,3280.0,5,2026 Q4,550.0,567.11,483.04,651.17
Warrnambool,house,4,3280.0,5,2026 Q4,680.0,697.56,613.5,781.63
Wendouree-Alfredton,flat,1,3355.0,5,2026 Q4,285.0,297.74,213.67,381.8
Wendouree-Alfredton,flat,2,3355.0,5,2026 Q4,350.0,364.95,280.88,449.01
Wendouree-Alfredton,flat,3,3355.0,5,2026 Q4,413.0,431.17,347.1,515.23
Wendouree-Alfredton,house,2,3355.0,5,2026 Q4,370.0,384.72,300.65,468.78
Wendouree-Alfredton,house,3,3355.0,5,2026 Q4,410.0,428.76,344.69,512.82
Wendouree-Alfredton,house,4,3355.0,5,2026 Q4,480.0,501.59,417.52,585.66
Werribee-Hoppers Crossing,flat,1,3030.0,5,2026 Q4,350.0,361.26,277.2,445.33
Werribee-Hoppers Crossing,flat,2,3030.0,5,2026 Q4,405.0,418.68,334.61,502.74
Werribee-Hoppers Crossing,flat,3,3030.0,5,2026 Q4,450.0,466.09,382.02,550.15
Werribee-Hoppers Crossing,house,2,3030.0,5,2026 Q4,420.0,434.16,350.1,518.23
Werribee-Hoppers Crossing,house,3,3030.0,5,2026 Q4,460.0,476.02,391.95,560.08
Werribee-Hoppers Crossing,house,4,3030.0,5,2026 Q4,525.0,543.99,459.92,628.05
West Brunswick,flat,1,3055.0,5,2026 Q4,400.0,422.83,338.76,506.89
West Brunswick,flat,2,3055.0,5,2026 Q4,500.0,519.63,435.57,603.7
West Brunswick,flat,3,3055.0,5,2026 Q4,725.0,741.98,657.92,826.05
West Brunswick,house,2,3055.0,5,2026 Q4,590.0,606.13,522.07,690.2
West Brunswick,house,3,3055.0,5,2026 Q4,755.0,768.76,684.7,852.83
West Brunswick,house,4,3055.0,5,2026 Q4,1000.0,1019.04,934.98,1103.11
West Footscray,flat,1,3012.0,5,2026 Q4,365.0,385.13,301.06,469.19
West Footscray,flat,2,3012.0,5,2026 Q4,475.0,491.99,407.92,576.05
West Footscray,flat,3,3012.0,5,2026 Q4,620.0,637.43,553.36,721.49
West Footscray,house,2,3012.0,5,2026 Q4,500.0,516.28,432.22,600.35
West Footscray,house,3,3012.0,5,2026 Q4,600.0,616.81,532.74,700.87
West Footscray,house,4,3012.0,5,2026 Q4,725.0,742.13,658.06,826.19
Whittlesea,flat,2,3757.0,5,2026 Q4,440.0,452.11,368.04,536.17
Whittlesea,flat,3,3757.0,5,2026 Q4,500.0,514.81,430.75,598.88
Whittlesea,house,2,3757.0,5,2026 Q4,450.0,462.92,378.85,546.98
Whittlesea,house,3,3757.0,5,2026 Q4,510.0,525.31,441.25,609.38
Whittlesea,house,4,3757.0,5,2026 Q4,550.0,567.17,483.1,651.23
Williamstown,flat,1,3016.0,5,2026 Q4,420.0,431.39,347.32,515.45
Williamstown,flat,2,3016.0,5,2026 Q4,523.0,541.14,457.07,625.2
Williamstown,flat,3,3016.0,5,2026 Q4,670.0,689.06,605.0,773.13
Williamstown,house,2,3016.0,5,2026 Q4,600.0,613.41,529.35,697.48
Williamstown,house,3,3016.0,5,2026 Q4,800.0,814.75,730.69,898.82
Williamstown,house,4,3016.0,5,2026 Q4,1000.0,1013.22,929.16,1097.29
Wodonga,flat,1,3690.0,5,2026 Q4,290.0,307.78,223.71,391.84
Wodonga,flat,2,3690.0,5,2026 Q4,385.0,404.51,320.45,488.58
Wodonga,flat,3,3690.0,5,2026 Q4,450.0,468.43,384.36,552.49
Wodonga,house,2,3690.0,5,2026 Q4,418.0,433.01,348.94,517.07
Wodonga,house,3,3690.0,5,2026 Q4,500.0,518.2,434.13,602.26
Wodonga,house,4,3690.0,5,2026 Q4,590.0,608.14,524.08,692.21
Yarra Ranges,flat,1,3138.0,5,2026 Q4,350.0,365.25,281.18,449.31
Yarra Ranges,flat,2,3138.0,5,2026 Q4,488.0,508.78,424.72,592.85
Yarra Ranges,flat,3,3138.0,5,2026 Q4,550.0,568.97,484.91,653.04
Yarra Ranges,house,2,3138.0,5,2026 Q4,500.0,516.22,432.16,600.29
Yarra Ranges,house,3,3138.0,5,2026 Q4,595.0,613.26,529.19,697.32
Yarra Ranges,house,4,3138.0,5,2026 Q4,695.0,709.34,625.27,793.4
Yarraville-Seddon,flat,1,3013.0,5,2026 Q4,393.0,413.71,329.64,497.77
Yarraville-Seddon,flat,2,3013.0,5,2026 Q4,520.0,540.27,456.2,624.33
Yarraville-Seddon,flat,3,3013.0,5,2026 Q4,730.0,747.32,663.26,831.39
Yarraville-Seddon,house,2,3013.0,5,2026 Q4,600.0,612.91,528.85,696.98
Yarraville-Seddon,house,3,3013.0,5,2026 Q4,720.0,736.36,652.29,820.42
Yarraville-Seddon,house,4,3013.0,5,2026 Q4,850.0,859.17,775.11,943.24
Albert Park-Middle Park-West St Kilda,flat,1,3206.0,6,2027 Q1,450.0,480.94,383.44,578.44
Albert Park-Middle Park-West St Kilda,flat,2,3206.0,6,2027 Q1,643.0,667.07,569.58,764.57
Albert Park-Middle Park-West St Kilda,flat,3,3206.0,6,2027 Q1,825.0,830.81,733.31,928.31
Albert Park-Middle Park-West St Kilda,house,2,3206.0,6,2027 Q1,760.0,774.63,677.13,872.13
Albert Park-Middle Park-West St Kilda,house,3,3206.0,6,2027 Q1,1150.0,1152.64,1055.14,1250.13
Albert Park-Middle Park-West St Kilda,house,4,3206.0,6,2027 Q1,1400.0,1379.55,1282.05,1477.04
Altona,flat,1,3018.0,6,2027 Q1,385.0,406.23,308.73,503.73
Altona,flat,2,3018.0,6,2027 Q1,475.0,494.54,397.04,592.03
Altona,flat,3,3018.0,6,2027 Q1,550.0,569.84,472.34,667.34
Altona,house,2,3018.0,6,2027 Q1,490.0,510.08,412.58,607.57
Altona,house,3,3018.0,6,2027 Q1,530.0,553.55,456.05,651.05
Altona,house,4,3018.0,6,2027 Q1,580.0,606.0,508.5,703.49
Armadale,flat,1,3143.0,6,2027 Q1,450.0,479.59,382.1,577.09
Armadale,flat,2,3143.0,6,2027 Q1,650.0,675.83,578.33,773.33
Armadale,flat,3,3143.0,6,2027 Q1,1000.0,1023.45,925.95,1120.95
Armadale,house,2,3143.0,6,2027 Q1,830.0,851.81,754.32,949.31
Armadale,house,3,3143.0,6,2027 Q1,1100.0,1098.17,1000.67,1195.67
Armadale,house,4,3143.0,6,2027 Q1,1738.0,1745.32,1647.83,1842.82
Aspendale-Chelsea-Carrum,flat,1,3195.0,6,2027 Q1,435.0,455.68,358.18,553.18
Aspendale-Chelsea-Carrum,flat,2,3195.0,6,2027 Q1,545.0,569.02,471.53,666.52
Aspendale-Chelsea-Carrum,flat,3,3195.0,6,2027 Q1,675.0,695.26,597.76,792.76
Aspendale-Chelsea-Carrum,house,2,3195.0,6,2027 Q1,550.0,572.33,474.83,669.83
Aspendale-Chelsea-Carrum,house,3,3195.0,6,2027 Q1,680.0,699.45,601.96,796.95
Aspendale-Chelsea-Carrum,house,4,3195.0,6,2027 Q1,870.0,885.13,787.63,982.62
Bairnsdale,flat,1,3860.0,6,2027 Q1,290.0,307.87,210.37,405.37
Bairnsdale,flat,2,3860.0,6,2027 Q1,370.0,389.69,292.19,487.19
Bairnsdale,flat,3,3860.0,6,2027 Q1,458.0,479.04,381.55,576.54
Bairnsdale,house,2,3860.0,6,2027 Q1,390.0,409.56,312.06,507.06
Bairnsdale,house,3,3860.0,6,2027 Q1,460.0,482.19,384.7,579.69
Bairnsdale,house,4,3860.0,6,2027 Q1,550.0,571.09,473.59,668.59
Ballarat,flat,1,3350.0,6,2027 Q1,285.0,302.69,205.19,400.19
Ballarat,flat,2,3350.0,6,2027 Q1,360.0,379.95,282.45,477.45
Ballarat,flat,3,3350.0,6,2027 Q1,400.0,422.54,325.04,520.03
Ballarat,house,2,3350.0,6,2027 Q1,360.0,379.63,282.13,477.13
Ballarat,house,3,3350.0,6,2027 Q1,410.0,434.63,337.13,532.12
Ballarat,house,4,3350.0,6,2027 Q1,475.0,502.15,404.65,599.64
Balwyn,flat,1,3103.0,6,2027 Q1,500.0,523.1,425.6,620.59
Balwyn,flat,2,3103.0,6,2027 Q1,588.0,610.62,513.12,708.11
Balwyn,flat,3,3103.0,6,2027 Q1,798.0,812.13,714.63,909.63
Balwyn,house,2,3103.0,6,2027 Q1,570.0,592.38,494.88,689.88
Balwyn,house,3,3103.0,6,2027 Q1,750.0,774.72,677.22,872.22
Balwyn,house,4,3103.0,6,2027 Q1,1000.0,1007.29,909.79,1104.79
Bayswater,flat,1,3153.0,6,2027 Q1,393.0,415.51,318.02,513.01
Bayswater,flat,2,3153.0,6,2027 Q1,493.0,514.14,416.65,611.64
Bayswater,flat,3,3153.0,6,2027 Q1,590.0,608.7,511.2,706.19
Bayswater,house,2,3153.0,6,2027 Q1,500.0,518.53,421.04,616.03
Bayswater,house,3,3153.0,6,2027 Q1,590.0,612.11,514.62,709.61
Bayswater,house,4,3153.0,6,2027 Q1,675.0,699.36,601.86,796.86
Belmont-Grovedale,flat,1,3216.0,6,2027 Q1,340.0,363.82,266.32,461.32
Belmont-Grovedale,flat,2,3216.0,6,2027 Q1,430.0,452.12,354.63,549.62
Belmont-Grovedale,flat,3,3216.0,6,2027 Q1,500.0,525.47,427.97,622.97
Belmont-Grovedale,house,2,3216.0,6,2027 Q1,450.0,472.89,375.39,570.38
Belmont-Grovedale,house,3,3216.0,6,2027 Q1,500.0,526.52,429.02,624.01
Belmont-Grovedale,house,4,3216.0,6,2027 Q1,550.0,578.96,481.46,676.45
Benalla,flat,1,3672.0,6,2027 Q1,305.0,327.3,229.8,424.79
Benalla,flat,2,3672.0,6,2027 Q1,370.0,389.07,291.57,486.56
Benalla,house,2,3672.0,6,2027 Q1,380.0,398.49,300.99,495.98
Benalla,house,3,3672.0,6,2027 Q1,450.0,470.46,372.97,567.96
Benalla,house,4,3672.0,6,2027 Q1,570.0,594.56,497.07,692.06
Bendigo,flat,1,3550.0,6,2027 Q1,330.0,350.78,253.28,448.28
Bendigo,flat,2,3550.0,6,2027 Q1,400.0,418.49,320.99,515.98
Bendigo,house,2,3550.0,6,2027 Q1,470.0,488.33,390.83,585.83
Bendigo,house,3,3550.0,6,2027 Q1,480.0,503.62,406.12,601.12
Bendigo,house,4,3550.0,6,2027 Q1,580.0,607.69,510.19,705.19
Bentleigh,flat,1,3204.0,6,2027 Q1,405.0,432.68,335.18,530.17
Bentleigh,flat,2,3204.0,6,2027 Q1,590.0,614.89,517.4,712.39
Bentleigh,flat,3,3204.0,6,2027 Q1,750.0,766.55,669.05,864.04
Bentleigh,house,2,3204.0,6,2027 Q1,600.0,622.24,524.74,719.74
Bentleigh,house,3,3204.0,6,2027 Q1,735.0,756.67,659.17,854.17
Bentleigh,house,4,3204.0,6,2027 Q1,1025.0,1034.95,937.45,1132.45
Berwick,flat,2,3806.0,6,2027 Q1,500.0,517.83,420.33,615.32
Berwick,flat,3,3806.0,6,2027 Q1,550.0,571.03,473.54,668.53
Berwick,house,2,3806.0,6,2027 Q1,490.0,507.95,410.45,605.45
Berwick,house,3,3806.0,6,2027 Q1,560.0,580.88,483.38,678.37
Berwick,house,4,3806.0,6,2027 Q1,620.0,642.29,544.79,739.78
Blackburn,flat,1,3130.0,6,2027 Q1,460.0,479.1,381.6,576.6
Blackburn,flat,2,3130.0,6,2027 Q1,550.0,568.89,471.39,666.38
Blackburn,flat,3,3130.0,6,2027 Q1,644.0,661.13,563.63,758.63
Blackburn,house,2,3130.0,6,2027 Q1,550.0,569.34,471.84,666.84
Blackburn,house,3,3130.0,6,2027 Q1,620.0,644.46,546.96,741.96
Blackburn,house,4,3130.0,6,2027 Q1,800.0,822.75,725.25,920.25
Boronia,flat,1,3155.0,6,2027 Q1,400.0,414.24,316.74,511.73
Boronia,flat,2,3155.0,6,2027 Q1,500.0,519.1,421.6,616.6
Boronia,flat,3,3155.0,6,2027 Q1,600.0,620.23,522.73,717.73
Boronia,house,2,3155.0,6,2027 Q1,520.0,543.41,445.91,640.9
Boronia,house,3,3155.0,6,2027 Q1,590.0,612.61,515.11,710.1
Boronia,house,4,3155.0,6,2027 Q1,680.0,703.88,606.38,801.37
Box Hill,flat,1,3128.0,6,2027 Q1,490.0,508.63,411.14,606.13
Box Hill,flat,2,3128.0,6,2027 Q1,610.0,629.11,531.62,726.61
Box Hill,flat,3,3128.0,6,2027 Q1,710.0,726.08,628.58,823.58
Box Hill,house,2,3128.0,6,2027 Q1,540.0,567.4,469.91,664.9
Box Hill,house,3,3128.0,6,2027 Q1,650.0,674.82,577.33,772.32
Box Hill,house,4,3128.0,6,2027 Q1,808.0,828.78,731.28,926.28
Brighton,flat,1,3186.0,6,2027 Q1,498.0,538.33,440.83,635.83
Brighton,flat,2,3186.0,6,2027 Q1,680.0,712.2,614.7,809.7
Brighton,flat,3,3186.0,6,2027 Q1,1000.0,1014.39,916.9,1111.89
Brighton,house,2,3186.0,6,2027 Q1,760.0,782.6,685.1,880.1
Brighton,house,3,3186.0,6,2027 Q1,1150.0,1154.66,1057.16,1252.16
Brighton,house,4,3186.0,6,2027 Q1,1650.0,1629.02,1531.52,1726.52
Brighton East,flat,2,3187.0,6,2027 Q1,630.0,654.47,556.97,751.96
Brighton East,flat,3,3187.0,6,2027 Q1,738.0,757.61,660.11,855.11
Brighton East,house,2,3187.0,6,2027 Q1,690.0,715.54,618.05,813.04
Brighton East,house,3,3187.0,6,2027 Q1,940.0,957.17,859.67,1054.67
Brighton East,house,4,3187.0,6,2027 Q1,1295.0,1266.74,1169.25,1364.24
Broadmeadows-Roxburgh Park,flat,1,3047.0,6,2027 Q1,325.0,341.79,244.29,439.29
Broadmeadows-Roxburgh Park,flat,2,3047.0,6,2027 Q1,470.0,486.13,388.63,583.62
Broadmeadows-Roxburgh Park,flat,3,3047.0,6,2027 Q1,520.0,540.35,442.85,637.84
Broadmeadows-Roxburgh Park,house,2,3047.0,6,2027 Q1,460.0,477.32,379.82,574.82
Broadmeadows-Roxburgh Park,house,3,3047.0,6,2027 Q1,506.0,528.32,430.82,625.81
Broadmeadows-Roxburgh Park,house,4,3047.0,6,2027 Q1,600.0,619.84,522.34,717.34
Brunswick,flat,1,3056.0,6,2027 Q1,460.0,486.14,388.65,583.64
Brunswick,flat,2,3056.0,6,2027 Q1,600.0,624.49,526.99,721.99
Brunswick,flat,3,3056.0,6,2027 Q1,840.0,856.16,758.66,953.65
Brunswick,house,2,3056.0,6,2027 Q1,660.0,681.41,583.91,778.91
Brunswick,house,3,3056.0,6,2027 Q1,850.0,865.29,767.79,962.78
Brunswick,house,4,3056.0,6,2027 Q1,1000.0,1004.7,907.21,1102.2
Bulleen-Templestowe-Doncaster,flat,1,3108.0,6,2027 Q1,480.0,498.67,401.17,596.17
Bulleen-Templestowe-Doncaster,flat,2,3108.0,6,2027 Q1,595.0,615.17,517.67,712.67
Bulleen-Templestowe-Doncaster,flat,3,3108.0,6,2027 Q1,720.0,738.86,641.36,836.35
Bulleen-Templestowe-Doncaster,house,2,3108.0,6,2027 Q1,570.0,592.46,494.96,689.96
Bulleen-Templestowe-Doncaster,house,3,3108.0,6,2027 Q1,660.0,683.74,586.24,781.24
Bulleen-Templestowe-Doncaster,house,4,3108.0,6,2027 Q1,820.0,840.85,743.35,938.35
Bundoora-Greensborough-Hurstbridge,flat,1,3088.0,6,2027 Q1,420.0,437.87,340.38,535.37
Bundoora-Greensborough-Hurstbridge,flat,2,3088.0,6,2027 Q1,490.0,508.84,411.35,606.34
Bundoora-Greensborough-Hurstbridge,flat,3,3088.0,6,2027 Q1,580.0,596.55,499.05,694.04
Bundoora-Greensborough-Hurstbridge,house,2,3088.0,6,2027 Q1,500.0,517.67,420.17,615.16
Bundoora-Greensborough-Hurstbridge,house,3,3088.0,6,2027 Q1,570.0,591.59,494.1,689.09
Bundoora-Greensborough-Hurstbridge,house,4,3088.0,6,2027 Q1,600.0,623.14,525.65,720.64
Burwood-Ashburton,flat,1,3125.0,6,2027 Q1,450.0,477.1,379.6,574.6
Burwood-Ashburton,flat,2,3125.0,6,2027 Q1,570.0,588.75,491.25,686.24
Burwood-Ashburton,flat,3,3125.0,6,2027 Q1,720.0,738.03,640.53,835.52
Burwood-Ashburton,house,2,3125.0,6,2027 Q1,580.0,603.23,505.73,700.72
Burwood-Ashburton,house,3,3125.0,6,2027 Q1,650.0,670.62,573.13,768.12
Burwood-Ashburton,house,4,3125.0,6,2027 Q1,878.0,892.9,795.4,990.4
CBD-St Kilda Rd,flat,1,,6,2027 Q1,560.0,585.8,488.3,683.29
CBD-St Kilda Rd,flat,2,,6,2027 Q1,735.0,755.43,657.94,852.93
CBD-St Kilda Rd,flat,3,,6,2027 Q1,1050.0,1045.28,947.78,1142.77
Camberwell-Glen Iris,flat,1,3124.0,6,2027 Q1,440.0,467.71,370.21,565.21
Camberwell-Glen Iris,flat,2,3124.0,6,2027 Q1,600.0,626.3,528.8,723.79
Camberwell-Glen Iris,flat,3,3124.0,6,2027 Q1,815.0,830.66,733.17,928.16
Camberwell-Glen Iris,house,2,3124.0,6,2027 Q1,660.0,681.91,584.41,779.41
Camberwell-Glen Iris,house,3,3124.0,6,2027 Q1,838.0,853.84,756.34,951.34
Camberwell-Glen Iris,house,4,3124.0,6,2027 Q1,1195.0,1192.91,1095.42,1290.41
Canterbury-Surrey Hills-Mont Albert,flat,1,3127.0,6,2027 Q1,450.0,476.82,379.33,574.32
Canterbury-Surrey Hills-Mont Albert,flat,2,3127.0,6,2027 Q1,570.0,596.48,498.98,693.98
Canterbury-Surrey Hills-Mont Albert,flat,3,3127.0,6,2027 Q1,740.0,760.08,662.58,857.57
Canterbury-Surrey Hills-Mont Albert,house,2,3127.0,6,2027 Q1,620.0,644.13,546.63,741.63
Canterbury-Surrey Hills-Mont Albert,house,3,3127.0,6,2027 Q1,800.0,817.67,720.17,915.16
Canterbury-Surrey Hills-Mont Albert,house,4,3127.0,6,2027 Q1,1100.0,1101.07,1003.57,1198.56
Carlton North,flat,1,3054.0,6,2027 Q1,430.0,461.47,363.98,558.97
Carlton North,flat,2,3054.0,6,2027 Q1,600.0,628.91,531.41,726.41
Carlton North,flat,3,3054.0,6,2027 Q1,778.0,799.68,702.18,897.17
Carlton North,house,2,3054.0,6,2027 Q1,755.0,774.51,677.01,872.0
Carlton North,house,3,3054.0,6,2027 Q1,950.0,964.69,867.19,1062.19
Carlton-Parkville,flat,1,3053.0,6,2027 Q1,500.0,527.85,430.35,625.34
Carlton-Parkville,flat,2,3053.0,6,2027 Q1,670.0,694.1,596.6,791.59
Carlton-Parkville,flat,3,3053.0,6,2027 Q1,855.0,871.57,774.08,969.07
Carlton-Parkville,house,2,3053.0,6,2027 Q1,670.0,696.93,599.44,794.43
Carlton-Parkville,house,3,3053.0,6,2027 Q1,950.0,968.92,871.42,1066.42
Carlton-Parkville,house,4,3053.0,6,2027 Q1,1100.0,1095.31,997.81,1192.8
Carnegie,flat,1,3163.0,6,2027 Q1,420.0,446.19,348.7,543.69
Carnegie,flat,2,3163.0,6,2027 Q1,595.0,613.81,516.31,711.31
Carnegie,flat,3,3163.0,6,2027 Q1,775.0,793.17,695.68,890.67
Carnegie,house,2,3163.0,6,2027 Q1,600.0,619.49,521.99,716.99
Carnegie,house,3,3163.0,6,2027 Q1,750.0,767.34,669.84,864.84
Carnegie,house,4,3163.0,6,2027 Q1,1100.0,1107.97,1010.47,1205.47
Castlemaine,flat,2,3450.0,6,2027 Q1,390.0,410.25,312.75,507.75
Castlemaine,house,2,3450.0,6,2027 Q1,430.0,447.93,350.43,545.43
Castlemaine,house,3,3450.0,6,2027 Q1,500.0,522.87,425.37,620.37
Castlemaine,house,4,3450.0,6,2027 Q1,580.0,605.49,507.99,702.99
Caulfield,flat,1,3162.0,6,2027 Q1,500.0,525.26,427.77,622.76
Caulfield,flat,2,3162.0,6,2027 Q1,630.0,657.14,559.64,754.63
Caulfield,flat,3,3162.0,6,2027 Q1,810.0,829.98,732.48,927.47
Caulfield,house,2,3162.0,6,2027 Q1,633.0,658.53,561.04,756.03
Caulfield,house,3,3162.0,6,2027 Q1,850.0,866.7,769.2,964.2
Caulfield,house,4,3162.0,6,2027 Q1,1250.0,1255.75,1158.25,1353.24
Chadstone-Oakleigh,flat,1,3166.0,6,2027 Q1,500.0,516.96,419.47,614.46
Chadstone-Oakleigh,flat,2,3166.0,6,2027 Q1,580.0,599.56,502.07,697.06
Chadstone-Oakleigh,flat,3,3166.0,6,2027 Q1,680.0,697.43,599.93,794.92
Chadstone-Oakleigh,house,2,3166.0,6,2027 Q1,570.0,592.55,495.05,690.04
Chadstone-Oakleigh,house,3,3166.0,6,2027 Q1,630.0,651.7,554.2,749.19
Chadstone-Oakleigh,house,4,3166.0,6,2027 Q1,850.0,864.13,766.63,961.63
Cheltenham,flat,1,3192.0,6,2027 Q1,450.0,472.47,374.97,569.97
Cheltenham,flat,2,3192.0,6,2027 Q1,550.0,573.0,475.5,670.5
Cheltenham,flat,3,3192.0,6,2027 Q1,693.0,713.61,616.11,811.11
Cheltenham,house,2,3192.0,6,2027 Q1,585.0,607.0,509.51,704.5
Cheltenham,house,3,3192.0,6,2027 Q1,720.0,741.5,644.0,838.99
Cheltenham,house,4,3192.0,6,2027 Q1,950.0,961.22,863.72,1058.71
Clayton,flat,1,3168.0,6,2027 Q1,490.0,507.71,410.22,605.21
Clayton,flat,2,3168.0,6,2027 Q1,590.0,608.55,511.06,706.05
Clayton,flat,3,3168.0,6,2027 Q1,650.0,668.18,570.69,765.68
Clayton,house,2,3168.0,6,2027 Q1,550.0,568.1,470.61,665.6
Clayton,house,3,3168.0,6,2027 Q1,603.0,625.64,528.15,723.14
Clayton,house,4,3168.0,6,2027 Q1,800.0,824.68,727.18,922.17
Coburg-Pascoe Vale South,flat,1,3058.0,6,2027 Q1,425.0,443.35,345.85,540.84
Coburg-Pascoe Vale South,flat,2,3058.0,6,2027 Q1,550.0,569.89,472.39,667.38
Coburg-Pascoe Vale South,flat,3,3058.0,6,2027 Q1,700.0,717.9,620.4,815.4
Coburg-Pascoe Vale South,house,2,3058.0,6,2027 Q1,580.0,600.32,502.83,697.82
Coburg-Pascoe Vale South,house,3,3058.0,6,2027 Q1,710.0,727.63,630.14,825.13
Coburg-Pascoe Vale South,house,4,3058.0,6,2027 Q1,850.0,862.54,765.04,960.03
Collingwood-Abbotsford,flat,1,3066.0,6,2027 Q1,520.0,547.17,449.68,644.67
Collingwood-Abbotsford,flat,2,3066.0,6,2027 Q1,695.0,718.35,620.85,815.85
Collingwood-Abbotsford,flat,3,3066.0,6,2027 Q1,1000.0,1009.36,911.86,1106.86
Collingwood-Abbotsford,house,2,3066.0,6,2027 Q1,720.0,743.15,645.65,840.64
Collingwood-Abbotsford,house,3,3066.0,6,2027 Q1,950.0,963.76,866.27,1061.26
Corio,flat,1,3214.0,6,2027 Q1,320.0,336.4,238.9,433.9
Corio,flat,2,3214.0,6,2027 Q1,380.0,397.69,300.2,495.19
Corio,flat,3,3214.0,6,2027 Q1,445.0,465.52,368.02,563.01
Corio,house,2,3214.0,6,2027 Q1,380.0,399.45,301.96,496.95
Corio,house,3,3214.0,6,2027 Q1,420.0,445.49,347.99,542.98
Corio,house,4,3214.0,6,2027 Q1,485.0,509.45,411.95,606.94
Craigieburn,flat,2,3064.0,6,2027 Q1,440.0,456.07,358.57,553.57
Craigieburn,flat,3,3064.0,6,2027 Q1,485.0,505.96,408.47,603.46
Craigieburn,house,2,3064.0,6,2027 Q1,450.0,467.27,369.77,564.77
Craigieburn,house,3,3064.0,6,2027 Q1,500.0,520.31,422.81,617.81
Craigieburn,house,4,3064.0,6,2027 Q1,560.0,583.2,485.71,680.7
Cranbourne,flat,1,3977.0,6,2027 Q1,400.0,414.2,316.7,511.69
Cranbourne,flat,2,3977.0,6,2027 Q1,460.0,478.27,380.78,575.77
Cranbourne,flat,3,3977.0,6,2027 Q1,530.0,549.83,452.34,647.33
Cranbourne,house,2,3977.0,6,2027 Q1,490.0,507.76,410.26,605.26
Cranbourne,house,3,3977.0,6,2027 Q1,550.0,570.29,472.8,667.79
Cranbourne,house,4,3977.0,6,2027 Q1,600.0,622.74,525.25,720.24
Croydon-Lilydale,flat,1,3136.0,6,2027 Q1,363.0,389.17,291.67,486.66
Croydon-Lilydale,flat,2,3136.0,6,2027 Q1,500.0,520.94,423.45,618.44
Croydon-Lilydale,flat,3,3136.0,6,2027 Q1,620.0,640.29,542.8,737.79
Croydon-Lilydale,house,2,3136.0,6,2027 Q1,525.0,547.22,449.72,644.72
Croydon-Lilydale,house,3,3136.0,6,2027 Q1,600.0,622.7,525.2,720.2
Croydon-Lilydale,house,4,3136.0,6,2027 Q1,730.0,752.97,655.48,850.47
Dandenong,flat,1,3175.0,6,2027 Q1,375.0,396.19,298.7,493.69
Dandenong,flat,2,3175.0,6,2027 Q1,450.0,472.09,374.59,569.58
Dandenong,flat,3,3175.0,6,2027 Q1,570.0,586.99,489.49,684.49
Dandenong,house,2,3175.0,6,2027 Q1,490.0,507.64,410.14,605.13
Dandenong,house,3,3175.0,6,2027 Q1,560.0,581.98,484.49,679.48
Dandenong,house,4,3175.0,6,2027 Q1,750.0,767.42,669.92,864.91
Dandenong North-Endeavour Hills,flat,1,3177.0,6,2027 Q1,350.0,370.43,272.93,467.93
Dandenong North-Endeavour Hills,flat,2,3177.0,6,2027 Q1,468.0,486.09,388.59,583.59
Dandenong North-Endeavour Hills,flat,3,3177.0,6,2027 Q1,550.0,570.6,473.1,668.1
Dandenong North-Endeavour Hills,house,2,3177.0,6,2027 Q1,475.0,496.64,399.15,594.14
Dandenong North-Endeavour Hills,house,3,3177.0,6,2027 Q1,530.0,551.64,454.15,649.14
Dandenong North-Endeavour Hills,house,4,3177.0,6,2027 Q1,630.0,652.89,555.39,750.38
Docklands,flat,1,3008.0,6,2027 Q1,600.0,634.62,537.13,732.12
Docklands,flat,2,3008.0,6,2027 Q1,763.0,791.66,694.16,889.16
Docklands,flat,3,3008.0,6,2027 Q1,1200.0,1204.34,1106.85,1301.84
Doncaster East-Donvale,flat,1,3109.0,6,2027 Q1,470.0,486.46,388.96,583.96
Doncaster East-Donvale,flat,2,3109.0,6,2027 Q1,575.0,592.87,495.37,690.36
Doncaster East-Donvale,flat,3,3109.0,6,2027 Q1,695.0,713.99,616.49,811.49
Doncaster East-Donvale,house,2,3109.0,6,2027 Q1,530.0,547.55,450.06,645.05
Doncaster East-Donvale,house,3,3109.0,6,2027 Q1,680.0,702.05,604.55,799.54
Doncaster East-Donvale,house,4,3109.0,6,2027 Q1,830.0,848.29,750.79,945.79
Dromana-Portsea,flat,1,3936.0,6,2027 Q1,393.0,410.29,312.8,507.79
Dromana-Portsea,flat,2,3936.0,6,2027 Q1,478.0,500.31,402.82,597.81
Dromana-Portsea,flat,3,3936.0,6,2027 Q1,600.0,620.57,523.07,718.06
Dromana-Portsea,house,2,3936.0,6,2027 Q1,490.0,511.82,414.32,609.32
Dromana-Portsea,house,3,3936.0,6,2027 Q1,570.0,593.83,496.33,691.33
Dromana-Portsea,house,4,3936.0,6,2027 Q1,745.0,763.82,666.33,861.32
East Brunswick,flat,1,3057.0,6,2027 Q1,500.0,524.32,426.82,621.81
East Brunswick,flat,2,3057.0,6,2027 Q1,625.0,648.77,551.27,746.27
East Brunswick,flat,3,3057.0,6,2027 Q1,880.0,891.68,794.18,989.18
East Brunswick,house,2,3057.0,6,2027 Q1,710.0,726.17,628.68,823.67
East Brunswick,house,3,3057.0,6,2027 Q1,880.0,892.24,794.75,989.74
East Brunswick,house,4,3057.0,6,2027 Q1,1100.0,1123.08,1025.58,1220.58
East Hawthorn,flat,1,3123.0,6,2027 Q1,490.0,519.16,421.67,616.66
East Hawthorn,flat,2,3123.0,6,2027 Q1,610.0,637.63,540.13,735.12
East Hawthorn,flat,3,3123.0,6,2027 Q1,890.0,912.35,814.85,1009.85
East Hawthorn,house,2,3123.0,6,2027 Q1,698.0,722.49,624.99,819.99
East Hawthorn,house,3,3123.0,6,2027 Q1,898.0,919.8,822.3,1017.29
East Hawthorn,house,4,3123.0,6,2027 Q1,1300.0,1297.99,1200.49,1395.49
East Melbourne,flat,1,3002.0,6,2027 Q1,520.0,548.65,451.16,646.15
East Melbourne,flat,2,3002.0,6,2027 Q1,690.0,714.72,617.22,812.22
East Melbourne,flat,3,3002.0,6,2027 Q1,1175.0,1187.83,1090.34,1285.33
East Melbourne,house,3,3002.0,6,2027 Q1,1100.0,1069.17,971.67,1166.66
East St Kilda,flat,1,3183.0,6,2027 Q1,425.0,455.16,357.66,552.65
East St Kilda,flat,2,3183.0,6,2027 Q1,575.0,600.81,503.31,698.3
East St Kilda,flat,3,3183.0,6,2027 Q1,840.0,852.37,754.87,949.86
East St Kilda,house,2,3183.0,6,2027 Q1,763.0,777.22,679.72,874.72
East St Kilda,house,3,3183.0,6,2027 Q1,900.0,901.21,803.72,998.71
East St Kilda,house,4,3183.0,6,2027 Q1,1100.0,1097.4,999.9,1194.89
Echuca,flat,1,3564.0,6,2027 Q1,278.0,297.96,200.47,395.46
Echuca,flat,2,3564.0,6,2027 Q1,420.0,440.12,342.62,537.61
Echuca,flat,3,3564.0,6,2027 Q1,450.0,466.33,368.83,563.83
Echuca,house,2,3564.0,6,2027 Q1,418.0,438.49,340.99,535.99
Echuca,house,3,3564.0,6,2027 Q1,520.0,541.41,443.91,638.9
Echuca,house,4,3564.0,6,2027 Q1,640.0,660.75,563.25,758.25
Elsternwick,flat,1,3185.0,6,2027 Q1,440.0,469.79,372.3,567.29
Elsternwick,flat,2,3185.0,6,2027 Q1,600.0,623.52,526.02,721.02
Elsternwick,flat,3,3185.0,6,2027 Q1,800.0,814.12,716.62,911.62
Elsternwick,house,2,3185.0,6,2027 Q1,718.0,734.79,637.29,832.29
Elsternwick,house,3,3185.0,6,2027 Q1,900.0,910.03,812.53,1007.52
Elsternwick,house,4,3185.0,6,2027 Q1,1150.0,1160.83,1063.33,1258.33
Eltham-Research-Montmorency,flat,1,3095.0,6,2027 Q1,360.0,384.15,286.66,481.65
Eltham-Research-Montmorency,flat,2,3095.0,6,2027 Q1,500.0,521.72,424.23,619.22
Eltham-Research-Montmorency,flat,3,3095.0,6,2027 Q1,620.0,638.34,540.85,735.84
Eltham-Research-Montmorency,house,2,3095.0,6,2027 Q1,500.0,520.7,423.2,618.2
Eltham-Research-Montmorency,house,3,3095.0,6,2027 Q1,650.0,668.12,570.63,765.62
Eltham-Research-Montmorency,house,4,3095.0,6,2027 Q1,813.0,826.77,729.28,924.27
Elwood,flat,1,3184.0,6,2027 Q1,450.0,479.59,382.09,577.08
Elwood,flat,2,3184.0,6,2027 Q1,608.0,634.07,536.58,731.57
Elwood,flat,3,3184.0,6,2027 Q1,875.0,885.18,787.69,982.68
Elwood,house,2,3184.0,6,2027 Q1,795.0,814.9,717.4,912.4
Elwood,house,3,3184.0,6,2027 Q1,1095.0,1108.98,1011.48,1206.47
Elwood,house,4,3184.0,6,2027 Q1,1500.0,1462.61,1365.12,1560.11
Essendon,flat,1,3040.0,6,2027 Q1,430.0,451.0,353.5,548.5
Essendon,flat,2,3040.0,6,2027 Q1,510.0,533.01,435.52,630.51
Essendon,flat,3,3040.0,6,2027 Q1,650.0,672.37,574.87,769.87
Essendon,house,2,3040.0,6,2027 Q1,550.0,572.59,475.09,670.08
Essendon,house,3,3040.0,6,2027 Q1,650.0,669.97,572.48,767.47
Essendon,house,4,3040.0,6,2027 Q1,895.0,905.39,807.89,1002.89
Fairfield-Alphington,flat,1,3078.0,6,2027 Q1,400.0,429.33,331.84,526.83
Fairfield-Alphington,flat,2,3078.0,6,2027 Q1,575.0,598.73,501.24,696.23
Fairfield-Alphington,flat,3,3078.0,6,2027 Q1,815.0,815.87,718.37,913.36
Fairfield-Alphington,house,2,3078.0,6,2027 Q1,650.0,668.05,570.56,765.55
Fairfield-Alphington,house,3,3078.0,6,2027 Q1,850.0,861.2,763.7,958.7
Fairfield-Alphington,house,4,3078.0,6,2027 Q1,1113.0,1121.8,1024.3,1219.29
Ferntree Gully,flat,2,3156.0,6,2027 Q1,520.0,539.21,441.72,636.71
Ferntree Gully,flat,3,3156.0,6,2027 Q1,580.0,597.17,499.68,694.67
Ferntree Gully,house,2,3156.0,6,2027 Q1,518.0,537.87,440.37,635.36
Ferntree Gully,house,3,3156.0,6,2027 Q1,600.0,619.6,522.1,717.09
Ferntree Gully,house,4,3156.0,6,2027 Q1,720.0,741.03,643.53,838.52
Fitzroy,flat,1,3065.0,6,2027 Q1,528.0,556.27,458.77,653.77
Fitzroy,flat,2,3065.0,6,2027 Q1,750.0,772.1,674.6,869.6
Fitzroy,flat,3,3065.0,6,2027 Q1,1175.0,1184.9,1087.41,1282.4
Fitzroy,house,2,3065.0,6,2027 Q1,848.0,873.34,775.84,970.83
Fitzroy,house,3,3065.0,6,2027 Q1,1100.0,1109.04,1011.54,1206.53
Fitzroy North-Clifton Hill,flat,1,3068.0,6,2027 Q1,500.0,532.42,434.93,629.92
Fitzroy North-Clifton Hill,flat,2,3068.0,6,2027 Q1,690.0,719.28,621.78,816.78
Fitzroy North-Clifton Hill,flat,3,3068.0,6,2027 Q1,1050.0,1070.23,972.73,1167.72
Fitzroy North-Clifton Hill,house,2,3068.0,6,2027 Q1,740.0,763.49,666.0,860.99
Fitzroy North-Clifton Hill,house,3,3068.0,6,2027 Q1,998.0,1014.31,916.82,1111.81
Fitzroy North-Clifton Hill,house,4,3068.0,6,2027 Q1,1295.0,1267.97,1170.47,1365.47
Flemington-Kensington,flat,1,3031.0,6,2027 Q1,470.0,500.44,402.94,597.93
Flemington-Kensington,flat,2,3031.0,6,2027 Q1,560.0,587.97,490.47,685.47
Flemington-Kensington,flat,3,3031.0,6,2027 Q1,850.0,870.4,772.91,967.9
Flemington-Kensington,house,2,3031.0,6,2027 Q1,620.0,640.14,542.65,737.64
Flemington-Kensington,house,3,3031.0,6,2027 Q1,760.0,778.91,681.41,876.41
Flemington-Kensington,house,4,3031.0,6,2027 Q1,945.0,955.31,857.81,1052.81
Flora Hill-Bendigo East,flat,1,3550.0,6,2027 Q1,350.0,368.22,270.72,465.71
Flora Hill-Bendigo East,flat,2,3550.0,6,2027 Q1,380.0,401.75,304.25,499.24
Flora Hill-Bendigo East,flat,3,3550.0,6,2027 Q1,450.0,472.71,375.21,570.21
Flora Hill-Bendigo East,house,2,3550.0,6,2027 Q1,420.0,441.91,344.41,539.41
Flora Hill-Bendigo East,house,3,3550.0,6,2027 Q1,475.0,499.28,401.78,596.78
Flora Hill-Bendigo East,house,4,3550.0,6,2027 Q1,570.0,596.08,498.58,693.57
Footscray,flat,1,3011.0,6,2027 Q1,450.0,468.55,371.05,566.05
Footscray,flat,2,3011.0,6,2027 Q1,560.0,574.19,476.7,671.69
Footscray,flat,3,3011.0,6,2027 Q1,698.0,710.15,612.65,807.65
Footscray,house,2,3011.0,6,2027 Q1,573.0,591.07,493.57,688.57
Footscray,house,3,3011.0,6,2027 Q1,640.0,657.07,559.57,754.57
Footscray,house,4,3011.0,6,2027 Q1,750.0,766.15,668.66,863.65
Frankston,flat,1,3199.0,6,2027 Q1,350.0,373.08,275.59,470.58
Frankston,flat,2,3199.0,6,2027 Q1,475.0,498.49,400.99,595.99
Frankston,flat,3,3199.0,6,2027 Q1,560.0,581.86,484.36,679.36
Frankston,house,2,3199.0,6,2027 Q1,490.0,511.76,414.27,609.26
Frankston,house,3,3199.0,6,2027 Q1,570.0,593.36,495.86,690.85
Frankston,house,4,3199.0,6,2027 Q1,670.0,692.52,595.02,790.02
Geelong-Newcombe,flat,1,3219.0,6,2027 Q1,380.0,394.29,296.79,491.79
Geelong-Newcombe,flat,2,3219.0,6,2027 Q1,460.0,474.75,377.25,572.25
Geelong-Newcombe,flat,3,3219.0,6,2027 Q1,518.0,540.54,443.04,638.03
Geelong-Newcombe,house,2,3219.0,6,2027 Q1,440.0,462.09,364.59,559.58
Geelong-Newcombe,house,3,3219.0,6,2027 Q1,480.0,507.64,410.14,605.14
Geelong-Newcombe,house,4,3219.0,6,2027 Q1,575.0,605.03,507.53,702.53
Gladstone Park-Tullamarine,flat,2,3043.0,6,2027 Q1,450.0,467.91,370.41,565.4
Gladstone Park-Tullamarine,flat,3,3043.0,6,2027 Q1,553.0,574.12,476.63,671.62
Gladstone Park-Tullamarine,house,2,3043.0,6,2027 Q1,500.0,516.75,419.25,614.24
Gladstone Park-Tullamarine,house,3,3043.0,6,2027 Q1,530.0,552.44,454.94,649.94
Gladstone Park-Tullamarine,house,4,3043.0,6,2027 Q1,620.0,641.92,544.43,739.42
Glen Waverley-Mulgrave,flat,1,3150.0,6,2027 Q1,550.0,568.94,471.44,666.44
Glen Waverley-Mulgrave,flat,2,3150.0,6,2027 Q1,640.0,656.34,558.84,753.84
Glen Waverley-Mulgrave,flat,3,3150.0,6,2027 Q1,660.0,682.79,585.29,780.29
Glen Waverley-Mulgrave,house,2,3150.0,6,2027 Q1,590.0,611.68,514.19,709.18
Glen Waverley-Mulgrave,house,3,3150.0,6,2027 Q1,640.0,665.61,568.11,763.1
Glen Waverley-Mulgrave,house,4,3150.0,6,2027 Q1,780.0,805.98,708.48,903.48
Golden Square-Kangaroo Flat,flat,2,3555.0,6,2027 Q1,380.0,399.71,302.21,497.21
Golden Square-Kangaroo Flat,flat,3,3555.0,6,2027 Q1,470.0,493.06,395.56,590.55
Golden Square-Kangaroo Flat,house,2,3555.0,6,2027 Q1,420.0,440.47,342.97,537.97
Golden Square-Kangaroo Flat,house,3,3555.0,6,2027 Q1,480.0,504.55,407.05,602.05
Golden Square-Kangaroo Flat,house,4,3555.0,6,2027 Q1,550.0,574.92,477.42,672.42
Hamilton,flat,1,3300.0,6,2027 Q1,260.0,279.28,181.79,376.78
Hamilton,flat,2,3300.0,6,2027 Q1,320.0,343.96,246.46,441.46
Hamilton,house,2,3300.0,6,2027 Q1,330.0,352.02,254.52,449.51
Hamilton,house,3,3300.0,6,2027 Q1,390.0,415.79,318.3,513.29
Hamilton,house,4,3300.0,6,2027 Q1,460.0,487.23,389.74,584.73
Hampton-Beaumaris,flat,1,3188.0,6,2027 Q1,480.0,510.59,413.1,608.09
Hampton-Beaumaris,flat,2,3188.0,6,2027 Q1,650.0,677.26,579.76,774.76
Hampton-Beaumaris,flat,3,3188.0,6,2027 Q1,900.0,910.34,812.84,1007.83
Hampton-Beaumaris,house,2,3188.0,6,2027 Q1,650.0,677.72,580.22,775.22
Hampton-Beaumaris,house,3,3188.0,6,2027 Q1,895.0,911.47,813.97,1008.96
Hampton-Beaumaris,house,4,3188.0,6,2027 Q1,1295.0,1289.74,1192.24,1387.23
Hastings-Flinders,flat,1,3915.0,6,2027 Q1,360.0,380.38,282.88,477.88
Hastings-Flinders,flat,2,3915.0,6,2027 Q1,470.0,491.65,394.16,589.15
Hastings-Flinders,flat,3,3915.0,6,2027 Q1,550.0,573.37,475.88,670.87
Hastings-Flinders,house,2,3915.0,6,2027 Q1,498.0,519.69,422.19,617.19
Hastings-Flinders,house,3,3915.0,6,2027 Q1,595.0,617.58,520.08,715.07
Hastings-Flinders,house,4,3915.0,6,2027 Q1,750.0,766.96,669.46,864.45
Hawthorn,flat,1,3122.0,6,2027 Q1,450.0,480.38,382.89,577.88
Hawthorn,flat,2,3122.0,6,2027 Q1,600.0,626.45,528.95,723.95
Hawthorn,flat,3,3122.0,6,2027 Q1,850.0,864.73,767.24,962.23
Hawthorn,house,2,3122.0,6,2027 Q1,710.0,724.33,626.83,821.83
Hawthorn,house,3,3122.0,6,2027 Q1,950.0,960.63,863.13,1058.13
Hawthorn,house,4,3122.0,6,2027 Q1,1500.0,1504.89,1407.4,1602.39
Heidelberg-Heidelberg West,flat,1,3084.0,6,2027 Q1,450.0,467.88,370.38,565.38
Heidelberg-Heidelberg West,flat,2,3084.0,6,2027 Q1,530.0,546.92,449.42,644.42
Heidelberg-Heidelberg West,flat,3,3084.0,6,2027 Q1,650.0,668.05,570.56,765.55
Heidelberg-Heidelberg West,house,2,3084.0,6,2027 Q1,510.0,533.31,435.81,630.81
Heidelberg-Heidelberg West,house,3,3084.0,6,2027 Q1,600.0,622.21,524.71,719.7
Heidelberg-Heidelberg West,house,4,3084.0,6,2027 Q1,795.0,810.42,712.92,907.91
Herne Hill-Geelong West,flat,1,3218.0,6,2027 Q1,340.0,360.47,262.97,457.97
Herne Hill-Geelong West,flat,2,3218.0,6,2027 Q1,410.0,432.8,335.31,530.3
Herne Hill-Geelong West,flat,3,3218.0,6,2027 Q1,575.0,594.41,496.92,691.91
Herne Hill-Geelong West,house,2,3218.0,6,2027 Q1,460.0,479.56,382.06,577.06
Herne Hill-Geelong West,house,3,3218.0,6,2027 Q1,520.0,544.53,447.03,642.03
Herne Hill-Geelong West,house,4,3218.0,6,2027 Q1,660.0,682.4,584.9,779.9
Horsham,flat,1,3400.0,6,2027 Q1,250.0,262.5,165.0,360.0
Horsham,flat,2,3400.0,6,2027 Q1,320.0,342.96,245.46,440.46
Horsham,flat,3,3400.0,6,2027 Q1,415.0,439.16,341.66,536.65
Horsham,house,2,3400.0,6,2027 Q1,350.0,369.71,272.21,467.2
Horsham,house,3,3400.0,6,2027 Q1,430.0,455.87,358.37,553.37
Horsham,house,4,3400.0,6,2027 Q1,520.0,544.87,447.37,642.37
Ivanhoe-Ivanhoe East,flat,1,3079.0,6,2027 Q1,490.0,510.24,412.74,607.73
Ivanhoe-Ivanhoe East,flat,2,3079.0,6,2027 Q1,600.0,623.88,526.38,721.38
Ivanhoe-Ivanhoe East,flat,3,3079.0,6,2027 Q1,750.0,772.8,675.3,870.3
Ivanhoe-Ivanhoe East,house,2,3079.0,6,2027 Q1,600.0,624.15,526.66,721.65
Ivanhoe-Ivanhoe East,house,3,3079.0,6,2027 Q1,750.0,770.99,673.49,868.49
Ivanhoe-Ivanhoe East,house,4,3079.0,6,2027 Q1,1000.0,1005.88,908.39,1103.38
Keilor,house,4,3036.0,6,2027 Q1,730.0,741.81,644.32,839.31
Keilor East-Avondale Heights,flat,1,3033.0,6,2027 Q1,450.0,465.94,368.45,563.44
Keilor East-Avondale Heights,flat,2,3033.0,6,2027 Q1,520.0,539.11,441.61,636.6
Keilor East-Avondale Heights,flat,3,3033.0,6,2027 Q1,623.0,643.72,546.22,741.22
Keilor East-Avondale Heights,house,2,3033.0,6,2027 Q1,520.0,542.41,444.91,639.91
Keilor East-Avondale Heights,house,3,3033.0,6,2027 Q1,580.0,605.3,507.8,702.79
Keilor East-Avondale Heights,house,4,3033.0,6,2027 Q1,768.0,787.58,690.08,885.07
Kew,flat,1,3101.0,6,2027 Q1,470.0,497.2,399.7,594.7
Kew,flat,2,3101.0,6,2027 Q1,575.0,604.39,506.89,701.88
Kew,flat,3,3101.0,6,2027 Q1,850.0,866.57,769.08,964.07
Kew,house,2,3101.0,6,2027 Q1,663.0,678.62,581.12,776.12
Kew,house,3,3101.0,6,2027 Q1,850.0,867.8,770.31,965.3
Kew,house,4,3101.0,6,2027 Q1,1300.0,1298.03,1200.54,1395.53
Lara,flat,2,3212.0,6,2027 Q1,415.0,435.33,337.83,532.83
Lara,flat,3,3212.0,6,2027 Q1,485.0,509.56,412.06,607.05
Lara,house,2,3212.0,6,2027 Q1,430.0,452.05,354.56,549.55
Lara,house,3,3212.0,6,2027 Q1,500.0,523.14,425.64,620.63
Lara,house,4,3212.0,6,2027 Q1,580.0,602.66,505.16,700.15
Malvern,flat,1,3144.0,6,2027 Q1,450.0,480.1,382.6,577.59
Malvern,flat,2,3144.0,6,2027 Q1,600.0,627.94,530.44,725.44
Malvern,flat,3,3144.0,6,2027 Q1,908.0,921.22,823.73,1018.72
Malvern,house,2,3144.0,6,2027 Q1,790.0,803.89,706.39,901.39
Malvern,house,3,3144.0,6,2027 Q1,1000.0,1003.97,906.47,1101.47
Malvern,house,4,3144.0,6,2027 Q1,1400.0,1378.79,1281.3,1476.29
Malvern East,flat,1,3145.0,6,2027 Q1,480.0,506.2,408.7,603.7
Malvern East,flat,2,3145.0,6,2027 Q1,600.0,623.77,526.27,721.27
Malvern East,flat,3,3145.0,6,2027 Q1,800.0,815.97,718.47,913.47
Malvern East,house,2,3145.0,6,2027 Q1,650.0,673.05,575.55,770.54
Malvern East,house,3,3145.0,6,2027 Q1,750.0,768.69,671.19,866.19
Malvern East,house,4,3145.0,6,2027 Q1,1150.0,1147.06,1049.56,1244.56
Melton,flat,1,3337.0,6,2027 Q1,350.0,360.2,262.7,457.69
Melton,flat,2,3337.0,6,2027 Q1,365.0,384.84,287.35,482.34
Melton,flat,3,3337.0,6,2027 Q1,400.0,422.57,325.07,520.07
Melton,house,2,3337.0,6,2027 Q1,375.0,392.25,294.75,489.75
Melton,house,3,3337.0,6,2027 Q1,420.0,442.14,344.64,539.64
Melton,house,4,3337.0,6,2027 Q1,470.0,495.77,398.28,593.27
Mentone-Parkdale-Mordialloc,flat,1,3194.0,6,2027 Q1,405.0,432.28,334.78,529.78
Mentone-Parkdale-Mordialloc,flat,2,3194.0,6,2027 Q1,550.0,575.67,478.18,673.17
Mentone-Parkdale-Mordialloc,flat,3,3194.0,6,2027 Q1,720.0,736.27,638.77,833.77
Mentone-Parkdale-Mordialloc,house,2,3194.0,6,2027 Q1,600.0,622.44,524.94,719.94
Mentone-Parkdale-Mordialloc,house,3,3194.0,6,2027 Q1,750.0,770.46,672.96,867.96
Mentone-Parkdale-Mordialloc,house,4,3194.0,6,2027 Q1,910.0,924.0,826.5,1021.5
Mildura,flat,1,3500.0,6,2027 Q1,280.0,298.69,201.2,396.19
Mildura,flat,2,3500.0,6,2027 Q1,350.0,371.15,273.65,468.64
Mildura,flat,3,3500.0,6,2027 Q1,450.0,470.49,372.99,567.99
Mildura,house,2,3500.0,6,2027 Q1,380.0,399.5,302.01,497.0
Mildura,house,3,3500.0,6,2027 Q1,480.0,501.69,404.2,599.19
Mildura,house,4,3500.0,6,2027 Q1,580.0,601.16,503.66,698.65
Mill Park-Epping,flat,1,3076.0,6,2027 Q1,400.0,415.88,318.39,513.38
Mill Park-Epping,flat,2,3076.0,6,2027 Q1,450.0,467.14,369.64,564.64
Mill Park-Epping,flat,3,3076.0,6,2027 Q1,520.0,542.38,444.88,639.88
Mill Park-Epping,house,2,3076.0,6,2027 Q1,480.0,497.46,399.96,594.96
Mill Park-Epping,house,3,3076.0,6,2027 Q1,530.0,551.09,453.59,648.58
Mill Park-Epping,house,4,3076.0,6,2027 Q1,600.0,622.06,524.56,719.55
Moe-Newborough,flat,1,3825.0,6,2027 Q1,250.0,267.08,169.59,364.58
Moe-Newborough,flat,2,3825.0,6,2027 Q1,310.0,331.16,233.67,428.66
Moe-Newborough,house,2,3825.0,6,2027 Q1,350.0,369.13,271.64,466.63
Moe-Newborough,house,3,3825.0,6,2027 Q1,420.0,442.78,345.28,540.28
Moe-Newborough,house,4,3825.0,6,2027 Q1,525.0,542.3,444.8,639.79
Moonee Ponds-Ascot Vale,flat,1,3039.0,6,2027 Q1,450.0,473.44,375.95,570.94
Moonee Ponds-Ascot Vale,flat,2,3039.0,6,2027 Q1,550.0,575.46,477.96,672.95
Moonee Ponds-Ascot Vale,flat,3,3039.0,6,2027 Q1,730.0,748.12,650.63,845.62
Moonee Ponds-Ascot Vale,house,2,3039.0,6,2027 Q1,620.0,639.26,541.76,736.76
Moonee Ponds-Ascot Vale,house,3,3039.0,6,2027 Q1,750.0,772.68,675.18,870.17
Moonee Ponds-Ascot Vale,house,4,3039.0,6,2027 Q1,995.0,1005.05,907.55,1102.55
Morwell,flat,1,3840.0,6,2027 Q1,275.0,292.72,195.23,390.22
Morwell,flat,2,3840.0,6,2027 Q1,320.0,341.73,244.23,439.22
Morwell,house,2,3840.0,6,2027 Q1,350.0,370.26,272.76,467.76
Morwell,house,3,3840.0,6,2027 Q1,400.0,423.3,325.8,520.79
Morwell,house,4,3840.0,6,2027 Q1,493.0,518.59,421.09,616.09
Mount Clear-Buninyong,flat,2,3357.0,6,2027 Q1,360.0,380.52,283.02,478.01
Mount Clear-Buninyong,flat,3,3357.0,6,2027 Q1,390.0,415.5,318.0,513.0
Mount Clear-Buninyong,house,3,3357.0,6,2027 Q1,430.0,456.09,358.59,553.59
Mount Clear-Buninyong,house,4,3357.0,6,2027 Q1,480.0,505.75,408.25,603.24
Mount Waverley,flat,1,3149.0,6,2027 Q1,280.0,315.6,218.1,413.09
Mount Waverley,flat,2,3149.0,6,2027 Q1,540.0,564.01,466.51,661.51
Mount Waverley,flat,3,3149.0,6,2027 Q1,700.0,719.87,622.37,817.36
Mount Waverley,house,2,3149.0,6,2027 Q1,570.0,592.01,494.52,689.51
Mount Waverley,house,3,3149.0,6,2027 Q1,660.0,681.5,584.0,778.99
Mount Waverley,house,4,3149.0,6,2027 Q1,800.0,817.71,720.21,915.21
Mt Eliza-Mornington-Mt Martha,flat,2,3930.0,6,2027 Q1,535.0,556.84,459.35,654.34
Mt Eliza-Mornington-Mt Martha,flat,3,3930.0,6,2027 Q1,650.0,671.15,573.65,768.64
Mt Eliza-Mornington-Mt Martha,house,2,3930.0,6,2027 Q1,533.0,553.62,456.12,651.11
Mt Eliza-Mornington-Mt Martha,house,3,3930.0,6,2027 Q1,675.0,693.87,596.37,791.36
Mt Eliza-Mornington-Mt Martha,house,4,3930.0,6,2027 Q1,895.0,905.24,807.74,1002.74
Murrumbeena-Hughesdale,flat,1,3163.0,6,2027 Q1,405.0,431.41,333.91,528.91
Murrumbeena-Hughesdale,flat,2,3163.0,6,2027 Q1,570.0,593.04,495.54,690.53
Murrumbeena-Hughesdale,flat,3,3163.0,6,2027 Q1,750.0,775.6,678.1,873.1
Murrumbeena-Hughesdale,house,2,3163.0,6,2027 Q1,590.0,613.19,515.69,710.68
Murrumbeena-Hughesdale,house,3,3163.0,6,2027 Q1,730.0,746.45,648.95,843.94
Murrumbeena-Hughesdale,house,4,3163.0,6,2027 Q1,1050.0,1063.04,965.54,1160.54
Narre Warren-Hampton Park,flat,1,3805.0,6,2027 Q1,323.0,335.02,237.53,432.52
Narre Warren-Hampton Park,flat,2,3805.0,6,2027 Q1,470.0,487.14,389.64,584.64
Narre Warren-Hampton Park,flat,3,3805.0,6,2027 Q1,545.0,567.31,469.82,664.81
Narre Warren-Hampton Park,house,2,3805.0,6,2027 Q1,475.0,491.46,393.96,588.96
Narre Warren-Hampton Park,house,3,3805.0,6,2027 Q1,550.0,571.38,473.88,668.88
Narre Warren-Hampton Park,house,4,3805.0,6,2027 Q1,640.0,660.58,563.08,758.08
Newport-Spotswood,flat,1,3015.0,6,2027 Q1,455.0,474.45,376.96,571.95
Newport-Spotswood,flat,2,3015.0,6,2027 Q1,575.0,591.89,494.39,689.39
Newport-Spotswood,flat,3,3015.0,6,2027 Q1,725.0,737.96,640.46,835.46
Newport-Spotswood,house,2,3015.0,6,2027 Q1,580.0,603.93,506.43,701.42
Newport-Spotswood,house,3,3015.0,6,2027 Q1,700.0,717.82,620.32,815.31
Newport-Spotswood,house,4,3015.0,6,2027 Q1,925.0,938.09,840.6,1035.59
Newtown,flat,1,3220.0,6,2027 Q1,318.0,338.76,241.26,436.25
Newtown,flat,2,3220.0,6,2027 Q1,440.0,461.21,363.71,558.71
Newtown,flat,3,3220.0,6,2027 Q1,590.0,611.02,513.52,708.51
Newtown,house,2,3220.0,6,2027 Q1,485.0,508.09,410.59,605.58
Newtown,house,3,3220.0,6,2027 Q1,570.0,589.97,492.47,687.46
Newtown,house,4,3220.0,6,2027 Q1,700.0,715.57,618.07,813.07
Noble Park,flat,1,3174.0,6,2027 Q1,370.0,390.09,292.59,487.59
Noble Park,flat,2,3174.0,6,2027 Q1,495.0,512.88,415.38,610.38
Noble Park,flat,3,3174.0,6,2027 Q1,580.0,598.86,501.37,696.36
Noble Park,house,2,3174.0,6,2027 Q1,480.0,497.08,399.58,594.57
Noble Park,house,3,3174.0,6,2027 Q1,550.0,569.82,472.32,667.32
Noble Park,house,4,3174.0,6,2027 Q1,630.0,650.34,552.84,747.84
North Bendigo,flat,1,3550.0,6,2027 Q1,320.0,347.58,250.08,445.07
North Bendigo,flat,2,3550.0,6,2027 Q1,398.0,421.03,323.53,518.53
North Bendigo,flat,3,3550.0,6,2027 Q1,475.0,503.29,405.79,600.79
North Bendigo,house,2,3550.0,6,2027 Q1,420.0,442.51,345.01,540.0
North Bendigo,house,3,3550.0,6,2027 Q1,480.0,504.8,407.31,602.3
North Bendigo,house,4,3550.0,6,2027 Q1,550.0,576.96,479.46,674.45
North Geelong,flat,1,3215.0,6,2027 Q1,330.0,349.85,252.36,447.35
North Geelong,flat,2,3215.0,6,2027 Q1,420.0,439.23,341.73,536.72
North Geelong,flat,3,3215.0,6,2027 Q1,500.0,520.64,423.15,618.14
North Geelong,house,2,3215.0,6,2027 Q1,440.0,459.8,362.3,557.29
North Geelong,house,3,3215.0,6,2027 Q1,495.0,520.14,422.65,617.64
North Geelong,house,4,3215.0,6,2027 Q1,580.0,604.29,506.8,701.79
North Melbourne-West Melbourne,flat,1,3051.0,6,2027 Q1,525.0,553.12,455.63,650.62
North Melbourne-West Melbourne,flat,2,3051.0,6,2027 Q1,660.0,684.47,586.98,781.97
North Melbourne-West Melbourne,flat,3,3051.0,6,2027 Q1,882.0,894.79,797.3,992.29
North Melbourne-West Melbourne,house,2,3051.0,6,2027 Q1,650.0,674.77,577.28,772.27
North Melbourne-West Melbourne,house,3,3051.0,6,2027 Q1,853.0,870.64,773.14,968.14
North Melbourne-West Melbourne,house,4,3051.0,6,2027 Q1,1080.0,1090.34,992.84,1187.83
Northcote,flat,1,3070.0,6,2027 Q1,420.0,447.92,350.42,545.42
Northcote,flat,2,3070.0,6,2027 Q1,600.0,622.84,525.34,720.34
Northcote,flat,3,3070.0,6,2027 Q1,850.0,867.62,770.12,965.11
Northcote,house,2,3070.0,6,2027 Q1,700.0,716.5,619.0,814.0
Northcote,house,3,3070.0,6,2027 Q1,850.0,862.75,765.25,960.24
Northcote,house,4,3070.0,6,2027 Q1,1250.0,1257.54,1160.04,1355.03
Nunawading-Mitcham,flat,1,3132.0,6,2027 Q1,435.0,454.8,357.31,552.3
Nunawading-Mitcham,flat,2,3132.0,6,2027 Q1,520.0,542.34,444.84,639.83
Nunawading-Mitcham,flat,3,3132.0,6,2027 Q1,650.0,667.03,569.53,764.52
Nunawading-Mitcham,house,2,3132.0,6,2027 Q1,525.0,548.07,450.57,645.56
Nunawading-Mitcham,house,3,3132.0,6,2027 Q1,625.0,649.14,551.64,746.64
Nunawading-Mitcham,house,4,3132.0,6,2027 Q1,745.0,767.12,669.63,864.62
Oak Park-Glenroy-Fawkner,flat,1,3046.0,6,2027 Q1,385.0,403.42,305.93,500.92
Oak Park-Glenroy-Fawkner,flat,2,3046.0,6,2027 Q1,490.0,508.76,411.26,606.26
Oak Park-Glenroy-Fawkner,flat,3,3046.0,6,2027 Q1,600.0,616.47,518.97,713.97
Oak Park-Glenroy-Fawkner,house,2,3046.0,6,2027 Q1,500.0,518.77,421.27,616.26
Oak Park-Glenroy-Fawkner,house,3,3046.0,6,2027 Q1,551.0,572.32,474.82,669.82
Oak Park-Glenroy-Fawkner,house,4,3046.0,6,2027 Q1,660.0,682.2,584.7,779.69
Ocean Grove-Barwon Heads,flat,2,3226.0,6,2027 Q1,468.0,487.73,390.23,585.22
Ocean Grove-Barwon Heads,flat,3,3226.0,6,2027 Q1,560.0,576.05,478.55,673.54
Ocean Grove-Barwon Heads,house,2,3226.0,6,2027 Q1,520.0,541.33,443.83,638.83
Ocean Grove-Barwon Heads,house,3,3226.0,6,2027 Q1,550.0,571.09,473.59,668.59
Ocean Grove-Barwon Heads,house,4,3226.0,6,2027 Q1,650.0,672.8,575.31,770.3
Pakenham,flat,2,3810.0,6,2027 Q1,450.0,469.0,371.5,566.5
Pakenham,flat,3,3810.0,6,2027 Q1,500.0,522.51,425.02,620.01
Pakenham,house,2,3810.0,6,2027 Q1,460.0,479.2,381.7,576.69
Pakenham,house,3,3810.0,6,2027 Q1,530.0,551.94,454.44,649.44
Pakenham,house,4,3810.0,6,2027 Q1,590.0,613.35,515.85,710.85
Pascoe Vale-Coburg North,flat,1,3044.0,6,2027 Q1,280.0,305.52,208.02,403.02
Pascoe Vale-Coburg North,flat,2,3044.0,6,2027 Q1,500.0,517.79,420.29,615.28
Pascoe Vale-Coburg North,flat,3,3044.0,6,2027 Q1,628.0,645.97,548.47,743.46
Pascoe Vale-Coburg North,house,2,3044.0,6,2027 Q1,540.0,557.96,460.46,655.46
Pascoe Vale-Coburg North,house,3,3044.0,6,2027 Q1,620.0,638.48,540.98,735.98
Pascoe Vale-Coburg North,house,4,3044.0,6,2027 Q1,785.0,795.95,698.45,893.44
Port Melbourne,flat,1,3207.0,6,2027 Q1,550.0,577.5,480.0,675.0
Port Melbourne,flat,2,3207.0,6,2027 Q1,745.0,769.28,671.78,866.77
Port Melbourne,flat,3,3207.0,6,2027 Q1,1175.0,1181.21,1083.72,1278.71
Port Melbourne,house,2,3207.0,6,2027 Q1,740.0,766.59,669.09,864.09
Port Melbourne,house,3,3207.0,6,2027 Q1,980.0,990.96,893.47,1088.46
Port Melbourne,house,4,3207.0,6,2027 Q1,1125.0,1130.12,1032.63,1227.62
Portland,flat,1,3305.0,6,2027 Q1,345.0,361.33,263.83,458.83
Portland,flat,2,3305.0,6,2027 Q1,350.0,367.33,269.83,464.83
Portland,flat,3,3305.0,6,2027 Q1,475.0,499.32,401.83,596.82
Portland,house,2,3305.0,6,2027 Q1,380.0,396.28,298.78,493.78
Portland,house,3,3305.0,6,2027 Q1,430.0,451.27,353.78,548.77
Portland,house,4,3305.0,6,2027 Q1,565.0,581.67,484.17,679.16
Prahran-Windsor,flat,1,3181.0,6,2027 Q1,460.0,494.12,396.63,591.62
Prahran-Windsor,flat,2,3181.0,6,2027 Q1,650.0,679.19,581.69,776.69
Prahran-Windsor,flat,3,3181.0,6,2027 Q1,950.0,967.31,869.81,1064.8
Prahran-Windsor,house,2,3181.0,6,2027 Q1,775.0,794.7,697.2,892.2
Prahran-Windsor,house,3,3181.0,6,2027 Q1,975.0,987.79,890.29,1085.29
Prahran-Windsor,house,4,3181.0,6,2027 Q1,1350.0,1344.08,1246.58,1441.58
Preston,flat,1,3072.0,6,2027 Q1,440.0,465.61,368.12,563.11
Preston,flat,2,3072.0,6,2027 Q1,550.0,572.73,475.24,670.23
Preston,flat,3,3072.0,6,2027 Q1,695.0,712.98,615.49,810.48
Preston,house,2,3072.0,6,2027 Q1,588.0,608.62,511.13,706.12
Preston,house,3,3072.0,6,2027 Q1,675.0,698.66,601.17,796.16
Preston,house,4,3072.0,6,2027 Q1,925.0,940.47,842.97,1037.97
Reservoir,flat,1,3073.0,6,2027 Q1,400.0,418.62,321.12,516.11
Reservoir,flat,2,3073.0,6,2027 Q1,500.0,520.21,422.71,617.71
Reservoir,flat,3,3073.0,6,2027 Q1,620.0,640.74,543.25,738.24
Reservoir,house,2,3073.0,6,2027 Q1,500.0,519.78,422.28,617.28
Reservoir,house,3,3073.0,6,2027 Q1,560.0,583.86,486.36,681.36
Reservoir,house,4,3073.0,6,2027 Q1,700.0,725.0,627.51,822.5
Richmond-Burnley,flat,1,3121.0,6,2027 Q1,510.0,543.09,445.59,640.58
Richmond-Burnley,flat,2,3121.0,6,2027 Q1,700.0,725.6,628.1,823.1
Richmond-Burnley,flat,3,3121.0,6,2027 Q1,1000.0,1008.87,911.37,1106.36
Richmond-Burnley,house,2,3121.0,6,2027 Q1,750.0,774.15,676.65,871.64
Richmond-Burnley,house,3,3121.0,6,2027 Q1,990.0,1005.69,908.19,1103.19
Richmond-Burnley,house,4,3121.0,6,2027 Q1,1315.0,1314.89,1217.39,1412.38
Ringwood,flat,1,3134.0,6,2027 Q1,440.0,461.17,363.67,558.67
Ringwood,flat,2,3134.0,6,2027 Q1,520.0,541.7,444.2,639.2
Ringwood,flat,3,3134.0,6,2027 Q1,620.0,638.67,541.18,736.17
Ringwood,house,2,3134.0,6,2027 Q1,520.0,541.68,444.18,639.17
Ringwood,house,3,3134.0,6,2027 Q1,600.0,622.2,524.71,719.7
Ringwood,house,4,3134.0,6,2027 Q1,710.0,731.29,633.79,828.79
Rowville,flat,2,3178.0,6,2027 Q1,530.0,545.42,447.92,642.92
Rowville,flat,3,3178.0,6,2027 Q1,628.0,644.33,546.83,741.83
Rowville,house,3,3178.0,6,2027 Q1,600.0,618.03,520.53,715.53
Rowville,house,4,3178.0,6,2027 Q1,725.0,740.94,643.44,838.44
Sale-Maffra,flat,1,3850.0,6,2027 Q1,253.0,273.31,175.81,370.81
Sale-Maffra,flat,2,3850.0,6,2027 Q1,360.0,380.27,282.77,477.77
Sale-Maffra,flat,3,3850.0,6,2027 Q1,470.0,491.54,394.04,589.04
Sale-Maffra,house,2,3850.0,6,2027 Q1,400.0,421.03,323.53,518.53
Sale-Maffra,house,3,3850.0,6,2027 Q1,450.0,472.88,375.39,570.38
Sale-Maffra,house,4,3850.0,6,2027 Q1,550.0,575.01,477.51,672.51
Seaford-Carrum Downs,flat,1,3198.0,6,2027 Q1,380.0,401.72,304.22,499.22
Seaford-Carrum Downs,flat,2,3198.0,6,2027 Q1,470.0,491.09,393.6,588.59
Seaford-Carrum Downs,flat,3,3198.0,6,2027 Q1,560.0,581.78,484.28,679.28
Seaford-Carrum Downs,house,2,3198.0,6,2027 Q1,490.0,511.39,413.89,608.88
Seaford-Carrum Downs,house,3,3198.0,6,2027 Q1,560.0,583.71,486.22,681.21
Seaford-Carrum Downs,house,4,3198.0,6,2027 Q1,660.0,682.17,584.67,779.66
Sebastopol-Delacombe,flat,1,3356.0,6,2027 Q1,300.0,312.7,215.2,410.2
Sebastopol-Delacombe,flat,2,3356.0,6,2027 Q1,350.0,368.41,270.92,465.91
Sebastopol-Delacombe,flat,3,3356.0,6,2027 Q1,390.0,412.19,314.69,509.69
Sebastopol-Delacombe,house,2,3356.0,6,2027 Q1,360.0,379.62,282.12,477.11
Sebastopol-Delacombe,house,3,3356.0,6,2027 Q1,400.0,423.39,325.89,520.89
Sebastopol-Delacombe,house,4,3356.0,6,2027 Q1,455.0,481.36,383.86,578.86
Seymour,flat,1,3660.0,6,2027 Q1,275.0,291.17,193.67,388.66
Seymour,flat,2,3660.0,6,2027 Q1,360.0,379.0,281.5,476.49
Seymour,house,2,3660.0,6,2027 Q1,380.0,395.3,297.8,492.8
Seymour,house,3,3660.0,6,2027 Q1,420.0,443.23,345.73,540.72
Seymour,house,4,3660.0,6,2027 Q1,530.0,551.84,454.34,649.34
Shepparton,flat,1,3630.0,6,2027 Q1,290.0,309.82,212.32,407.31
Shepparton,flat,2,3630.0,6,2027 Q1,385.0,406.72,309.22,504.22
Shepparton,flat,3,3630.0,6,2027 Q1,490.0,509.39,411.89,606.89
Shepparton,house,2,3630.0,6,2027 Q1,390.0,410.2,312.7,507.7
Shepparton,house,3,3630.0,6,2027 Q1,475.0,498.33,400.83,595.83
Shepparton,house,4,3630.0,6,2027 Q1,590.0,611.27,513.77,708.77
South Melbourne,flat,1,3205.0,6,2027 Q1,548.0,575.47,477.98,672.97
South Melbourne,flat,2,3205.0,6,2027 Q1,700.0,724.4,626.91,821.9
South Melbourne,flat,3,3205.0,6,2027 Q1,950.0,957.01,859.51,1054.51
South Melbourne,house,2,3205.0,6,2027 Q1,750.0,774.37,676.88,871.87
South Melbourne,house,3,3205.0,6,2027 Q1,950.0,956.6,859.11,1054.1
South Yarra,flat,1,3141.0,6,2027 Q1,500.0,530.92,433.42,628.41
South Yarra,flat,2,3141.0,6,2027 Q1,700.0,723.17,625.67,820.67
South Yarra,flat,3,3141.0,6,2027 Q1,1100.0,1109.23,1011.73,1206.73
South Yarra,house,2,3141.0,6,2027 Q1,780.0,798.91,701.41,896.4
South Yarra,house,3,3141.0,6,2027 Q1,1100.0,1101.7,1004.2,1199.2
South Yarra,house,4,3141.0,6,2027 Q1,1700.0,1662.31,1564.81,1759.81
Southbank,flat,1,3006.0,6,2027 Q1,570.0,601.5,504.0,699.0
Southbank,flat,2,3006.0,6,2027 Q1,720.0,745.07,647.58,842.57
Southbank,flat,3,3006.0,6,2027 Q1,1010.0,1020.09,922.59,1117.58
Springvale,flat,1,3171.0,6,2027 Q1,370.0,393.36,295.86,490.86
Springvale,flat,2,3171.0,6,2027 Q1,520.0,541.09,443.59,638.58
Springvale,flat,3,3171.0,6,2027 Q1,650.0,669.99,572.5,767.49
Springvale,house,2,3171.0,6,2027 Q1,510.0,531.09,433.59,628.59
Springvale,house,3,3171.0,6,2027 Q1,570.0,594.58,497.08,692.08
Springvale,house,4,3171.0,6,2027 Q1,683.0,706.25,608.76,803.75
St Albans-Deer Park,flat,1,3021.0,6,2027 Q1,330.0,348.61,251.12,446.11
St Albans-Deer Park,flat,2,3021.0,6,2027 Q1,420.0,438.99,341.5,536.49
St Albans-Deer Park,flat,3,3021.0,6,2027 Q1,482.0,503.26,405.77,600.76
St Albans-Deer Park,house,2,3021.0,6,2027 Q1,420.0,438.09,340.59,535.58
St Albans-Deer Park,house,3,3021.0,6,2027 Q1,470.0,493.67,396.17,591.17
St Albans-Deer Park,house,4,3021.0,6,2027 Q1,550.0,575.5,478.0,673.0
St Kilda,flat,1,3182.0,6,2027 Q1,465.0,494.23,396.73,591.72
St Kilda,flat,2,3182.0,6,2027 Q1,630.0,654.95,557.45,752.45
St Kilda,flat,3,3182.0,6,2027 Q1,890.0,890.43,792.93,987.93
St Kilda,house,2,3182.0,6,2027 Q1,728.0,740.77,643.27,838.27
St Kilda,house,3,3182.0,6,2027 Q1,950.0,960.97,863.48,1058.47
St Kilda,house,4,3182.0,6,2027 Q1,1105.0,1098.04,1000.54,1195.54
Sunbury,flat,2,3429.0,6,2027 Q1,440.0,460.51,363.01,558.01
Sunbury,flat,3,3429.0,6,2027 Q1,480.0,502.5,405.0,600.0
Sunbury,house,2,3429.0,6,2027 Q1,440.0,459.18,361.68,556.68
Sunbury,house,3,3429.0,6,2027 Q1,490.0,513.7,416.2,611.19
Sunbury,house,4,3429.0,6,2027 Q1,570.0,592.74,495.24,690.23
Sunshine,flat,1,3020.0,6,2027 Q1,330.0,348.3,250.8,445.8
Sunshine,flat,2,3020.0,6,2027 Q1,410.0,427.16,329.66,524.65
Sunshine,flat,3,3020.0,6,2027 Q1,530.0,547.81,450.31,645.3
Sunshine,house,2,3020.0,6,2027 Q1,460.0,477.36,379.86,574.86
Sunshine,house,3,3020.0,6,2027 Q1,495.0,519.18,421.68,616.68
Sunshine,house,4,3020.0,6,2027 Q1,600.0,623.15,525.65,720.65
Swan Hill,flat,1,3585.0,6,2027 Q1,245.0,266.24,168.74,363.74
Swan Hill,flat,2,3585.0,6,2027 Q1,355.0,373.38,275.88,470.87
Swan Hill,house,3,3585.0,6,2027 Q1,475.0,498.52,401.02,596.02
Swan Hill,house,4,3585.0,6,2027 Q1,560.0,580.11,482.61,677.61
Sydenham,flat,2,3037.0,6,2027 Q1,450.0,465.78,368.28,563.27
Sydenham,flat,3,3037.0,6,2027 Q1,460.0,480.4,382.9,577.9
Sydenham,house,2,3037.0,6,2027 Q1,440.0,457.74,360.24,555.24
Sydenham,house,3,3037.0,6,2027 Q1,480.0,501.82,404.32,599.31
Sydenham,house,4,3037.0,6,2027 Q1,530.0,554.26,456.76,651.76
Thomastown-Lalor,flat,1,3074.0,6,2027 Q1,375.0,391.71,294.22,489.21
Thomastown-Lalor,flat,2,3074.0,6,2027 Q1,450.0,467.61,370.11,565.1
Thomastown-Lalor,flat,3,3074.0,6,2027 Q1,501.0,521.69,424.2,619.19
Thomastown-Lalor,house,2,3074.0,6,2027 Q1,470.0,489.85,392.35,587.35
Thomastown-Lalor,house,3,3074.0,6,2027 Q1,510.0,532.44,434.94,629.94
Thomastown-Lalor,house,4,3074.0,6,2027 Q1,590.0,613.85,516.36,711.35
Thornbury,flat,1,3071.0,6,2027 Q1,400.0,428.29,330.79,525.79
Thornbury,flat,2,3071.0,6,2027 Q1,520.0,547.94,450.44,645.43
Thornbury,flat,3,3071.0,6,2027 Q1,748.0,769.16,671.66,866.65
Thornbury,house,2,3071.0,6,2027 Q1,650.0,667.01,569.51,764.51
Thornbury,house,3,3071.0,6,2027 Q1,798.0,815.21,717.71,912.7
Thornbury,house,4,3071.0,6,2027 Q1,960.0,964.89,867.39,1062.39
Toorak,flat,1,3142.0,6,2027 Q1,445.0,474.89,377.39,572.39
Toorak,flat,2,3142.0,6,2027 Q1,650.0,671.65,574.15,769.15
Toorak,flat,3,3142.0,6,2027 Q1,1000.0,1008.58,911.08,1106.07
Toorak,house,2,3142.0,6,2027 Q1,695.0,714.31,616.81,811.81
Toorak,house,3,3142.0,6,2027 Q1,1250.0,1234.83,1137.33,1332.32
Toorak,house,4,3142.0,6,2027 Q1,1875.0,1838.92,1741.42,1936.42
Torquay,flat,2,3228.0,6,2027 Q1,500.0,520.59,423.09,618.08
Torquay,flat,3,3228.0,6,2027 Q1,660.0,680.43,582.93,777.93
Torquay,house,2,3228.0,6,2027 Q1,535.0,551.68,454.19,649.18
Torquay,house,3,3228.0,6,2027 Q1,650.0,668.36,570.86,765.85
Torquay,house,4,3228.0,6,2027 Q1,750.0,774.22,676.72,871.72
Traralgon,flat,1,3844.0,6,2027 Q1,293.0,313.6,216.11,411.1
Traralgon,flat,2,3844.0,6,2027 Q1,365.0,386.78,289.28,484.28
Traralgon,flat,3,3844.0,6,2027 Q1,488.0,512.58,415.09,610.08
Traralgon,house,2,3844.0,6,2027 Q1,390.0,411.16,313.66,508.65
Traralgon,house,3,3844.0,6,2027 Q1,460.0,485.21,387.71,582.71
Traralgon,house,4,3844.0,6,2027 Q1,580.0,604.74,507.24,702.23
Vermont-Forest Hill-Burwood East,flat,1,3133.0,6,2027 Q1,530.0,543.37,445.87,640.86
Vermont-Forest Hill-Burwood East,flat,2,3133.0,6,2027 Q1,578.0,596.1,498.6,693.59
Vermont-Forest Hill-Burwood East,flat,3,3133.0,6,2027 Q1,650.0,666.78,569.29,764.28
Vermont-Forest Hill-Burwood East,house,2,3133.0,6,2027 Q1,540.0,560.11,462.61,657.61
Vermont-Forest Hill-Burwood East,house,3,3133.0,6,2027 Q1,630.0,653.76,556.26,751.25
Vermont-Forest Hill-Burwood East,house,4,3133.0,6,2027 Q1,750.0,769.25,671.75,866.74
Wanagaratta,flat,1,3677.0,6,2027 Q1,267.0,282.47,184.98,379.97
Wanagaratta,flat,2,3677.0,6,2027 Q1,350.0,369.28,271.78,466.78
Wanagaratta,flat,3,3677.0,6,2027 Q1,420.0,436.99,339.5,534.49
Wanagaratta,house,2,3677.0,6,2027 Q1,400.0,418.7,321.21,516.2
Wanagaratta,house,3,3677.0,6,2027 Q1,480.0,503.09,405.6,600.59
Wanagaratta,house,4,3677.0,6,2027 Q1,555.0,573.64,476.14,671.14
Wantirna-Scoresby,flat,1,3152.0,6,2027 Q1,287.0,296.42,198.92,393.92
Wantirna-Scoresby,flat,2,3152.0,6,2027 Q1,510.0,524.07,426.58,621.57
Wantirna-Scoresby,flat,3,3152.0,6,2027 Q1,610.0,628.87,531.37,726.37
Wantirna-Scoresby,house,2,3152.0,6,2027 Q1,550.0,568.38,470.89,665.88
Wantirna-Scoresby,house,3,3152.0,6,2027 Q1,597.0,618.71,521.21,716.2
Wantirna-Scoresby,house,4,3152.0,6,2027 Q1,700.0,719.29,621.79,816.79
Warragul,flat,2,3820.0,6,2027 Q1,410.0,431.31,333.82,528.81
Warragul,house,2,3820.0,6,2027 Q1,420.0,440.14,342.65,537.64
Warragul,house,3,3820.0,6,2027 Q1,483.0,506.34,408.85,603.84
Warragul,house,4,3820.0,6,2027 Q1,590.0,612.82,515.32,710.32
Warrnambool,flat,1,3280.0,6,2027 Q1,345.0,365.61,268.11,463.1
Warrnambool,flat,2,3280.0,6,2027 Q1,420.0,441.8,344.3,539.3
Warrnambool,flat,3,3280.0,6,2027 Q1,500.0,521.14,423.64,618.64
Warrnambool,house,2,3280.0,6,2027 Q1,450.0,468.26,370.76,565.76
Warrnambool,house,3,3280.0,6,2027 Q1,550.0,570.56,473.06,668.06
Warrnambool,house,4,3280.0,6,2027 Q1,680.0,700.67,603.17,798.16
Wendouree-Alfredton,flat,1,3355.0,6,2027 Q1,285.0,300.67,203.17,398.17
Wendouree-Alfredton,flat,2,3355.0,6,2027 Q1,350.0,368.31,270.81,465.81
Wendouree-Alfredton,flat,3,3355.0,6,2027 Q1,413.0,434.99,337.49,532.49
Wendouree-Alfredton,house,2,3355.0,6,2027 Q1,370.0,388.06,290.56,485.55
Wendouree-Alfredton,house,3,3355.0,6,2027 Q1,410.0,432.84,335.35,530.34
Wendouree-Alfredton,house,4,3355.0,6,2027 Q1,480.0,506.07,408.57,603.57
Werribee-Hoppers Crossing,flat,1,3030.0,6,2027 Q1,350.0,364.01,266.52,461.51
Werribee-Hoppers Crossing,flat,2,3030.0,6,2027 Q1,405.0,421.98,324.48,519.47
Werribee-Hoppers Crossing,flat,3,3030.0,6,2027 Q1,450.0,470.09,372.6,567.59
Werribee-Hoppers Crossing,house,2,3030.0,6,2027 Q1,420.0,437.51,340.02,535.01
Werribee-Hoppers Crossing,house,3,3030.0,6,2027 Q1,460.0,480.1,382.6,577.6
Werribee-Hoppers Crossing,house,4,3030.0,6,2027 Q1,525.0,548.52,451.02,646.01
West Brunswick,flat,1,3055.0,6,2027 Q1,400.0,427.67,330.18,525.17
West Brunswick,flat,2,3055.0,6,2027 Q1,500.0,524.48,426.98,621.97
West Brunswick,flat,3,3055.0,6,2027 Q1,725.0,745.22,647.72,842.71
West Brunswick,house,2,3055.0,6,2027 Q1,590.0,610.07,512.57,707.56
West Brunswick,house,3,3055.0,6,2027 Q1,755.0,771.86,674.36,869.35
West Brunswick,house,4,3055.0,6,2027 Q1,1000.0,1020.32,922.82,1117.82
West Footscray,flat,1,3012.0,6,2027 Q1,365.0,389.27,291.77,486.76
West Footscray,flat,2,3012.0,6,2027 Q1,475.0,495.97,398.48,593.47
West Footscray,flat,3,3012.0,6,2027 Q1,620.0,640.85,543.35,738.35
West Footscray,house,2,3012.0,6,2027 Q1,500.0,520.17,422.67,617.67
West Footscray,house,3,3012.0,6,2027 Q1,600.0,620.71,523.21,718.2
West Footscray,house,4,3012.0,6,2027 Q1,725.0,745.69,648.19,843.19
Whittlesea,flat,2,3757.0,6,2027 Q1,440.0,455.11,357.61,552.61
Whittlesea,flat,3,3757.0,6,2027 Q1,500.0,518.3,420.8,615.8
Whittlesea,house,2,3757.0,6,2027 Q1,450.0,466.01,368.52,563.51
Whittlesea,house,3,3757.0,6,2027 Q1,510.0,528.91,431.41,626.4
Whittlesea,house,4,3757.0,6,2027 Q1,550.0,571.49,474.0,668.99
Williamstown,flat,1,3016.0,6,2027 Q1,420.0,435.87,338.37,533.36
Williamstown,flat,2,3016.0,6,2027 Q1,523.0,545.65,448.16,643.15
Williamstown,flat,3,3016.0,6,2027 Q1,670.0,693.07,595.57,790.57
Williamstown,house,2,3016.0,6,2027 Q1,600.0,617.18,519.69,714.68
Williamstown,house,3,3016.0,6,2027 Q1,800.0,817.27,719.77,914.76
Williamstown,house,4,3016.0,6,2027 Q1,1000.0,1014.43,916.94,1111.93
Wodonga,flat,1,3690.0,6,2027 Q1,290.0,311.28,213.78,408.77
Wodonga,flat,2,3690.0,6,2027 Q1,385.0,408.07,310.57,505.56
Wodonga,flat,3,3690.0,6,2027 Q1,450.0,472.46,374.96,569.95
Wodonga,house,2,3690.0,6,2027 Q1,418.0,436.35,338.85,533.85
Wodonga,house,3,3690.0,6,2027 Q1,500.0,521.75,424.25,619.25
Wodonga,house,4,3690.0,6,2027 Q1,590.0,611.84,514.34,709.34
Yarra Ranges,flat,1,3138.0,6,2027 Q1,350.0,369.11,271.61,466.61
Yarra Ranges,flat,2,3138.0,6,2027 Q1,488.0,512.19,414.7,609.69
Yarra Ranges,flat,3,3138.0,6,2027 Q1,550.0,572.84,475.35,670.34
Yarra Ranges,house,2,3138.0,6,2027 Q1,500.0,519.74,422.24,617.23
Yarra Ranges,house,3,3138.0,6,2027 Q1,595.0,616.74,519.24,714.24
Yarra Ranges,house,4,3138.0,6,2027 Q1,695.0,712.83,615.34,810.33
Yarraville-Seddon,flat,1,3013.0,6,2027 Q1,393.0,418.19,320.69,515.68
Yarraville-Seddon,flat,2,3013.0,6,2027 Q1,520.0,544.37,446.88,641.87
Yarraville-Seddon,flat,3,3013.0,6,2027 Q1,730.0,750.04,652.54,847.54
Yarraville-Seddon,house,2,3013.0,6,2027 Q1,600.0,616.26,518.76,713.76
Yarraville-Seddon,house,3,3013.0,6,2027 Q1,720.0,739.46,641.97,836.96
Yarraville-Seddon,house,4,3013.0,6,2027 Q1,850.0,861.84,764.34,959.34
Albert Park-Middle Park-West St Kilda,flat,1,3206.0,7,2027 Q2,450.0,486.48,377.73,595.23
Albert Park-Middle Park-West St Kilda,flat,2,3206.0,7,2027 Q2,643.0,671.44,562.69,780.18
Albert Park-Middle Park-West St Kilda,flat,3,3206.0,7,2027 Q2,825.0,834.26,725.51,943.0
Albert Park-Middle Park-West St Kilda,house,2,3206.0,7,2027 Q2,760.0,777.77,669.02,886.51
Albert Park-Middle Park-West St Kilda,house,3,3206.0,7,2027 Q2,1150.0,1152.04,1043.29,1260.79
Albert Park-Middle Park-West St Kilda,house,4,3206.0,7,2027 Q2,1400.0,1377.14,1268.4,1485.89
Altona,flat,1,3018.0,7,2027 Q2,385.0,409.43,300.68,518.18
Altona,flat,2,3018.0,7,2027 Q2,475.0,497.87,389.13,606.62
Altona,flat,3,3018.0,7,2027 Q2,550.0,573.49,464.75,682.24
Altona,house,2,3018.0,7,2027 Q2,490.0,513.45,404.7,622.2
Altona,house,3,3018.0,7,2027 Q2,530.0,557.68,448.93,666.42
Altona,house,4,3018.0,7,2027 Q2,580.0,610.75,502.0,719.5
Armadale,flat,1,3143.0,7,2027 Q2,450.0,485.01,376.26,593.76
Armadale,flat,2,3143.0,7,2027 Q2,650.0,679.95,571.2,788.7
Armadale,flat,3,3143.0,7,2027 Q2,1000.0,1024.3,915.55,1133.05
Armadale,house,2,3143.0,7,2027 Q2,830.0,853.83,745.09,962.58
Armadale,house,3,3143.0,7,2027 Q2,1100.0,1098.14,989.39,1206.89
Armadale,house,4,3143.0,7,2027 Q2,1738.0,1738.12,1629.37,1846.86
Aspendale-Chelsea-Carrum,flat,1,3195.0,7,2027 Q2,435.0,459.42,350.68,568.17
Aspendale-Chelsea-Carrum,flat,2,3195.0,7,2027 Q2,545.0,572.59,463.85,681.34
Aspendale-Chelsea-Carrum,flat,3,3195.0,7,2027 Q2,675.0,698.45,589.71,807.2
Aspendale-Chelsea-Carrum,house,2,3195.0,7,2027 Q2,550.0,576.09,467.34,684.84
Aspendale-Chelsea-Carrum,house,3,3195.0,7,2027 Q2,680.0,702.83,594.08,811.58
Aspendale-Chelsea-Carrum,house,4,3195.0,7,2027 Q2,870.0,887.34,778.6,996.09
Bairnsdale,flat,1,3860.0,7,2027 Q2,290.0,311.03,202.28,419.78
Bairnsdale,flat,2,3860.0,7,2027 Q2,370.0,393.08,284.33,501.83
Bairnsdale,flat,3,3860.0,7,2027 Q2,458.0,482.57,373.82,591.32
Bairnsdale,house,2,3860.0,7,2027 Q2,390.0,412.93,304.18,521.68
Bairnsdale,house,3,3860.0,7,2027 Q2,460.0,485.93,377.18,594.68
Bairnsdale,house,4,3860.0,7,2027 Q2,550.0,574.95,466.2,683.7
Ballarat,flat,1,3350.0,7,2027 Q2,285.0,305.74,197.0,414.49
Ballarat,flat,2,3350.0,7,2027 Q2,360.0,383.3,274.55,492.05
Ballarat,flat,3,3350.0,7,2027 Q2,400.0,426.65,317.9,535.4
Ballarat,house,2,3350.0,7,2027 Q2,360.0,383.22,274.48,491.97
Ballarat,house,3,3350.0,7,2027 Q2,410.0,438.83,330.08,547.58
Ballarat,house,4,3350.0,7,2027 Q2,475.0,506.78,398.03,615.53
Balwyn,flat,1,3103.0,7,2027 Q2,500.0,526.71,417.96,635.46
Balwyn,flat,2,3103.0,7,2027 Q2,588.0,614.38,505.63,723.13
Balwyn,flat,3,3103.0,7,2027 Q2,798.0,814.5,705.76,923.25
Balwyn,house,2,3103.0,7,2027 Q2,570.0,596.62,487.87,705.37
Balwyn,house,3,3103.0,7,2027 Q2,750.0,777.88,669.13,886.63
Balwyn,house,4,3103.0,7,2027 Q2,1000.0,1008.61,899.86,1117.36
Bayswater,flat,1,3153.0,7,2027 Q2,393.0,418.77,310.02,527.51
Bayswater,flat,2,3153.0,7,2027 Q2,493.0,517.4,408.65,626.14
Bayswater,flat,3,3153.0,7,2027 Q2,590.0,611.99,503.25,720.74
Bayswater,house,2,3153.0,7,2027 Q2,500.0,521.95,413.21,630.7
Bayswater,house,3,3153.0,7,2027 Q2,590.0,615.63,506.88,724.37
Bayswater,house,4,3153.0,7,2027 Q2,675.0,703.04,594.29,811.79
Belmont-Grovedale,flat,1,3216.0,7,2027 Q2,340.0,367.57,258.82,476.32
Belmont-Grovedale,flat,2,3216.0,7,2027 Q2,430.0,456.01,347.26,564.75
Belmont-Grovedale,flat,3,3216.0,7,2027 Q2,500.0,529.71,420.96,638.46
Belmont-Grovedale,house,2,3216.0,7,2027 Q2,450.0,476.74,367.99,585.49
Belmont-Grovedale,house,3,3216.0,7,2027 Q2,500.0,530.99,422.24,639.74
Belmont-Grovedale,house,4,3216.0,7,2027 Q2,550.0,584.05,475.31,692.8
Benalla,flat,1,3672.0,7,2027 Q2,305.0,330.03,221.28,438.77
Benalla,flat,2,3672.0,7,2027 Q2,370.0,392.27,283.52,501.02
Benalla,house,2,3672.0,7,2027 Q2,380.0,401.8,293.06,510.55
Benalla,house,3,3672.0,7,2027 Q2,450.0,474.15,365.4,582.9
Benalla,house,4,3672.0,7,2027 Q2,570.0,597.94,489.19,706.69
Bendigo,flat,1,3550.0,7,2027 Q2,330.0,353.8,245.05,462.55
Bendigo,flat,2,3550.0,7,2027 Q2,400.0,421.91,313.16,530.66
Bendigo,house,2,3550.0,7,2027 Q2,470.0,491.07,382.32,599.82
Bendigo,house,3,3550.0,7,2027 Q2,480.0,507.49,398.74,616.24
Bendigo,house,4,3550.0,7,2027 Q2,580.0,611.51,502.77,720.26
Bentleigh,flat,1,3204.0,7,2027 Q2,405.0,437.71,328.97,546.46
Bentleigh,flat,2,3204.0,7,2027 Q2,590.0,618.82,510.08,727.57
Bentleigh,flat,3,3204.0,7,2027 Q2,750.0,769.74,661.0,878.49
Bentleigh,house,2,3204.0,7,2027 Q2,600.0,626.3,517.55,735.05
Bentleigh,house,3,3204.0,7,2027 Q2,735.0,760.26,651.52,869.01
Bentleigh,house,4,3204.0,7,2027 Q2,1025.0,1036.13,927.38,1144.88
Berwick,flat,2,3806.0,7,2027 Q2,500.0,520.71,411.96,629.46
Berwick,flat,3,3806.0,7,2027 Q2,550.0,574.54,465.79,683.29
Berwick,house,2,3806.0,7,2027 Q2,490.0,511.21,402.46,619.96
Berwick,house,3,3806.0,7,2027 Q2,560.0,584.5,475.75,693.24
Berwick,house,4,3806.0,7,2027 Q2,620.0,646.41,537.66,755.16
Blackburn,flat,1,3130.0,7,2027 Q2,460.0,482.31,373.56,591.06
Blackburn,flat,2,3130.0,7,2027 Q2,550.0,572.22,463.47,680.97
Blackburn,flat,3,3130.0,7,2027 Q2,644.0,664.54,555.79,773.29
Blackburn,house,2,3130.0,7,2027 Q2,550.0,572.91,464.16,681.66
Blackburn,house,3,3130.0,7,2027 Q2,620.0,648.37,539.62,757.12
Blackburn,house,4,3130.0,7,2027 Q2,800.0,825.6,716.86,934.35
Boronia,flat,1,3155.0,7,2027 Q2,400.0,417.55,308.8,526.3
Boronia,flat,2,3155.0,7,2027 Q2,500.0,522.36,413.61,631.11
Boronia,flat,3,3155.0,7,2027 Q2,600.0,623.47,514.73,732.22
Boronia,house,2,3155.0,7,2027 Q2,520.0,546.61,437.86,655.36
Boronia,house,3,3155.0,7,2027 Q2,590.0,616.2,507.45,724.95
Boronia,house,4,3155.0,7,2027 Q2,680.0,707.58,598.83,816.33
Box Hill,flat,1,3128.0,7,2027 Q2,490.0,512.12,403.37,620.87
Box Hill,flat,2,3128.0,7,2027 Q2,610.0,632.33,523.58,741.08
Box Hill,flat,3,3128.0,7,2027 Q2,710.0,729.3,620.55,838.05
Box Hill,house,2,3128.0,7,2027 Q2,540.0,571.71,462.96,680.46
Box Hill,house,3,3128.0,7,2027 Q2,650.0,679.0,570.26,787.75
Box Hill,house,4,3128.0,7,2027 Q2,808.0,832.22,723.47,940.97
Brighton,flat,1,3186.0,7,2027 Q2,498.0,543.78,435.04,652.53
Brighton,flat,2,3186.0,7,2027 Q2,680.0,716.64,607.89,825.38
Brighton,flat,3,3186.0,7,2027 Q2,1000.0,1016.06,907.31,1124.81
Brighton,house,2,3186.0,7,2027 Q2,760.0,786.3,677.55,895.05
Brighton,house,3,3186.0,7,2027 Q2,1150.0,1154.67,1045.92,1263.42
Brighton,house,4,3186.0,7,2027 Q2,1650.0,1623.97,1515.22,1732.71
Brighton East,flat,2,3187.0,7,2027 Q2,630.0,658.38,549.63,767.12
Brighton East,flat,3,3187.0,7,2027 Q2,738.0,761.44,652.7,870.19
Brighton East,house,2,3187.0,7,2027 Q2,690.0,718.9,610.15,827.65
Brighton East,house,3,3187.0,7,2027 Q2,940.0,958.6,849.86,1067.35
Brighton East,house,4,3187.0,7,2027 Q2,1295.0,1265.17,1156.42,1373.92
Broadmeadows-Roxburgh Park,flat,1,3047.0,7,2027 Q2,325.0,345.25,236.5,454.0
Broadmeadows-Roxburgh Park,flat,2,3047.0,7,2027 Q2,470.0,488.99,380.24,597.74
Broadmeadows-Roxburgh Park,flat,3,3047.0,7,2027 Q2,520.0,543.82,435.07,652.57
Broadmeadows-Roxburgh Park,house,2,3047.0,7,2027 Q2,460.0,480.55,371.8,589.29
Broadmeadows-Roxburgh Park,house,3,3047.0,7,2027 Q2,506.0,532.2,423.45,640.95
Broadmeadows-Roxburgh Park,house,4,3047.0,7,2027 Q2,600.0,623.81,515.06,732.56
Brunswick,flat,1,3056.0,7,2027 Q2,460.0,490.79,382.05,599.54
Brunswick,flat,2,3056.0,7,2027 Q2,600.0,628.61,519.87,737.36
Brunswick,flat,3,3056.0,7,2027 Q2,840.0,858.49,749.74,967.24
Brunswick,house,2,3056.0,7,2027 Q2,660.0,685.01,576.26,793.76
Brunswick,house,3,3056.0,7,2027 Q2,850.0,867.74,758.99,976.49
Brunswick,house,4,3056.0,7,2027 Q2,1000.0,1006.57,897.82,1115.32
Bulleen-Templestowe-Doncaster,flat,1,3108.0,7,2027 Q2,480.0,502.12,393.37,610.87
Bulleen-Templestowe-Doncaster,flat,2,3108.0,7,2027 Q2,595.0,618.41,509.66,727.15
Bulleen-Templestowe-Doncaster,flat,3,3108.0,7,2027 Q2,720.0,741.76,633.01,850.51
Bulleen-Templestowe-Doncaster,house,2,3108.0,7,2027 Q2,570.0,596.24,487.49,704.99
Bulleen-Templestowe-Doncaster,house,3,3108.0,7,2027 Q2,660.0,687.63,578.88,796.38
Bulleen-Templestowe-Doncaster,house,4,3108.0,7,2027 Q2,820.0,843.97,735.22,952.72
Bundoora-Greensborough-Hurstbridge,flat,1,3088.0,7,2027 Q2,420.0,440.66,331.91,549.41
Bundoora-Greensborough-Hurstbridge,flat,2,3088.0,7,2027 Q2,490.0,512.01,403.26,620.76
Bundoora-Greensborough-Hurstbridge,flat,3,3088.0,7,2027 Q2,580.0,599.85,491.1,708.6
Bundoora-Greensborough-Hurstbridge,house,2,3088.0,7,2027 Q2,500.0,520.95,412.2,629.7
Bundoora-Greensborough-Hurstbridge,house,3,3088.0,7,2027 Q2,570.0,595.23,486.48,703.98
Bundoora-Greensborough-Hurstbridge,house,4,3088.0,7,2027 Q2,600.0,627.67,518.92,736.42
Burwood-Ashburton,flat,1,3125.0,7,2027 Q2,450.0,480.61,371.87,589.36
Burwood-Ashburton,flat,2,3125.0,7,2027 Q2,570.0,592.05,483.31,700.8
Burwood-Ashburton,flat,3,3125.0,7,2027 Q2,720.0,740.67,631.93,849.42
Burwood-Ashburton,house,2,3125.0,7,2027 Q2,580.0,606.61,497.86,715.36
Burwood-Ashburton,house,3,3125.0,7,2027 Q2,650.0,674.41,565.66,783.16
Burwood-Ashburton,house,4,3125.0,7,2027 Q2,878.0,895.04,786.29,1003.79
CBD-St Kilda Rd,flat,1,,7,2027 Q2,560.0,590.24,481.49,698.99
CBD-St Kilda Rd,flat,2,,7,2027 Q2,735.0,758.92,650.17,867.67
CBD-St Kilda Rd,flat,3,,7,2027 Q2,1050.0,1046.12,937.37,1154.87
Camberwell-Glen Iris,flat,1,3124.0,7,2027 Q2,440.0,472.7,363.95,581.45
Camberwell-Glen Iris,flat,2,3124.0,7,2027 Q2,600.0,630.5,521.75,739.25
Camberwell-Glen Iris,flat,3,3124.0,7,2027 Q2,815.0,833.43,724.68,942.18
Camberwell-Glen Iris,house,2,3124.0,7,2027 Q2,660.0,685.6,576.85,794.35
Camberwell-Glen Iris,house,3,3124.0,7,2027 Q2,838.0,856.54,747.79,965.29
Camberwell-Glen Iris,house,4,3124.0,7,2027 Q2,1195.0,1192.36,1083.61,1301.11
Canterbury-Surrey Hills-Mont Albert,flat,1,3127.0,7,2027 Q2,450.0,481.35,372.6,590.09
Canterbury-Surrey Hills-Mont Albert,flat,2,3127.0,7,2027 Q2,570.0,600.74,491.99,709.48
Canterbury-Surrey Hills-Mont Albert,flat,3,3127.0,7,2027 Q2,740.0,763.46,654.71,872.2
Canterbury-Surrey Hills-Mont Albert,house,2,3127.0,7,2027 Q2,620.0,647.98,539.24,756.73
Canterbury-Surrey Hills-Mont Albert,house,3,3127.0,7,2027 Q2,800.0,820.5,711.75,929.25
Canterbury-Surrey Hills-Mont Albert,house,4,3127.0,7,2027 Q2,1100.0,1101.4,992.65,1210.15
Carlton North,flat,1,3054.0,7,2027 Q2,430.0,466.84,358.09,575.59
Carlton North,flat,2,3054.0,7,2027 Q2,600.0,633.37,524.62,742.11
Carlton North,flat,3,3054.0,7,2027 Q2,778.0,803.16,694.41,911.91
Carlton North,house,2,3054.0,7,2027 Q2,755.0,777.23,668.49,885.98
Carlton North,house,3,3054.0,7,2027 Q2,950.0,966.2,857.45,1074.95
Carlton-Parkville,flat,1,3053.0,7,2027 Q2,500.0,532.75,424.01,641.5
Carlton-Parkville,flat,2,3053.0,7,2027 Q2,670.0,698.1,589.36,806.85
Carlton-Parkville,flat,3,3053.0,7,2027 Q2,855.0,874.51,765.76,983.26
Carlton-Parkville,house,2,3053.0,7,2027 Q2,670.0,701.16,592.41,809.91
Carlton-Parkville,house,3,3053.0,7,2027 Q2,950.0,970.83,862.09,1079.58
Carlton-Parkville,house,4,3053.0,7,2027 Q2,1100.0,1096.75,988.0,1205.49
Carnegie,flat,1,3163.0,7,2027 Q2,420.0,450.4,341.65,559.15
Carnegie,flat,2,3163.0,7,2027 Q2,595.0,617.07,508.33,725.82
Carnegie,flat,3,3163.0,7,2027 Q2,775.0,795.38,686.63,904.13
Carnegie,house,2,3163.0,7,2027 Q2,600.0,622.92,514.17,731.67
Carnegie,house,3,3163.0,7,2027 Q2,750.0,770.13,661.38,878.87
Carnegie,house,4,3163.0,7,2027 Q2,1100.0,1107.52,998.77,1216.27
Castlemaine,flat,2,3450.0,7,2027 Q2,390.0,413.84,305.1,522.59
Castlemaine,house,2,3450.0,7,2027 Q2,430.0,451.26,342.51,560.01
Castlemaine,house,3,3450.0,7,2027 Q2,500.0,526.54,417.79,635.29
Castlemaine,house,4,3450.0,7,2027 Q2,580.0,609.4,500.65,718.14
Caulfield,flat,1,3162.0,7,2027 Q2,500.0,529.84,421.09,638.59
Caulfield,flat,2,3162.0,7,2027 Q2,630.0,661.29,552.54,770.04
Caulfield,flat,3,3162.0,7,2027 Q2,810.0,833.12,724.37,941.87
Caulfield,house,2,3162.0,7,2027 Q2,633.0,662.9,554.15,771.65
Caulfield,house,3,3162.0,7,2027 Q2,850.0,869.59,760.84,978.33
Caulfield,house,4,3162.0,7,2027 Q2,1250.0,1254.76,1146.02,1363.51
Chadstone-Oakleigh,flat,1,3166.0,7,2027 Q2,500.0,519.86,411.11,628.61
Chadstone-Oakleigh,flat,2,3166.0,7,2027 Q2,580.0,602.69,493.94,711.44
Chadstone-Oakleigh,flat,3,3166.0,7,2027 Q2,680.0,700.56,591.82,809.31
Chadstone-Oakleigh,house,2,3166.0,7,2027 Q2,570.0,596.03,487.28,704.78
Chadstone-Oakleigh,house,3,3166.0,7,2027 Q2,630.0,655.7,546.95,764.45
Chadstone-Oakleigh,house,4,3166.0,7,2027 Q2,850.0,866.6,757.85,975.35
Cheltenham,flat,1,3192.0,7,2027 Q2,450.0,476.47,367.72,585.21
Cheltenham,flat,2,3192.0,7,2027 Q2,550.0,576.98,468.23,685.73
Cheltenham,flat,3,3192.0,7,2027 Q2,693.0,717.04,608.29,825.79
Cheltenham,house,2,3192.0,7,2027 Q2,585.0,610.77,502.02,719.52
Cheltenham,house,3,3192.0,7,2027 Q2,720.0,744.8,636.05,853.55
Cheltenham,house,4,3192.0,7,2027 Q2,950.0,962.87,854.12,1071.62
Clayton,flat,1,3168.0,7,2027 Q2,490.0,510.42,401.67,619.17
Clayton,flat,2,3168.0,7,2027 Q2,590.0,611.25,502.5,720.0
Clayton,flat,3,3168.0,7,2027 Q2,650.0,671.4,562.65,780.15
Clayton,house,2,3168.0,7,2027 Q2,550.0,571.57,462.82,680.32
Clayton,house,3,3168.0,7,2027 Q2,603.0,629.68,520.93,738.43
Clayton,house,4,3168.0,7,2027 Q2,800.0,827.41,718.66,936.16
Coburg-Pascoe Vale South,flat,1,3058.0,7,2027 Q2,425.0,447.2,338.45,555.95
Coburg-Pascoe Vale South,flat,2,3058.0,7,2027 Q2,550.0,573.39,464.64,682.13
Coburg-Pascoe Vale South,flat,3,3058.0,7,2027 Q2,700.0,720.74,612.0,829.49
Coburg-Pascoe Vale South,house,2,3058.0,7,2027 Q2,580.0,603.67,494.92,712.41
Coburg-Pascoe Vale South,house,3,3058.0,7,2027 Q2,710.0,730.59,621.85,839.34
Coburg-Pascoe Vale South,house,4,3058.0,7,2027 Q2,850.0,865.0,756.25,973.75
Collingwood-Abbotsford,flat,1,3066.0,7,2027 Q2,520.0,551.97,443.22,660.71
Collingwood-Abbotsford,flat,2,3066.0,7,2027 Q2,695.0,722.18,613.43,830.93
Collingwood-Abbotsford,flat,3,3066.0,7,2027 Q2,1000.0,1010.6,901.85,1119.35
Collingwood-Abbotsford,house,2,3066.0,7,2027 Q2,720.0,746.89,638.14,855.63
Collingwood-Abbotsford,house,3,3066.0,7,2027 Q2,950.0,965.85,857.1,1074.6
Corio,flat,1,3214.0,7,2027 Q2,320.0,339.02,230.28,447.77
Corio,flat,2,3214.0,7,2027 Q2,380.0,400.82,292.08,509.57
Corio,flat,3,3214.0,7,2027 Q2,445.0,469.07,360.32,577.82
Corio,house,2,3214.0,7,2027 Q2,380.0,402.81,294.06,511.56
Corio,house,3,3214.0,7,2027 Q2,420.0,449.57,340.82,558.32
Corio,house,4,3214.0,7,2027 Q2,485.0,513.99,405.24,622.74
Craigieburn,flat,2,3064.0,7,2027 Q2,440.0,459.08,350.34,567.83
Craigieburn,flat,3,3064.0,7,2027 Q2,485.0,509.65,400.9,618.4
Craigieburn,house,2,3064.0,7,2027 Q2,450.0,470.38,361.63,579.13
Craigieburn,house,3,3064.0,7,2027 Q2,500.0,524.04,415.29,632.79
Craigieburn,house,4,3064.0,7,2027 Q2,560.0,587.43,478.68,696.18
Cranbourne,flat,1,3977.0,7,2027 Q2,400.0,416.89,308.14,525.64
Cranbourne,flat,2,3977.0,7,2027 Q2,460.0,481.45,372.7,590.2
Cranbourne,flat,3,3977.0,7,2027 Q2,530.0,553.38,444.63,662.13
Cranbourne,house,2,3977.0,7,2027 Q2,490.0,510.79,402.04,619.53
Cranbourne,house,3,3977.0,7,2027 Q2,550.0,573.81,465.06,682.56
Cranbourne,house,4,3977.0,7,2027 Q2,600.0,626.89,518.14,735.64
Croydon-Lilydale,flat,1,3136.0,7,2027 Q2,363.0,393.3,284.55,502.05
Croydon-Lilydale,flat,2,3136.0,7,2027 Q2,500.0,524.63,415.88,633.37
Croydon-Lilydale,flat,3,3136.0,7,2027 Q2,620.0,643.7,534.96,752.45
Croydon-Lilydale,house,2,3136.0,7,2027 Q2,525.0,550.8,442.05,659.55
Croydon-Lilydale,house,3,3136.0,7,2027 Q2,600.0,626.59,517.84,735.34
Croydon-Lilydale,house,4,3136.0,7,2027 Q2,730.0,756.46,647.71,865.21
Dandenong,flat,1,3175.0,7,2027 Q2,375.0,399.6,290.85,508.35
Dandenong,flat,2,3175.0,7,2027 Q2,450.0,475.8,367.06,584.55
Dandenong,flat,3,3175.0,7,2027 Q2,570.0,590.48,481.73,699.23
Dandenong,house,2,3175.0,7,2027 Q2,490.0,511.11,402.36,619.85
Dandenong,house,3,3175.0,7,2027 Q2,560.0,585.8,477.05,694.55
Dandenong,house,4,3175.0,7,2027 Q2,750.0,770.08,661.33,878.83
Dandenong North-Endeavour Hills,flat,1,3177.0,7,2027 Q2,350.0,373.81,265.07,482.56
Dandenong North-Endeavour Hills,flat,2,3177.0,7,2027 Q2,468.0,489.25,380.5,597.99
Dandenong North-Endeavour Hills,flat,3,3177.0,7,2027 Q2,550.0,573.96,465.21,682.71
Dandenong North-Endeavour Hills,house,2,3177.0,7,2027 Q2,475.0,499.92,391.17,608.67
Dandenong North-Endeavour Hills,house,3,3177.0,7,2027 Q2,530.0,555.5,446.75,664.24
Dandenong North-Endeavour Hills,house,4,3177.0,7,2027 Q2,630.0,656.72,547.97,765.47
Docklands,flat,1,3008.0,7,2027 Q2,600.0,639.94,531.19,748.69
Docklands,flat,2,3008.0,7,2027 Q2,763.0,796.19,687.44,904.94
Docklands,flat,3,3008.0,7,2027 Q2,1200.0,1204.62,1095.87,1313.37
Doncaster East-Donvale,flat,1,3109.0,7,2027 Q2,470.0,489.71,380.96,598.45
Doncaster East-Donvale,flat,2,3109.0,7,2027 Q2,575.0,596.02,487.28,704.77
Doncaster East-Donvale,flat,3,3109.0,7,2027 Q2,695.0,716.86,608.11,825.61
Doncaster East-Donvale,house,2,3109.0,7,2027 Q2,530.0,551.55,442.8,660.3
Doncaster East-Donvale,house,3,3109.0,7,2027 Q2,680.0,705.33,596.59,814.08
Doncaster East-Donvale,house,4,3109.0,7,2027 Q2,830.0,850.94,742.19,959.69
Dromana-Portsea,flat,1,3936.0,7,2027 Q2,393.0,413.63,304.88,522.38
Dromana-Portsea,flat,2,3936.0,7,2027 Q2,478.0,503.8,395.05,612.54
Dromana-Portsea,flat,3,3936.0,7,2027 Q2,600.0,623.76,515.01,732.51
Dromana-Portsea,house,2,3936.0,7,2027 Q2,490.0,515.39,406.64,624.14
Dromana-Portsea,house,3,3936.0,7,2027 Q2,570.0,597.63,488.89,706.38
Dromana-Portsea,house,4,3936.0,7,2027 Q2,745.0,766.67,657.92,875.42
East Brunswick,flat,1,3057.0,7,2027 Q2,500.0,528.6,419.86,637.35
East Brunswick,flat,2,3057.0,7,2027 Q2,625.0,652.72,543.97,761.47
East Brunswick,flat,3,3057.0,7,2027 Q2,880.0,893.68,784.93,1002.43
East Brunswick,house,2,3057.0,7,2027 Q2,710.0,729.31,620.56,838.06
East Brunswick,house,3,3057.0,7,2027 Q2,880.0,894.48,785.73,1003.23
East Brunswick,house,4,3057.0,7,2027 Q2,1100.0,1123.64,1014.89,1232.39
East Hawthorn,flat,1,3123.0,7,2027 Q2,490.0,524.03,415.29,632.78
East Hawthorn,flat,2,3123.0,7,2027 Q2,610.0,642.23,533.48,750.98
East Hawthorn,flat,3,3123.0,7,2027 Q2,890.0,914.62,805.88,1023.37
East Hawthorn,house,2,3123.0,7,2027 Q2,698.0,726.21,617.46,834.96
East Hawthorn,house,3,3123.0,7,2027 Q2,898.0,922.21,813.46,1030.96
East Hawthorn,house,4,3123.0,7,2027 Q2,1300.0,1296.61,1187.86,1405.35
East Melbourne,flat,1,3002.0,7,2027 Q2,520.0,553.17,444.42,661.92
East Melbourne,flat,2,3002.0,7,2027 Q2,690.0,718.34,609.59,827.08
East Melbourne,flat,3,3002.0,7,2027 Q2,1175.0,1186.47,1077.72,1295.22
East Melbourne,house,3,3002.0,7,2027 Q2,1100.0,1069.38,960.63,1178.13
East St Kilda,flat,1,3183.0,7,2027 Q2,425.0,460.19,351.44,568.94
East St Kilda,flat,2,3183.0,7,2027 Q2,575.0,605.21,496.46,713.96
East St Kilda,flat,3,3183.0,7,2027 Q2,840.0,854.69,745.95,963.44
East St Kilda,house,2,3183.0,7,2027 Q2,763.0,779.49,670.74,888.24
East St Kilda,house,3,3183.0,7,2027 Q2,900.0,903.08,794.33,1011.83
East St Kilda,house,4,3183.0,7,2027 Q2,1100.0,1097.97,989.23,1206.72
Echuca,flat,1,3564.0,7,2027 Q2,278.0,301.49,192.74,410.24
Echuca,flat,2,3564.0,7,2027 Q2,420.0,443.08,334.33,551.82
Echuca,flat,3,3564.0,7,2027 Q2,450.0,470.23,361.48,578.98
Echuca,house,2,3564.0,7,2027 Q2,418.0,441.72,332.97,550.46
Echuca,house,3,3564.0,7,2027 Q2,520.0,544.59,435.84,653.34
Echuca,house,4,3564.0,7,2027 Q2,640.0,663.66,554.91,772.41
Elsternwick,flat,1,3185.0,7,2027 Q2,440.0,474.82,366.08,583.57
Elsternwick,flat,2,3185.0,7,2027 Q2,600.0,627.8,519.05,736.55
Elsternwick,flat,3,3185.0,7,2027 Q2,800.0,817.15,708.4,925.9
Elsternwick,house,2,3185.0,7,2027 Q2,718.0,737.81,629.06,846.55
Elsternwick,house,3,3185.0,7,2027 Q2,900.0,912.01,803.26,1020.76
Elsternwick,house,4,3185.0,7,2027 Q2,1150.0,1160.86,1052.11,1269.6
Eltham-Research-Montmorency,flat,1,3095.0,7,2027 Q2,360.0,388.22,279.48,496.97
Eltham-Research-Montmorency,flat,2,3095.0,7,2027 Q2,500.0,525.27,416.53,634.02
Eltham-Research-Montmorency,flat,3,3095.0,7,2027 Q2,620.0,641.65,532.9,750.4
Eltham-Research-Montmorency,house,2,3095.0,7,2027 Q2,500.0,524.5,415.75,633.25
Eltham-Research-Montmorency,house,3,3095.0,7,2027 Q2,650.0,671.27,562.52,780.02
Eltham-Research-Montmorency,house,4,3095.0,7,2027 Q2,813.0,829.12,720.37,937.87
Elwood,flat,1,3184.0,7,2027 Q2,450.0,484.74,375.99,593.49
Elwood,flat,2,3184.0,7,2027 Q2,608.0,638.48,529.73,747.23
Elwood,flat,3,3184.0,7,2027 Q2,875.0,887.51,778.77,996.26
Elwood,house,2,3184.0,7,2027 Q2,795.0,817.14,708.39,925.89
Elwood,house,3,3184.0,7,2027 Q2,1095.0,1108.62,999.88,1217.37
Elwood,house,4,3184.0,7,2027 Q2,1500.0,1458.65,1349.9,1567.4
Essendon,flat,1,3040.0,7,2027 Q2,430.0,454.64,345.89,563.39
Essendon,flat,2,3040.0,7,2027 Q2,510.0,536.89,428.14,645.64
Essendon,flat,3,3040.0,7,2027 Q2,650.0,675.71,566.97,784.46
Essendon,house,2,3040.0,7,2027 Q2,550.0,576.18,467.43,684.93
Essendon,house,3,3040.0,7,2027 Q2,650.0,673.57,564.83,782.32
Essendon,house,4,3040.0,7,2027 Q2,895.0,907.15,798.4,1015.9
Fairfield-Alphington,flat,1,3078.0,7,2027 Q2,400.0,434.44,325.69,543.19
Fairfield-Alphington,flat,2,3078.0,7,2027 Q2,575.0,602.89,494.14,711.64
Fairfield-Alphington,flat,3,3078.0,7,2027 Q2,815.0,818.35,709.6,927.1
Fairfield-Alphington,house,2,3078.0,7,2027 Q2,650.0,671.51,562.76,780.26
Fairfield-Alphington,house,3,3078.0,7,2027 Q2,850.0,863.38,754.63,972.13
Fairfield-Alphington,house,4,3078.0,7,2027 Q2,1113.0,1121.84,1013.09,1230.58
Ferntree Gully,flat,2,3156.0,7,2027 Q2,520.0,542.02,433.27,650.77
Ferntree Gully,flat,3,3156.0,7,2027 Q2,580.0,600.51,491.76,709.26
Ferntree Gully,house,2,3156.0,7,2027 Q2,518.0,540.93,432.18,649.68
Ferntree Gully,house,3,3156.0,7,2027 Q2,600.0,622.89,514.14,731.64
Ferntree Gully,house,4,3156.0,7,2027 Q2,720.0,744.03,635.29,852.78
Fitzroy,flat,1,3065.0,7,2027 Q2,528.0,561.34,452.6,670.09
Fitzroy,flat,2,3065.0,7,2027 Q2,750.0,775.61,666.86,884.36
Fitzroy,flat,3,3065.0,7,2027 Q2,1175.0,1184.23,1075.48,1292.98
Fitzroy,house,2,3065.0,7,2027 Q2,848.0,875.77,767.02,984.52
Fitzroy,house,3,3065.0,7,2027 Q2,1100.0,1109.58,1000.83,1218.33
Fitzroy North-Clifton Hill,flat,1,3068.0,7,2027 Q2,500.0,537.79,429.04,646.54
Fitzroy North-Clifton Hill,flat,2,3068.0,7,2027 Q2,690.0,723.48,614.73,832.23
Fitzroy North-Clifton Hill,flat,3,3068.0,7,2027 Q2,1050.0,1071.07,962.33,1179.82
Fitzroy North-Clifton Hill,house,2,3068.0,7,2027 Q2,740.0,767.32,658.58,876.07
Fitzroy North-Clifton Hill,house,3,3068.0,7,2027 Q2,998.0,1016.11,907.36,1124.86
Fitzroy North-Clifton Hill,house,4,3068.0,7,2027 Q2,1295.0,1267.5,1158.75,1376.25
Flemington-Kensington,flat,1,3031.0,7,2027 Q2,470.0,504.48,395.73,613.23
Flemington-Kensington,flat,2,3031.0,7,2027 Q2,560.0,592.16,483.41,700.91
Flemington-Kensington,flat,3,3031.0,7,2027 Q2,850.0,872.14,763.4,980.89
Flemington-Kensington,house,2,3031.0,7,2027 Q2,620.0,643.85,535.1,752.6
Flemington-Kensington,house,3,3031.0,7,2027 Q2,760.0,782.09,673.34,890.83
Flemington-Kensington,house,4,3031.0,7,2027 Q2,945.0,957.43,848.68,1066.17
Flora Hill-Bendigo East,flat,1,3550.0,7,2027 Q2,350.0,370.99,262.24,479.74
Flora Hill-Bendigo East,flat,2,3550.0,7,2027 Q2,380.0,405.41,296.66,514.15
Flora Hill-Bendigo East,flat,3,3550.0,7,2027 Q2,450.0,476.75,368.0,585.5
Flora Hill-Bendigo East,house,2,3550.0,7,2027 Q2,420.0,445.28,336.53,554.03
Flora Hill-Bendigo East,house,3,3550.0,7,2027 Q2,475.0,503.21,394.46,611.96
Flora Hill-Bendigo East,house,4,3550.0,7,2027 Q2,570.0,600.05,491.3,708.8
Footscray,flat,1,3011.0,7,2027 Q2,450.0,471.56,362.81,580.31
Footscray,flat,2,3011.0,7,2027 Q2,560.0,577.1,468.35,685.84
Footscray,flat,3,3011.0,7,2027 Q2,698.0,712.56,603.81,821.31
Footscray,house,2,3011.0,7,2027 Q2,573.0,594.01,485.26,702.76
Footscray,house,3,3011.0,7,2027 Q2,640.0,660.44,551.69,769.19
Footscray,house,4,3011.0,7,2027 Q2,750.0,769.39,660.64,878.14
Frankston,flat,1,3199.0,7,2027 Q2,350.0,377.01,268.26,485.76
Frankston,flat,2,3199.0,7,2027 Q2,475.0,502.08,393.33,610.82
Frankston,flat,3,3199.0,7,2027 Q2,560.0,585.65,476.9,694.4
Frankston,house,2,3199.0,7,2027 Q2,490.0,515.4,406.65,624.15
Frankston,house,3,3199.0,7,2027 Q2,570.0,597.24,488.49,705.99
Frankston,house,4,3199.0,7,2027 Q2,670.0,696.4,587.65,805.14
Geelong-Newcombe,flat,1,3219.0,7,2027 Q2,380.0,397.32,288.57,506.07
Geelong-Newcombe,flat,2,3219.0,7,2027 Q2,460.0,478.03,369.28,586.77
Geelong-Newcombe,flat,3,3219.0,7,2027 Q2,518.0,544.29,435.54,653.04
Geelong-Newcombe,house,2,3219.0,7,2027 Q2,440.0,465.8,357.06,574.55
Geelong-Newcombe,house,3,3219.0,7,2027 Q2,480.0,512.09,403.34,620.84
Geelong-Newcombe,house,4,3219.0,7,2027 Q2,575.0,609.52,500.77,718.27
Gladstone Park-Tullamarine,flat,2,3043.0,7,2027 Q2,450.0,471.12,362.38,579.87
Gladstone Park-Tullamarine,flat,3,3043.0,7,2027 Q2,553.0,577.27,468.52,686.01
Gladstone Park-Tullamarine,house,2,3043.0,7,2027 Q2,500.0,519.56,410.81,628.3
Gladstone Park-Tullamarine,house,3,3043.0,7,2027 Q2,530.0,556.11,447.36,664.86
Gladstone Park-Tullamarine,house,4,3043.0,7,2027 Q2,620.0,645.72,536.97,754.47
Glen Waverley-Mulgrave,flat,1,3150.0,7,2027 Q2,550.0,571.65,462.9,680.4
Glen Waverley-Mulgrave,flat,2,3150.0,7,2027 Q2,640.0,659.19,550.44,767.94
Glen Waverley-Mulgrave,flat,3,3150.0,7,2027 Q2,660.0,686.63,577.88,795.38
Glen Waverley-Mulgrave,house,2,3150.0,7,2027 Q2,590.0,615.38,506.64,724.13
Glen Waverley-Mulgrave,house,3,3150.0,7,2027 Q2,640.0,669.92,561.17,778.67
Glen Waverley-Mulgrave,house,4,3150.0,7,2027 Q2,780.0,809.76,701.01,918.51
Golden Square-Kangaroo Flat,flat,2,3555.0,7,2027 Q2,380.0,403.34,294.59,512.09
Golden Square-Kangaroo Flat,flat,3,3555.0,7,2027 Q2,470.0,496.78,388.03,605.53
Golden Square-Kangaroo Flat,house,2,3555.0,7,2027 Q2,420.0,443.81,335.06,552.55
Golden Square-Kangaroo Flat,house,3,3555.0,7,2027 Q2,480.0,508.37,399.62,617.12
Golden Square-Kangaroo Flat,house,4,3555.0,7,2027 Q2,550.0,579.12,470.37,687.87
Hamilton,flat,1,3300.0,7,2027 Q2,260.0,282.53,173.78,391.27
Hamilton,flat,2,3300.0,7,2027 Q2,320.0,347.68,238.93,456.43
Hamilton,house,2,3300.0,7,2027 Q2,330.0,355.86,247.11,464.61
Hamilton,house,3,3300.0,7,2027 Q2,390.0,420.12,311.37,528.87
Hamilton,house,4,3300.0,7,2027 Q2,460.0,491.93,383.18,600.68
Hampton-Beaumaris,flat,1,3188.0,7,2027 Q2,480.0,515.6,406.85,624.35
Hampton-Beaumaris,flat,2,3188.0,7,2027 Q2,650.0,681.36,572.61,790.11
Hampton-Beaumaris,flat,3,3188.0,7,2027 Q2,900.0,912.58,803.83,1021.33
Hampton-Beaumaris,house,2,3188.0,7,2027 Q2,650.0,682.06,573.31,790.81
Hampton-Beaumaris,house,3,3188.0,7,2027 Q2,895.0,913.97,805.23,1022.72
Hampton-Beaumaris,house,4,3188.0,7,2027 Q2,1295.0,1288.47,1179.72,1397.22
Hastings-Flinders,flat,1,3915.0,7,2027 Q2,360.0,384.07,275.32,492.82
Hastings-Flinders,flat,2,3915.0,7,2027 Q2,470.0,495.19,386.44,603.94
Hastings-Flinders,flat,3,3915.0,7,2027 Q2,550.0,577.15,468.4,685.9
Hastings-Flinders,house,2,3915.0,7,2027 Q2,498.0,523.09,414.35,631.84
Hastings-Flinders,house,3,3915.0,7,2027 Q2,595.0,621.01,512.26,729.76
Hastings-Flinders,house,4,3915.0,7,2027 Q2,750.0,769.69,660.94,878.44
Hawthorn,flat,1,3122.0,7,2027 Q2,450.0,485.14,376.39,593.89
Hawthorn,flat,2,3122.0,7,2027 Q2,600.0,630.57,521.82,739.32
Hawthorn,flat,3,3122.0,7,2027 Q2,850.0,866.97,758.22,975.72
Hawthorn,house,2,3122.0,7,2027 Q2,710.0,727.34,618.59,836.09
Hawthorn,house,3,3122.0,7,2027 Q2,950.0,961.82,853.07,1070.57
Hawthorn,house,4,3122.0,7,2027 Q2,1500.0,1500.19,1391.44,1608.94
Heidelberg-Heidelberg West,flat,1,3084.0,7,2027 Q2,450.0,471.1,362.35,579.84
Heidelberg-Heidelberg West,flat,2,3084.0,7,2027 Q2,530.0,550.39,441.64,659.14
Heidelberg-Heidelberg West,flat,3,3084.0,7,2027 Q2,650.0,671.24,562.49,779.99
Heidelberg-Heidelberg West,house,2,3084.0,7,2027 Q2,510.0,537.24,428.49,645.99
Heidelberg-Heidelberg West,house,3,3084.0,7,2027 Q2,600.0,626.26,517.51,735.01
Heidelberg-Heidelberg West,house,4,3084.0,7,2027 Q2,795.0,813.26,704.51,922.01
Herne Hill-Geelong West,flat,1,3218.0,7,2027 Q2,340.0,364.05,255.3,472.8
Herne Hill-Geelong West,flat,2,3218.0,7,2027 Q2,410.0,436.75,328.0,545.5
Herne Hill-Geelong West,flat,3,3218.0,7,2027 Q2,575.0,597.52,488.77,706.27
Herne Hill-Geelong West,house,2,3218.0,7,2027 Q2,460.0,483.11,374.37,591.86
Herne Hill-Geelong West,house,3,3218.0,7,2027 Q2,520.0,548.55,439.81,657.3
Herne Hill-Geelong West,house,4,3218.0,7,2027 Q2,660.0,685.91,577.16,794.65
Horsham,flat,1,3400.0,7,2027 Q2,250.0,265.97,157.22,374.71
Horsham,flat,2,3400.0,7,2027 Q2,320.0,346.72,237.97,455.47
Horsham,flat,3,3400.0,7,2027 Q2,415.0,442.96,334.21,551.71
Horsham,house,2,3400.0,7,2027 Q2,350.0,373.34,264.59,482.08
Horsham,house,3,3400.0,7,2027 Q2,430.0,459.7,350.96,568.45
Horsham,house,4,3400.0,7,2027 Q2,520.0,548.83,440.08,657.58
Ivanhoe-Ivanhoe East,flat,1,3079.0,7,2027 Q2,490.0,513.96,405.21,622.71
Ivanhoe-Ivanhoe East,flat,2,3079.0,7,2027 Q2,600.0,627.43,518.68,736.18
Ivanhoe-Ivanhoe East,flat,3,3079.0,7,2027 Q2,750.0,775.69,666.94,884.44
Ivanhoe-Ivanhoe East,house,2,3079.0,7,2027 Q2,600.0,627.94,519.19,736.68
Ivanhoe-Ivanhoe East,house,3,3079.0,7,2027 Q2,750.0,774.13,665.38,882.88
Ivanhoe-Ivanhoe East,house,4,3079.0,7,2027 Q2,1000.0,1007.16,898.41,1115.91
Keilor,house,4,3036.0,7,2027 Q2,730.0,743.78,635.04,852.53
Keilor East-Avondale Heights,flat,1,3033.0,7,2027 Q2,450.0,468.93,360.19,577.68
Keilor East-Avondale Heights,flat,2,3033.0,7,2027 Q2,520.0,542.45,433.71,651.2
Keilor East-Avondale Heights,flat,3,3033.0,7,2027 Q2,623.0,647.0,538.25,755.75
Keilor East-Avondale Heights,house,2,3033.0,7,2027 Q2,520.0,545.97,437.22,654.72
Keilor East-Avondale Heights,house,3,3033.0,7,2027 Q2,580.0,609.35,500.6,718.1
Keilor East-Avondale Heights,house,4,3033.0,7,2027 Q2,768.0,790.51,681.76,899.26
Kew,flat,1,3101.0,7,2027 Q2,470.0,501.99,393.25,610.74
Kew,flat,2,3101.0,7,2027 Q2,575.0,609.09,500.34,717.84
Kew,flat,3,3101.0,7,2027 Q2,850.0,869.07,760.32,977.82
Kew,house,2,3101.0,7,2027 Q2,663.0,682.51,573.77,791.26
Kew,house,3,3101.0,7,2027 Q2,850.0,870.53,761.78,979.28
Kew,house,4,3101.0,7,2027 Q2,1300.0,1296.3,1187.55,1405.04
Lara,flat,2,3212.0,7,2027 Q2,415.0,438.8,330.05,547.55
Lara,flat,3,3212.0,7,2027 Q2,485.0,513.38,404.63,622.13
Lara,house,2,3212.0,7,2027 Q2,430.0,455.55,346.81,564.3
Lara,house,3,3212.0,7,2027 Q2,500.0,527.01,418.26,635.76
Lara,house,4,3212.0,7,2027 Q2,580.0,606.79,498.04,715.54
Malvern,flat,1,3144.0,7,2027 Q2,450.0,485.49,376.74,594.24
Malvern,flat,2,3144.0,7,2027 Q2,600.0,632.68,523.93,741.43
Malvern,flat,3,3144.0,7,2027 Q2,908.0,923.34,814.59,1032.09
Malvern,house,2,3144.0,7,2027 Q2,790.0,806.49,697.74,915.24
Malvern,house,3,3144.0,7,2027 Q2,1000.0,1005.18,896.44,1113.93
Malvern,house,4,3144.0,7,2027 Q2,1400.0,1376.26,1267.51,1485.01
Malvern East,flat,1,3145.0,7,2027 Q2,480.0,510.61,401.87,619.36
Malvern East,flat,2,3145.0,7,2027 Q2,600.0,627.93,519.18,736.68
Malvern East,flat,3,3145.0,7,2027 Q2,800.0,818.87,710.12,927.62
Malvern East,house,2,3145.0,7,2027 Q2,650.0,676.81,568.06,785.55
Malvern East,house,3,3145.0,7,2027 Q2,750.0,772.46,663.72,881.21
Malvern East,house,4,3145.0,7,2027 Q2,1150.0,1147.05,1038.3,1255.8
Melton,flat,1,3337.0,7,2027 Q2,350.0,362.41,253.66,471.16
Melton,flat,2,3337.0,7,2027 Q2,365.0,388.09,279.34,496.83
Melton,flat,3,3337.0,7,2027 Q2,400.0,426.63,317.88,535.38
Melton,house,2,3337.0,7,2027 Q2,375.0,395.62,286.87,504.37
Melton,house,3,3337.0,7,2027 Q2,420.0,446.18,337.44,554.93
Melton,house,4,3337.0,7,2027 Q2,470.0,500.43,391.68,609.18
Mentone-Parkdale-Mordialloc,flat,1,3194.0,7,2027 Q2,405.0,437.14,328.39,545.89
Mentone-Parkdale-Mordialloc,flat,2,3194.0,7,2027 Q2,550.0,579.95,471.2,688.7
Mentone-Parkdale-Mordialloc,flat,3,3194.0,7,2027 Q2,720.0,739.68,630.93,848.43
Mentone-Parkdale-Mordialloc,house,2,3194.0,7,2027 Q2,600.0,626.32,517.57,735.07
Mentone-Parkdale-Mordialloc,house,3,3194.0,7,2027 Q2,750.0,773.69,664.94,882.44
Mentone-Parkdale-Mordialloc,house,4,3194.0,7,2027 Q2,910.0,926.48,817.73,1035.23
Mildura,flat,1,3500.0,7,2027 Q2,280.0,301.94,193.19,410.69
Mildura,flat,2,3500.0,7,2027 Q2,350.0,374.76,266.01,483.5
Mildura,flat,3,3500.0,7,2027 Q2,450.0,474.09,365.35,582.84
Mildura,house,2,3500.0,7,2027 Q2,380.0,402.97,294.22,511.72
Mildura,house,3,3500.0,7,2027 Q2,480.0,505.13,396.38,613.88
Mildura,house,4,3500.0,7,2027 Q2,580.0,604.59,495.84,713.34
Mill Park-Epping,flat,1,3076.0,7,2027 Q2,400.0,418.44,309.69,527.19
Mill Park-Epping,flat,2,3076.0,7,2027 Q2,450.0,470.34,361.59,579.08
Mill Park-Epping,flat,3,3076.0,7,2027 Q2,520.0,545.92,437.17,654.66
Mill Park-Epping,house,2,3076.0,7,2027 Q2,480.0,500.49,391.75,609.24
Mill Park-Epping,house,3,3076.0,7,2027 Q2,530.0,554.74,445.99,663.49
Mill Park-Epping,house,4,3076.0,7,2027 Q2,600.0,626.09,517.34,734.83
Moe-Newborough,flat,1,3825.0,7,2027 Q2,250.0,270.09,161.34,378.84
Moe-Newborough,flat,2,3825.0,7,2027 Q2,310.0,334.65,225.9,443.4
Moe-Newborough,house,2,3825.0,7,2027 Q2,350.0,372.35,263.6,481.1
Moe-Newborough,house,3,3825.0,7,2027 Q2,420.0,446.35,337.6,555.1
Moe-Newborough,house,4,3825.0,7,2027 Q2,525.0,545.83,437.08,654.58
Moonee Ponds-Ascot Vale,flat,1,3039.0,7,2027 Q2,450.0,477.71,368.96,586.46
Moonee Ponds-Ascot Vale,flat,2,3039.0,7,2027 Q2,550.0,579.69,470.94,688.44
Moonee Ponds-Ascot Vale,flat,3,3039.0,7,2027 Q2,730.0,751.36,642.61,860.1
Moonee Ponds-Ascot Vale,house,2,3039.0,7,2027 Q2,620.0,642.87,534.12,751.61
Moonee Ponds-Ascot Vale,house,3,3039.0,7,2027 Q2,750.0,775.85,667.1,884.6
Moonee Ponds-Ascot Vale,house,4,3039.0,7,2027 Q2,995.0,1006.4,897.66,1115.15
Morwell,flat,1,3840.0,7,2027 Q2,275.0,295.49,186.74,404.24
Morwell,flat,2,3840.0,7,2027 Q2,320.0,345.17,236.42,453.92
Morwell,house,2,3840.0,7,2027 Q2,350.0,373.56,264.81,482.31
Morwell,house,3,3840.0,7,2027 Q2,400.0,427.22,318.47,535.97
Morwell,house,4,3840.0,7,2027 Q2,493.0,522.58,413.83,631.33
Mount Clear-Buninyong,flat,2,3357.0,7,2027 Q2,360.0,383.94,275.2,492.69
Mount Clear-Buninyong,flat,3,3357.0,7,2027 Q2,390.0,419.8,311.05,528.54
Mount Clear-Buninyong,house,3,3357.0,7,2027 Q2,430.0,460.1,351.35,568.84
Mount Clear-Buninyong,house,4,3357.0,7,2027 Q2,480.0,510.4,401.65,619.15
Mount Waverley,flat,1,3149.0,7,2027 Q2,280.0,321.36,212.61,430.11
Mount Waverley,flat,2,3149.0,7,2027 Q2,540.0,567.75,459.0,676.5
Mount Waverley,flat,3,3149.0,7,2027 Q2,700.0,722.84,614.09,831.59
Mount Waverley,house,2,3149.0,7,2027 Q2,570.0,595.62,486.87,704.36
Mount Waverley,house,3,3149.0,7,2027 Q2,660.0,685.22,576.47,793.97
Mount Waverley,house,4,3149.0,7,2027 Q2,800.0,820.93,712.18,929.68
Mt Eliza-Mornington-Mt Martha,flat,2,3930.0,7,2027 Q2,535.0,560.55,451.8,669.3
Mt Eliza-Mornington-Mt Martha,flat,3,3930.0,7,2027 Q2,650.0,674.65,565.9,783.4
Mt Eliza-Mornington-Mt Martha,house,2,3930.0,7,2027 Q2,533.0,557.6,448.85,666.35
Mt Eliza-Mornington-Mt Martha,house,3,3930.0,7,2027 Q2,675.0,697.3,588.55,806.05
Mt Eliza-Mornington-Mt Martha,house,4,3930.0,7,2027 Q2,895.0,907.15,798.4,1015.9
Murrumbeena-Hughesdale,flat,1,3163.0,7,2027 Q2,405.0,435.81,327.06,544.56
Murrumbeena-Hughesdale,flat,2,3163.0,7,2027 Q2,570.0,596.6,487.85,705.35
Murrumbeena-Hughesdale,flat,3,3163.0,7,2027 Q2,750.0,778.08,669.33,886.83
Murrumbeena-Hughesdale,house,2,3163.0,7,2027 Q2,590.0,616.72,507.97,725.47
Murrumbeena-Hughesdale,house,3,3163.0,7,2027 Q2,730.0,749.5,640.75,858.25
Murrumbeena-Hughesdale,house,4,3163.0,7,2027 Q2,1050.0,1063.21,954.46,1171.95
Narre Warren-Hampton Park,flat,1,3805.0,7,2027 Q2,323.0,338.79,230.04,447.53
Narre Warren-Hampton Park,flat,2,3805.0,7,2027 Q2,470.0,490.23,381.48,598.98
Narre Warren-Hampton Park,flat,3,3805.0,7,2027 Q2,545.0,570.68,461.93,679.43
Narre Warren-Hampton Park,house,2,3805.0,7,2027 Q2,475.0,494.73,385.98,603.48
Narre Warren-Hampton Park,house,3,3805.0,7,2027 Q2,550.0,574.92,466.18,683.67
Narre Warren-Hampton Park,house,4,3805.0,7,2027 Q2,640.0,664.25,555.5,773.0
Newport-Spotswood,flat,1,3015.0,7,2027 Q2,455.0,478.13,369.38,586.87
Newport-Spotswood,flat,2,3015.0,7,2027 Q2,575.0,595.31,486.56,704.05
Newport-Spotswood,flat,3,3015.0,7,2027 Q2,725.0,740.74,631.99,849.49
Newport-Spotswood,house,2,3015.0,7,2027 Q2,580.0,607.46,498.71,716.21
Newport-Spotswood,house,3,3015.0,7,2027 Q2,700.0,721.13,612.38,829.87
Newport-Spotswood,house,4,3015.0,7,2027 Q2,925.0,939.79,831.04,1048.54
Newtown,flat,1,3220.0,7,2027 Q2,318.0,342.63,233.88,451.38
Newtown,flat,2,3220.0,7,2027 Q2,440.0,464.78,356.03,573.53
Newtown,flat,3,3220.0,7,2027 Q2,590.0,613.92,505.17,722.67
Newtown,house,2,3220.0,7,2027 Q2,485.0,511.29,402.54,620.04
Newtown,house,3,3220.0,7,2027 Q2,570.0,593.37,484.63,702.12
Newtown,house,4,3220.0,7,2027 Q2,700.0,718.62,609.87,827.36
Noble Park,flat,1,3174.0,7,2027 Q2,370.0,393.26,284.51,502.0
Noble Park,flat,2,3174.0,7,2027 Q2,495.0,515.72,406.97,624.47
Noble Park,flat,3,3174.0,7,2027 Q2,580.0,601.88,493.14,710.63
Noble Park,house,2,3174.0,7,2027 Q2,480.0,500.37,391.62,609.11
Noble Park,house,3,3174.0,7,2027 Q2,550.0,573.47,464.72,682.22
Noble Park,house,4,3174.0,7,2027 Q2,630.0,654.23,545.49,762.98
North Bendigo,flat,1,3550.0,7,2027 Q2,320.0,350.68,241.93,459.42
North Bendigo,flat,2,3550.0,7,2027 Q2,398.0,424.44,315.69,533.19
North Bendigo,flat,3,3550.0,7,2027 Q2,475.0,506.96,398.21,615.7
North Bendigo,house,2,3550.0,7,2027 Q2,420.0,445.87,337.13,554.62
North Bendigo,house,3,3550.0,7,2027 Q2,480.0,508.66,399.92,617.41
North Bendigo,house,4,3550.0,7,2027 Q2,550.0,581.19,472.44,689.93
North Geelong,flat,1,3215.0,7,2027 Q2,330.0,353.28,244.53,462.02
North Geelong,flat,2,3215.0,7,2027 Q2,420.0,442.78,334.03,551.52
North Geelong,flat,3,3215.0,7,2027 Q2,500.0,524.43,415.68,633.18
North Geelong,house,2,3215.0,7,2027 Q2,440.0,463.31,354.57,572.06
North Geelong,house,3,3215.0,7,2027 Q2,495.0,524.2,415.45,632.95
North Geelong,house,4,3215.0,7,2027 Q2,580.0,608.54,499.8,717.29
North Melbourne-West Melbourne,flat,1,3051.0,7,2027 Q2,525.0,557.69,448.94,666.43
North Melbourne-West Melbourne,flat,2,3051.0,7,2027 Q2,660.0,688.6,579.85,797.34
North Melbourne-West Melbourne,flat,3,3051.0,7,2027 Q2,882.0,897.4,788.65,1006.14
North Melbourne-West Melbourne,house,2,3051.0,7,2027 Q2,650.0,679.27,570.52,788.01
North Melbourne-West Melbourne,house,3,3051.0,7,2027 Q2,853.0,873.82,765.07,982.57
North Melbourne-West Melbourne,house,4,3051.0,7,2027 Q2,1080.0,1091.9,983.15,1200.65
Northcote,flat,1,3070.0,7,2027 Q2,420.0,453.05,344.3,561.8
Northcote,flat,2,3070.0,7,2027 Q2,600.0,626.95,518.2,735.7
Northcote,flat,3,3070.0,7,2027 Q2,850.0,869.78,761.03,978.53
Northcote,house,2,3070.0,7,2027 Q2,700.0,719.59,610.84,828.33
Northcote,house,3,3070.0,7,2027 Q2,850.0,865.19,756.44,973.94
Northcote,house,4,3070.0,7,2027 Q2,1250.0,1256.06,1147.32,1364.81
Nunawading-Mitcham,flat,1,3132.0,7,2027 Q2,435.0,458.08,349.33,566.83
Nunawading-Mitcham,flat,2,3132.0,7,2027 Q2,520.0,545.78,437.03,654.53
Nunawading-Mitcham,flat,3,3132.0,7,2027 Q2,650.0,670.11,561.36,778.85
Nunawading-Mitcham,house,2,3132.0,7,2027 Q2,525.0,551.68,442.93,660.43
Nunawading-Mitcham,house,3,3132.0,7,2027 Q2,625.0,652.73,543.99,761.48
Nunawading-Mitcham,house,4,3132.0,7,2027 Q2,745.0,770.46,661.71,879.21
Oak Park-Glenroy-Fawkner,flat,1,3046.0,7,2027 Q2,385.0,406.66,297.91,515.4
Oak Park-Glenroy-Fawkner,flat,2,3046.0,7,2027 Q2,490.0,511.91,403.16,620.66
Oak Park-Glenroy-Fawkner,flat,3,3046.0,7,2027 Q2,600.0,619.5,510.75,728.25
Oak Park-Glenroy-Fawkner,house,2,3046.0,7,2027 Q2,500.0,522.03,413.28,630.77
Oak Park-Glenroy-Fawkner,house,3,3046.0,7,2027 Q2,551.0,576.19,467.44,684.94
Oak Park-Glenroy-Fawkner,house,4,3046.0,7,2027 Q2,660.0,685.93,577.18,794.68
Ocean Grove-Barwon Heads,flat,2,3226.0,7,2027 Q2,468.0,490.93,382.18,599.67
Ocean Grove-Barwon Heads,flat,3,3226.0,7,2027 Q2,560.0,579.37,470.62,688.12
Ocean Grove-Barwon Heads,house,2,3226.0,7,2027 Q2,520.0,544.07,435.32,652.82
Ocean Grove-Barwon Heads,house,3,3226.0,7,2027 Q2,550.0,574.75,466.0,683.49
Ocean Grove-Barwon Heads,house,4,3226.0,7,2027 Q2,650.0,676.43,567.68,785.18
Pakenham,flat,2,3810.0,7,2027 Q2,450.0,472.17,363.42,580.92
Pakenham,flat,3,3810.0,7,2027 Q2,500.0,526.3,417.56,635.05
Pakenham,house,2,3810.0,7,2027 Q2,460.0,482.48,373.73,591.23
Pakenham,house,3,3810.0,7,2027 Q2,530.0,555.58,446.83,664.33
Pakenham,house,4,3810.0,7,2027 Q2,590.0,617.5,508.75,726.24
Pascoe Vale-Coburg North,flat,1,3044.0,7,2027 Q2,280.0,310.35,201.6,419.1
Pascoe Vale-Coburg North,flat,2,3044.0,7,2027 Q2,500.0,521.09,412.34,629.84
Pascoe Vale-Coburg North,flat,3,3044.0,7,2027 Q2,628.0,648.89,540.14,757.64
Pascoe Vale-Coburg North,house,2,3044.0,7,2027 Q2,540.0,560.97,452.23,669.72
Pascoe Vale-Coburg North,house,3,3044.0,7,2027 Q2,620.0,641.74,532.99,750.49
Pascoe Vale-Coburg North,house,4,3044.0,7,2027 Q2,785.0,798.4,689.65,907.15
Port Melbourne,flat,1,3207.0,7,2027 Q2,550.0,582.14,473.39,690.88
Port Melbourne,flat,2,3207.0,7,2027 Q2,745.0,772.68,663.93,881.43
Port Melbourne,flat,3,3207.0,7,2027 Q2,1175.0,1180.42,1071.67,1289.17
Port Melbourne,house,2,3207.0,7,2027 Q2,740.0,770.28,661.53,879.03
Port Melbourne,house,3,3207.0,7,2027 Q2,980.0,992.93,884.18,1101.68
Port Melbourne,house,4,3207.0,7,2027 Q2,1125.0,1131.54,1022.8,1240.29
Portland,flat,1,3305.0,7,2027 Q2,345.0,363.34,254.59,472.08
Portland,flat,2,3305.0,7,2027 Q2,350.0,370.55,261.81,479.3
Portland,flat,3,3305.0,7,2027 Q2,475.0,502.16,393.41,610.9
Portland,house,2,3305.0,7,2027 Q2,380.0,399.36,290.61,508.11
Portland,house,3,3305.0,7,2027 Q2,430.0,454.96,346.21,563.71
Portland,house,4,3305.0,7,2027 Q2,565.0,584.92,476.17,693.67
Prahran-Windsor,flat,1,3181.0,7,2027 Q2,460.0,499.68,390.93,608.43
Prahran-Windsor,flat,2,3181.0,7,2027 Q2,650.0,683.59,574.84,792.34
Prahran-Windsor,flat,3,3181.0,7,2027 Q2,950.0,969.15,860.41,1077.9
Prahran-Windsor,house,2,3181.0,7,2027 Q2,775.0,797.77,689.02,906.52
Prahran-Windsor,house,3,3181.0,7,2027 Q2,975.0,989.59,880.84,1098.34
Prahran-Windsor,house,4,3181.0,7,2027 Q2,1350.0,1342.41,1233.66,1451.15
Preston,flat,1,3072.0,7,2027 Q2,440.0,469.35,360.6,578.1
Preston,flat,2,3072.0,7,2027 Q2,550.0,576.35,467.6,685.1
Preston,flat,3,3072.0,7,2027 Q2,695.0,716.03,607.29,824.78
Preston,house,2,3072.0,7,2027 Q2,588.0,612.0,503.25,720.75
Preston,house,3,3072.0,7,2027 Q2,675.0,702.18,593.43,810.93
Preston,house,4,3072.0,7,2027 Q2,925.0,942.06,833.31,1050.8
Reservoir,flat,1,3073.0,7,2027 Q2,400.0,422.04,313.29,530.79
Reservoir,flat,2,3073.0,7,2027 Q2,500.0,523.61,414.86,632.36
Reservoir,flat,3,3073.0,7,2027 Q2,620.0,643.86,535.11,752.61
Reservoir,house,2,3073.0,7,2027 Q2,500.0,523.42,414.68,632.17
Reservoir,house,3,3073.0,7,2027 Q2,560.0,587.98,479.23,696.73
Reservoir,house,4,3073.0,7,2027 Q2,700.0,728.59,619.84,837.33
Richmond-Burnley,flat,1,3121.0,7,2027 Q2,510.0,548.68,439.93,657.42
Richmond-Burnley,flat,2,3121.0,7,2027 Q2,700.0,730.05,621.31,838.8
Richmond-Burnley,flat,3,3121.0,7,2027 Q2,1000.0,1010.81,902.06,1119.56
Richmond-Burnley,house,2,3121.0,7,2027 Q2,750.0,778.19,669.45,886.94
Richmond-Burnley,house,3,3121.0,7,2027 Q2,990.0,1007.95,899.2,1116.7
Richmond-Burnley,house,4,3121.0,7,2027 Q2,1315.0,1314.3,1205.55,1423.05
Ringwood,flat,1,3134.0,7,2027 Q2,440.0,464.36,355.61,573.11
Ringwood,flat,2,3134.0,7,2027 Q2,520.0,545.14,436.39,653.89
Ringwood,flat,3,3134.0,7,2027 Q2,620.0,642.13,533.38,750.88
Ringwood,house,2,3134.0,7,2027 Q2,520.0,545.36,436.61,654.1
Ringwood,house,3,3134.0,7,2027 Q2,600.0,626.13,517.38,734.88
Ringwood,house,4,3134.0,7,2027 Q2,710.0,735.08,626.33,843.83
Rowville,flat,2,3178.0,7,2027 Q2,530.0,548.16,439.41,656.91
Rowville,flat,3,3178.0,7,2027 Q2,628.0,647.08,538.33,755.82
Rowville,house,3,3178.0,7,2027 Q2,600.0,621.38,512.63,730.12
Rowville,house,4,3178.0,7,2027 Q2,725.0,743.96,635.21,852.71
Sale-Maffra,flat,1,3850.0,7,2027 Q2,253.0,277.14,168.39,385.89
Sale-Maffra,flat,2,3850.0,7,2027 Q2,360.0,384.0,275.25,492.75
Sale-Maffra,flat,3,3850.0,7,2027 Q2,470.0,495.11,386.36,603.86
Sale-Maffra,house,2,3850.0,7,2027 Q2,400.0,424.46,315.71,533.21
Sale-Maffra,house,3,3850.0,7,2027 Q2,450.0,476.95,368.2,585.69
Sale-Maffra,house,4,3850.0,7,2027 Q2,550.0,579.05,470.3,687.79
Seaford-Carrum Downs,flat,1,3198.0,7,2027 Q2,380.0,405.14,296.4,513.89
Seaford-Carrum Downs,flat,2,3198.0,7,2027 Q2,470.0,494.64,385.89,603.39
Seaford-Carrum Downs,flat,3,3198.0,7,2027 Q2,560.0,585.44,476.7,694.19
Seaford-Carrum Downs,house,2,3198.0,7,2027 Q2,490.0,514.91,406.16,623.66
Seaford-Carrum Downs,house,3,3198.0,7,2027 Q2,560.0,587.6,478.85,696.35
Seaford-Carrum Downs,house,4,3198.0,7,2027 Q2,660.0,686.06,577.31,794.8
Sebastopol-Delacombe,flat,1,3356.0,7,2027 Q2,300.0,315.3,206.55,424.05
Sebastopol-Delacombe,flat,2,3356.0,7,2027 Q2,350.0,371.61,262.86,480.36
Sebastopol-Delacombe,flat,3,3356.0,7,2027 Q2,390.0,416.13,307.39,524.88
Sebastopol-Delacombe,house,2,3356.0,7,2027 Q2,360.0,382.91,274.17,491.66
Sebastopol-Delacombe,house,3,3356.0,7,2027 Q2,400.0,427.43,318.69,536.18
Sebastopol-Delacombe,house,4,3356.0,7,2027 Q2,455.0,485.96,377.21,594.71
Seymour,flat,1,3660.0,7,2027 Q2,275.0,294.2,185.45,402.94
Seymour,flat,2,3660.0,7,2027 Q2,360.0,382.19,273.44,490.94
Seymour,house,2,3660.0,7,2027 Q2,380.0,398.5,289.75,507.25
Seymour,house,3,3660.0,7,2027 Q2,420.0,447.14,338.39,555.88
Seymour,house,4,3660.0,7,2027 Q2,530.0,555.62,446.87,664.37
Shepparton,flat,1,3630.0,7,2027 Q2,290.0,313.1,204.35,421.84
Shepparton,flat,2,3630.0,7,2027 Q2,385.0,410.04,301.29,518.79
Shepparton,flat,3,3630.0,7,2027 Q2,490.0,512.65,403.9,621.4
Shepparton,house,2,3630.0,7,2027 Q2,390.0,413.7,304.96,522.45
Shepparton,house,3,3630.0,7,2027 Q2,475.0,501.99,393.24,610.74
Shepparton,house,4,3630.0,7,2027 Q2,590.0,614.74,505.99,723.49
South Melbourne,flat,1,3205.0,7,2027 Q2,548.0,579.94,471.19,688.69
South Melbourne,flat,2,3205.0,7,2027 Q2,700.0,728.2,619.45,836.95
South Melbourne,flat,3,3205.0,7,2027 Q2,950.0,958.96,850.21,1067.7
South Melbourne,house,2,3205.0,7,2027 Q2,750.0,777.75,669.01,886.5
South Melbourne,house,3,3205.0,7,2027 Q2,950.0,958.8,850.05,1067.55
South Yarra,flat,1,3141.0,7,2027 Q2,500.0,536.29,427.55,645.04
South Yarra,flat,2,3141.0,7,2027 Q2,700.0,727.28,618.53,836.03
South Yarra,flat,3,3141.0,7,2027 Q2,1100.0,1109.49,1000.74,1218.24
South Yarra,house,2,3141.0,7,2027 Q2,780.0,802.24,693.49,910.99
South Yarra,house,3,3141.0,7,2027 Q2,1100.0,1102.27,993.52,1211.02
South Yarra,house,4,3141.0,7,2027 Q2,1700.0,1656.6,1547.85,1765.35
Southbank,flat,1,3006.0,7,2027 Q2,570.0,606.61,497.86,715.35
Southbank,flat,2,3006.0,7,2027 Q2,720.0,749.56,640.81,858.31
Southbank,flat,3,3006.0,7,2027 Q2,1010.0,1022.19,913.44,1130.93
Springvale,flat,1,3171.0,7,2027 Q2,370.0,397.29,288.55,506.04
Springvale,flat,2,3171.0,7,2027 Q2,520.0,544.37,435.62,653.12
Springvale,flat,3,3171.0,7,2027 Q2,650.0,672.88,564.13,781.63
Springvale,house,2,3171.0,7,2027 Q2,510.0,534.74,425.99,643.49
Springvale,house,3,3171.0,7,2027 Q2,570.0,598.72,489.97,707.47
Springvale,house,4,3171.0,7,2027 Q2,683.0,710.22,601.47,818.97
St Albans-Deer Park,flat,1,3021.0,7,2027 Q2,330.0,351.63,242.88,460.38
St Albans-Deer Park,flat,2,3021.0,7,2027 Q2,420.0,442.13,333.38,550.88
St Albans-Deer Park,flat,3,3021.0,7,2027 Q2,482.0,506.87,398.12,615.62
St Albans-Deer Park,house,2,3021.0,7,2027 Q2,420.0,441.47,332.72,550.22
St Albans-Deer Park,house,3,3021.0,7,2027 Q2,470.0,497.66,388.91,606.41
St Albans-Deer Park,house,4,3021.0,7,2027 Q2,550.0,579.72,470.97,688.47
St Kilda,flat,1,3182.0,7,2027 Q2,465.0,499.1,390.35,607.85
St Kilda,flat,2,3182.0,7,2027 Q2,630.0,658.99,550.25,767.74
St Kilda,flat,3,3182.0,7,2027 Q2,890.0,892.56,783.81,1001.3
St Kilda,house,2,3182.0,7,2027 Q2,728.0,743.86,635.11,852.61
St Kilda,house,3,3182.0,7,2027 Q2,950.0,962.46,853.71,1071.21
St Kilda,house,4,3182.0,7,2027 Q2,1105.0,1098.94,990.19,1207.69
Sunbury,flat,2,3429.0,7,2027 Q2,440.0,463.64,354.9,572.39
Sunbury,flat,3,3429.0,7,2027 Q2,480.0,506.39,397.64,615.14
Sunbury,house,2,3429.0,7,2027 Q2,440.0,462.56,353.81,571.31
Sunbury,house,3,3429.0,7,2027 Q2,490.0,517.69,408.94,626.44
Sunbury,house,4,3429.0,7,2027 Q2,570.0,596.99,488.24,705.73
Sunshine,flat,1,3020.0,7,2027 Q2,330.0,351.58,242.83,460.33
Sunshine,flat,2,3020.0,7,2027 Q2,410.0,430.7,321.95,539.45
Sunshine,flat,3,3020.0,7,2027 Q2,530.0,551.07,442.32,659.82
Sunshine,house,2,3020.0,7,2027 Q2,460.0,480.49,371.74,589.23
Sunshine,house,3,3020.0,7,2027 Q2,495.0,523.09,414.35,631.84
Sunshine,house,4,3020.0,7,2027 Q2,600.0,626.99,518.25,735.74
Swan Hill,flat,1,3585.0,7,2027 Q2,245.0,269.6,160.85,378.35
Swan Hill,flat,2,3585.0,7,2027 Q2,355.0,376.62,267.87,485.37
Swan Hill,house,3,3585.0,7,2027 Q2,475.0,501.69,392.94,610.44
Swan Hill,house,4,3585.0,7,2027 Q2,560.0,583.49,474.74,692.24
Sydenham,flat,2,3037.0,7,2027 Q2,450.0,468.61,359.86,577.36
Sydenham,flat,3,3037.0,7,2027 Q2,460.0,484.37,375.62,593.12
Sydenham,house,2,3037.0,7,2027 Q2,440.0,460.93,352.18,569.68
Sydenham,house,3,3037.0,7,2027 Q2,480.0,505.75,397.0,614.5
Sydenham,house,4,3037.0,7,2027 Q2,530.0,558.82,450.07,667.57
Thomastown-Lalor,flat,1,3074.0,7,2027 Q2,375.0,394.57,285.82,503.32
Thomastown-Lalor,flat,2,3074.0,7,2027 Q2,450.0,470.77,362.03,579.52
Thomastown-Lalor,flat,3,3074.0,7,2027 Q2,501.0,525.47,416.72,634.22
Thomastown-Lalor,house,2,3074.0,7,2027 Q2,470.0,492.98,384.23,601.73
Thomastown-Lalor,house,3,3074.0,7,2027 Q2,510.0,536.32,427.57,645.07
Thomastown-Lalor,house,4,3074.0,7,2027 Q2,590.0,617.98,509.23,726.73
Thornbury,flat,1,3071.0,7,2027 Q2,400.0,433.17,324.42,541.91
Thornbury,flat,2,3071.0,7,2027 Q2,520.0,552.54,443.79,661.29
Thornbury,flat,3,3071.0,7,2027 Q2,748.0,772.12,663.38,880.87
Thornbury,house,2,3071.0,7,2027 Q2,650.0,670.23,561.48,778.98
Thornbury,house,3,3071.0,7,2027 Q2,798.0,817.79,709.04,926.54
Thornbury,house,4,3071.0,7,2027 Q2,960.0,966.74,857.99,1075.49
Toorak,flat,1,3142.0,7,2027 Q2,445.0,479.97,371.22,588.72
Toorak,flat,2,3142.0,7,2027 Q2,650.0,675.4,566.65,784.14
Toorak,flat,3,3142.0,7,2027 Q2,1000.0,1009.13,900.38,1117.88
Toorak,house,2,3142.0,7,2027 Q2,695.0,717.72,608.98,826.47
Toorak,house,3,3142.0,7,2027 Q2,1250.0,1232.53,1123.78,1341.28
Toorak,house,4,3142.0,7,2027 Q2,1875.0,1829.92,1721.17,1938.67
Torquay,flat,2,3228.0,7,2027 Q2,500.0,524.29,415.54,633.04
Torquay,flat,3,3228.0,7,2027 Q2,660.0,683.34,574.59,792.09
Torquay,house,2,3228.0,7,2027 Q2,535.0,555.2,446.45,663.95
Torquay,house,3,3228.0,7,2027 Q2,650.0,671.65,562.9,780.4
Torquay,house,4,3228.0,7,2027 Q2,750.0,777.45,668.71,886.2
Traralgon,flat,1,3844.0,7,2027 Q2,293.0,317.11,208.36,425.86
Traralgon,flat,2,3844.0,7,2027 Q2,365.0,390.64,281.89,499.38
Traralgon,flat,3,3844.0,7,2027 Q2,488.0,516.1,407.35,624.85
Traralgon,house,2,3844.0,7,2027 Q2,390.0,414.93,306.18,523.67
Traralgon,house,3,3844.0,7,2027 Q2,460.0,489.33,380.58,598.08
Traralgon,house,4,3844.0,7,2027 Q2,580.0,608.59,499.84,717.34
Vermont-Forest Hill-Burwood East,flat,1,3133.0,7,2027 Q2,530.0,545.5,436.75,654.24
Vermont-Forest Hill-Burwood East,flat,2,3133.0,7,2027 Q2,578.0,598.86,490.11,707.61
Vermont-Forest Hill-Burwood East,flat,3,3133.0,7,2027 Q2,650.0,669.92,561.17,778.67
Vermont-Forest Hill-Burwood East,house,2,3133.0,7,2027 Q2,540.0,563.6,454.85,672.34
Vermont-Forest Hill-Burwood East,house,3,3133.0,7,2027 Q2,630.0,657.34,548.59,766.08
Vermont-Forest Hill-Burwood East,house,4,3133.0,7,2027 Q2,750.0,772.59,663.84,881.33
Wanagaratta,flat,1,3677.0,7,2027 Q2,267.0,285.85,177.1,394.6
Wanagaratta,flat,2,3677.0,7,2027 Q2,350.0,372.84,264.09,481.58
Wanagaratta,flat,3,3677.0,7,2027 Q2,420.0,440.96,332.21,549.71
Wanagaratta,house,2,3677.0,7,2027 Q2,400.0,421.85,313.1,530.59
Wanagaratta,house,3,3677.0,7,2027 Q2,480.0,506.46,397.71,615.2
Wanagaratta,house,4,3677.0,7,2027 Q2,555.0,577.35,468.6,686.1
Wantirna-Scoresby,flat,1,3152.0,7,2027 Q2,287.0,301.19,192.44,409.94
Wantirna-Scoresby,flat,2,3152.0,7,2027 Q2,510.0,527.17,418.42,635.92
Wantirna-Scoresby,flat,3,3152.0,7,2027 Q2,610.0,631.92,523.17,740.66
Wantirna-Scoresby,house,2,3152.0,7,2027 Q2,550.0,571.15,462.41,679.9
Wantirna-Scoresby,house,3,3152.0,7,2027 Q2,597.0,622.14,513.39,730.89
Wantirna-Scoresby,house,4,3152.0,7,2027 Q2,700.0,722.69,613.94,831.44
Warragul,flat,2,3820.0,7,2027 Q2,410.0,434.58,325.83,543.33
Warragul,house,2,3820.0,7,2027 Q2,420.0,443.53,334.78,552.28
Warragul,house,3,3820.0,7,2027 Q2,483.0,510.18,401.43,618.93
Warragul,house,4,3820.0,7,2027 Q2,590.0,616.55,507.81,725.3
Warrnambool,flat,1,3280.0,7,2027 Q2,345.0,368.81,260.06,477.56
Warrnambool,flat,2,3280.0,7,2027 Q2,420.0,445.31,336.56,554.06
Warrnambool,flat,3,3280.0,7,2027 Q2,500.0,524.91,416.16,633.66
Warrnambool,house,2,3280.0,7,2027 Q2,450.0,471.64,362.89,580.39
Warrnambool,house,3,3280.0,7,2027 Q2,550.0,573.91,465.16,682.66
Warrnambool,house,4,3280.0,7,2027 Q2,680.0,703.62,594.87,812.36
Wendouree-Alfredton,flat,1,3355.0,7,2027 Q2,285.0,303.51,194.76,412.25
Wendouree-Alfredton,flat,2,3355.0,7,2027 Q2,350.0,371.57,262.82,480.32
Wendouree-Alfredton,flat,3,3355.0,7,2027 Q2,413.0,438.7,329.95,547.45
Wendouree-Alfredton,house,2,3355.0,7,2027 Q2,370.0,391.3,282.55,500.05
Wendouree-Alfredton,house,3,3355.0,7,2027 Q2,410.0,436.83,328.08,545.57
Wendouree-Alfredton,house,4,3355.0,7,2027 Q2,480.0,510.41,401.66,619.16
Werribee-Hoppers Crossing,flat,1,3030.0,7,2027 Q2,350.0,366.68,257.93,475.43
Werribee-Hoppers Crossing,flat,2,3030.0,7,2027 Q2,405.0,425.19,316.45,533.94
Werribee-Hoppers Crossing,flat,3,3030.0,7,2027 Q2,450.0,474.0,365.25,582.75
Werribee-Hoppers Crossing,house,2,3030.0,7,2027 Q2,420.0,440.77,332.02,549.52
Werribee-Hoppers Crossing,house,3,3030.0,7,2027 Q2,460.0,484.12,375.37,592.86
Werribee-Hoppers Crossing,house,4,3030.0,7,2027 Q2,525.0,552.95,444.2,661.7
West Brunswick,flat,1,3055.0,7,2027 Q2,400.0,432.39,323.64,541.14
West Brunswick,flat,2,3055.0,7,2027 Q2,500.0,529.21,420.46,637.96
West Brunswick,flat,3,3055.0,7,2027 Q2,725.0,748.33,639.58,857.08
West Brunswick,house,2,3055.0,7,2027 Q2,590.0,613.89,505.15,722.64
West Brunswick,house,3,3055.0,7,2027 Q2,755.0,774.84,666.09,883.59
West Brunswick,house,4,3055.0,7,2027 Q2,1000.0,1021.36,912.61,1130.11
West Footscray,flat,1,3012.0,7,2027 Q2,365.0,393.28,284.53,502.03
West Footscray,flat,2,3012.0,7,2027 Q2,475.0,499.87,391.12,608.62
West Footscray,flat,3,3012.0,7,2027 Q2,620.0,644.15,535.4,752.9
West Footscray,house,2,3012.0,7,2027 Q2,500.0,523.99,415.24,632.73
West Footscray,house,3,3012.0,7,2027 Q2,600.0,624.51,515.76,733.26
West Footscray,house,4,3012.0,7,2027 Q2,725.0,749.15,640.4,857.9
Whittlesea,flat,2,3757.0,7,2027 Q2,440.0,458.01,349.26,566.76
Whittlesea,flat,3,3757.0,7,2027 Q2,500.0,521.69,412.94,630.44
Whittlesea,house,2,3757.0,7,2027 Q2,450.0,469.01,360.27,577.76
Whittlesea,house,3,3757.0,7,2027 Q2,510.0,532.4,423.65,641.15
Whittlesea,house,4,3757.0,7,2027 Q2,550.0,575.74,467.0,684.49
Williamstown,flat,1,3016.0,7,2027 Q2,420.0,440.42,331.67,549.17
Williamstown,flat,2,3016.0,7,2027 Q2,523.0,550.11,441.36,658.86
Williamstown,flat,3,3016.0,7,2027 Q2,670.0,696.91,588.16,805.65
Williamstown,house,2,3016.0,7,2027 Q2,600.0,620.91,512.16,729.66
Williamstown,house,3,3016.0,7,2027 Q2,800.0,819.67,710.92,928.41
Williamstown,house,4,3016.0,7,2027 Q2,1000.0,1015.53,906.78,1124.28
Wodonga,flat,1,3690.0,7,2027 Q2,290.0,314.65,205.9,423.39
Wodonga,flat,2,3690.0,7,2027 Q2,385.0,411.47,302.73,520.22
Wodonga,flat,3,3690.0,7,2027 Q2,450.0,476.32,367.57,585.07
Wodonga,house,2,3690.0,7,2027 Q2,418.0,439.6,330.85,548.35
Wodonga,house,3,3690.0,7,2027 Q2,500.0,525.2,416.45,633.95
Wodonga,house,4,3690.0,7,2027 Q2,590.0,615.41,506.66,724.16
Yarra Ranges,flat,1,3138.0,7,2027 Q2,350.0,372.9,264.15,481.65
Yarra Ranges,flat,2,3138.0,7,2027 Q2,488.0,515.44,406.69,624.18
Yarra Ranges,flat,3,3138.0,7,2027 Q2,550.0,576.58,467.84,685.33
Yarra Ranges,house,2,3138.0,7,2027 Q2,500.0,523.1,414.35,631.85
Yarra Ranges,house,3,3138.0,7,2027 Q2,595.0,620.13,511.38,728.88
Yarra Ranges,house,4,3138.0,7,2027 Q2,695.0,716.25,607.5,825.0
Yarraville-Seddon,flat,1,3013.0,7,2027 Q2,393.0,422.55,313.8,531.29
Yarraville-Seddon,flat,2,3013.0,7,2027 Q2,520.0,548.37,439.62,657.12
Yarraville-Seddon,flat,3,3013.0,7,2027 Q2,730.0,752.61,643.87,861.36
Yarraville-Seddon,house,2,3013.0,7,2027 Q2,600.0,619.52,510.77,728.26
Yarraville-Seddon,house,3,3013.0,7,2027 Q2,720.0,742.42,633.67,851.17
Yarraville-Seddon,house,4,3013.0,7,2027 Q2,850.0,864.45,755.7,973.2
Albert Park-Middle Park-West St Kilda,flat,1,3206.0,8,2027 Q3,450.0,491.89,375.56,608.22
Albert Park-Middle Park-West St Kilda,flat,2,3206.0,8,2027 Q3,643.0,675.68,559.35,792.01
Albert Park-Middle Park-West St Kilda,flat,3,3206.0,8,2027 Q3,825.0,837.63,721.3,953.96
Albert Park-Middle Park-West St Kilda,house,2,3206.0,8,2027 Q3,760.0,780.81,664.48,897.14
Albert Park-Middle Park-West St Kilda,house,3,3206.0,8,2027 Q3,1150.0,1151.38,1035.05,1267.71
Albert Park-Middle Park-West St Kilda,house,4,3206.0,8,2027 Q3,1400.0,1374.72,1258.39,1491.05
Altona,flat,1,3018.0,8,2027 Q3,385.0,412.52,296.19,528.85
Altona,flat,2,3018.0,8,2027 Q3,475.0,501.11,384.78,617.43
Altona,flat,3,3018.0,8,2027 Q3,550.0,577.04,460.71,693.37
Altona,house,2,3018.0,8,2027 Q3,490.0,516.72,400.39,633.05
Altona,house,3,3018.0,8,2027 Q3,530.0,561.69,445.36,678.01
Altona,house,4,3018.0,8,2027 Q3,580.0,615.38,499.05,731.71
Armadale,flat,1,3143.0,8,2027 Q3,450.0,490.3,373.97,606.63
Armadale,flat,2,3143.0,8,2027 Q3,650.0,683.95,567.63,800.28
Armadale,flat,3,3143.0,8,2027 Q3,1000.0,1025.03,908.7,1141.36
Armadale,house,2,3143.0,8,2027 Q3,830.0,855.74,739.41,972.07
Armadale,house,3,3143.0,8,2027 Q3,1100.0,1098.05,981.72,1214.38
Armadale,house,4,3143.0,8,2027 Q3,1738.0,1730.81,1614.48,1847.14
Aspendale-Chelsea-Carrum,flat,1,3195.0,8,2027 Q3,435.0,463.06,346.73,579.39
Aspendale-Chelsea-Carrum,flat,2,3195.0,8,2027 Q3,545.0,576.05,459.72,692.38
Aspendale-Chelsea-Carrum,flat,3,3195.0,8,2027 Q3,675.0,701.54,585.21,817.87
Aspendale-Chelsea-Carrum,house,2,3195.0,8,2027 Q3,550.0,579.73,463.4,696.06
Aspendale-Chelsea-Carrum,house,3,3195.0,8,2027 Q3,680.0,706.1,589.77,822.43
Aspendale-Chelsea-Carrum,house,4,3195.0,8,2027 Q3,870.0,889.47,773.14,1005.79
Bairnsdale,flat,1,3860.0,8,2027 Q3,290.0,314.09,197.76,430.42
Bairnsdale,flat,2,3860.0,8,2027 Q3,370.0,396.37,280.04,512.7
Bairnsdale,flat,3,3860.0,8,2027 Q3,458.0,485.99,369.66,602.32
Bairnsdale,house,2,3860.0,8,2027 Q3,390.0,416.2,299.87,532.53
Bairnsdale,house,3,3860.0,8,2027 Q3,460.0,489.55,373.22,605.88
Bairnsdale,house,4,3860.0,8,2027 Q3,550.0,578.71,462.38,695.04
Ballarat,flat,1,3350.0,8,2027 Q3,285.0,308.7,192.37,425.03
Ballarat,flat,2,3350.0,8,2027 Q3,360.0,386.55,270.22,502.88
Ballarat,flat,3,3350.0,8,2027 Q3,400.0,430.65,314.32,546.98
Ballarat,house,2,3350.0,8,2027 Q3,360.0,386.71,270.39,503.04
Ballarat,house,3,3350.0,8,2027 Q3,410.0,442.91,326.58,559.24
Ballarat,house,4,3350.0,8,2027 Q3,475.0,511.29,394.96,627.62
Balwyn,flat,1,3103.0,8,2027 Q3,500.0,530.21,413.88,646.54
Balwyn,flat,2,3103.0,8,2027 Q3,588.0,618.03,501.7,734.36
Balwyn,flat,3,3103.0,8,2027 Q3,798.0,816.78,700.45,933.11
Balwyn,house,2,3103.0,8,2027 Q3,570.0,600.75,484.42,717.08
Balwyn,house,3,3103.0,8,2027 Q3,750.0,780.92,664.59,897.25
Balwyn,house,4,3103.0,8,2027 Q3,1000.0,1009.85,893.52,1126.18
Bayswater,flat,1,3153.0,8,2027 Q3,393.0,421.9,305.57,538.23
Bayswater,flat,2,3153.0,8,2027 Q3,493.0,520.54,404.21,636.87
Bayswater,flat,3,3153.0,8,2027 Q3,590.0,615.19,498.86,731.52
Bayswater,house,2,3153.0,8,2027 Q3,500.0,525.27,408.94,641.6
Bayswater,house,3,3153.0,8,2027 Q3,590.0,619.02,502.69,735.35
Bayswater,house,4,3153.0,8,2027 Q3,675.0,706.61,590.28,822.94
Belmont-Grovedale,flat,1,3216.0,8,2027 Q3,340.0,371.2,254.87,487.53
Belmont-Grovedale,flat,2,3216.0,8,2027 Q3,430.0,459.78,343.45,576.11
Belmont-Grovedale,flat,3,3216.0,8,2027 Q3,500.0,533.83,417.5,650.16
Belmont-Grovedale,house,2,3216.0,8,2027 Q3,450.0,480.48,364.15,596.81
Belmont-Grovedale,house,3,3216.0,8,2027 Q3,500.0,535.34,419.01,651.67
Belmont-Grovedale,house,4,3216.0,8,2027 Q3,550.0,589.02,472.7,705.35
Benalla,flat,1,3672.0,8,2027 Q3,305.0,332.64,216.31,448.97
Benalla,flat,2,3672.0,8,2027 Q3,370.0,395.37,279.04,511.7
Benalla,house,2,3672.0,8,2027 Q3,380.0,405.02,288.69,521.35
Benalla,house,3,3672.0,8,2027 Q3,450.0,477.73,361.4,594.06
Benalla,house,4,3672.0,8,2027 Q3,570.0,601.2,484.87,717.53
Bendigo,flat,1,3550.0,8,2027 Q3,330.0,356.71,240.38,473.04
Bendigo,flat,2,3550.0,8,2027 Q3,400.0,425.23,308.9,541.56
Bendigo,house,2,3550.0,8,2027 Q3,470.0,493.71,377.38,610.04
Bendigo,house,3,3550.0,8,2027 Q3,480.0,511.25,394.92,627.58
Bendigo,house,4,3550.0,8,2027 Q3,580.0,615.21,498.88,731.54
Bentleigh,flat,1,3204.0,8,2027 Q3,405.0,442.63,326.3,558.96
Bentleigh,flat,2,3204.0,8,2027 Q3,590.0,622.64,506.31,738.97
Bentleigh,flat,3,3204.0,8,2027 Q3,750.0,772.84,656.51,889.17
Bentleigh,house,2,3204.0,8,2027 Q3,600.0,630.25,513.92,746.58
Bentleigh,house,3,3204.0,8,2027 Q3,735.0,763.75,647.42,880.08
Bentleigh,house,4,3204.0,8,2027 Q3,1025.0,1037.22,920.9,1153.55
Berwick,flat,2,3806.0,8,2027 Q3,500.0,523.5,407.17,639.83
Berwick,flat,3,3806.0,8,2027 Q3,550.0,577.94,461.61,694.26
Berwick,house,2,3806.0,8,2027 Q3,490.0,514.36,398.03,630.69
Berwick,house,3,3806.0,8,2027 Q3,560.0,588.0,471.67,704.33
Berwick,house,4,3806.0,8,2027 Q3,620.0,650.42,534.09,766.75
Blackburn,flat,1,3130.0,8,2027 Q3,460.0,485.41,369.08,601.74
Blackburn,flat,2,3130.0,8,2027 Q3,550.0,575.45,459.12,691.78
Blackburn,flat,3,3130.0,8,2027 Q3,644.0,667.85,551.53,784.18
Blackburn,house,2,3130.0,8,2027 Q3,550.0,576.37,460.04,692.7
Blackburn,house,3,3130.0,8,2027 Q3,620.0,652.16,535.83,768.49
Blackburn,house,4,3130.0,8,2027 Q3,800.0,828.35,712.02,944.68
Boronia,flat,1,3155.0,8,2027 Q3,400.0,420.76,304.44,537.09
Boronia,flat,2,3155.0,8,2027 Q3,500.0,525.52,409.19,641.85
Boronia,flat,3,3155.0,8,2027 Q3,600.0,626.61,510.28,742.94
Boronia,house,2,3155.0,8,2027 Q3,520.0,549.69,433.36,666.02
Boronia,house,3,3155.0,8,2027 Q3,590.0,619.68,503.35,736.01
Boronia,house,4,3155.0,8,2027 Q3,680.0,711.17,594.84,827.5
Box Hill,flat,1,3128.0,8,2027 Q3,490.0,515.51,399.18,631.84
Box Hill,flat,2,3128.0,8,2027 Q3,610.0,635.44,519.11,751.76
Box Hill,flat,3,3128.0,8,2027 Q3,710.0,732.43,616.1,848.76
Box Hill,house,2,3128.0,8,2027 Q3,540.0,575.89,459.56,692.22
Box Hill,house,3,3128.0,8,2027 Q3,650.0,683.07,566.74,799.4
Box Hill,house,4,3128.0,8,2027 Q3,808.0,835.55,719.23,951.88
Brighton,flat,1,3186.0,8,2027 Q3,498.0,549.09,432.76,665.42
Brighton,flat,2,3186.0,8,2027 Q3,680.0,720.93,604.61,837.26
Brighton,flat,3,3186.0,8,2027 Q3,1000.0,1017.63,901.3,1133.96
Brighton,house,2,3186.0,8,2027 Q3,760.0,789.89,673.56,906.22
Brighton,house,3,3186.0,8,2027 Q3,1150.0,1154.61,1038.28,1270.94
Brighton,house,4,3186.0,8,2027 Q3,1650.0,1618.89,1502.56,1735.22
Brighton East,flat,2,3187.0,8,2027 Q3,630.0,662.17,545.84,778.5
Brighton East,flat,3,3187.0,8,2027 Q3,738.0,765.17,648.84,881.5
Brighton East,house,2,3187.0,8,2027 Q3,690.0,722.14,605.81,838.47
Brighton East,house,3,3187.0,8,2027 Q3,940.0,959.93,843.61,1076.26
Brighton East,house,4,3187.0,8,2027 Q3,1295.0,1263.6,1147.27,1379.93
Broadmeadows-Roxburgh Park,flat,1,3047.0,8,2027 Q3,325.0,348.61,232.28,464.94
Broadmeadows-Roxburgh Park,flat,2,3047.0,8,2027 Q3,470.0,491.75,375.42,608.08
Broadmeadows-Roxburgh Park,flat,3,3047.0,8,2027 Q3,520.0,547.19,430.86,663.52
Broadmeadows-Roxburgh Park,house,2,3047.0,8,2027 Q3,460.0,483.67,367.34,600.0
Broadmeadows-Roxburgh Park,house,3,3047.0,8,2027 Q3,506.0,535.97,419.64,652.3
Broadmeadows-Roxburgh Park,house,4,3047.0,8,2027 Q3,600.0,627.67,511.34,744.0
Brunswick,flat,1,3056.0,8,2027 Q3,460.0,495.32,379.0,611.65
Brunswick,flat,2,3056.0,8,2027 Q3,600.0,632.62,516.29,748.95
Brunswick,flat,3,3056.0,8,2027 Q3,840.0,860.73,744.4,977.06
Brunswick,house,2,3056.0,8,2027 Q3,660.0,688.5,572.18,804.83
Brunswick,house,3,3056.0,8,2027 Q3,850.0,870.1,753.77,986.43
Brunswick,house,4,3056.0,8,2027 Q3,1000.0,1008.37,892.04,1124.7
Bulleen-Templestowe-Doncaster,flat,1,3108.0,8,2027 Q3,480.0,505.47,389.14,621.8
Bulleen-Templestowe-Doncaster,flat,2,3108.0,8,2027 Q3,595.0,621.53,505.2,737.86
Bulleen-Templestowe-Doncaster,flat,3,3108.0,8,2027 Q3,720.0,744.56,628.23,860.89
Bulleen-Templestowe-Doncaster,house,2,3108.0,8,2027 Q3,570.0,599.91,483.58,716.24
Bulleen-Templestowe-Doncaster,house,3,3108.0,8,2027 Q3,660.0,691.41,575.08,807.74
Bulleen-Templestowe-Doncaster,house,4,3108.0,8,2027 Q3,820.0,846.97,730.65,963.3
Bundoora-Greensborough-Hurstbridge,flat,1,3088.0,8,2027 Q3,420.0,443.35,327.02,559.68
Bundoora-Greensborough-Hurstbridge,flat,2,3088.0,8,2027 Q3,490.0,515.07,398.74,631.4
Bundoora-Greensborough-Hurstbridge,flat,3,3088.0,8,2027 Q3,580.0,603.05,486.72,719.38
Bundoora-Greensborough-Hurstbridge,house,2,3088.0,8,2027 Q3,500.0,524.13,407.8,640.46
Bundoora-Greensborough-Hurstbridge,house,3,3088.0,8,2027 Q3,570.0,598.75,482.42,715.08
Bundoora-Greensborough-Hurstbridge,house,4,3088.0,8,2027 Q3,600.0,632.09,515.76,748.42
Burwood-Ashburton,flat,1,3125.0,8,2027 Q3,450.0,484.0,367.67,600.33
Burwood-Ashburton,flat,2,3125.0,8,2027 Q3,570.0,595.26,478.93,711.59
Burwood-Ashburton,flat,3,3125.0,8,2027 Q3,720.0,743.22,626.89,859.55
Burwood-Ashburton,house,2,3125.0,8,2027 Q3,580.0,609.88,493.55,726.21
Burwood-Ashburton,house,3,3125.0,8,2027 Q3,650.0,678.09,561.76,794.42
Burwood-Ashburton,house,4,3125.0,8,2027 Q3,878.0,897.08,780.75,1013.41
CBD-St Kilda Rd,flat,1,,8,2027 Q3,560.0,594.57,478.24,710.89
CBD-St Kilda Rd,flat,2,,8,2027 Q3,735.0,762.3,645.97,878.63
CBD-St Kilda Rd,flat,3,,8,2027 Q3,1050.0,1046.92,930.59,1163.25
Camberwell-Glen Iris,flat,1,3124.0,8,2027 Q3,440.0,477.57,361.24,593.9
Camberwell-Glen Iris,flat,2,3124.0,8,2027 Q3,600.0,634.58,518.25,750.91
Camberwell-Glen Iris,flat,3,3124.0,8,2027 Q3,815.0,836.09,719.76,952.42
Camberwell-Glen Iris,house,2,3124.0,8,2027 Q3,660.0,689.17,572.84,805.5
Camberwell-Glen Iris,house,3,3124.0,8,2027 Q3,838.0,859.14,742.81,975.47
Camberwell-Glen Iris,house,4,3124.0,8,2027 Q3,1195.0,1191.75,1075.42,1308.08
Canterbury-Surrey Hills-Mont Albert,flat,1,3127.0,8,2027 Q3,450.0,485.75,369.42,602.07
Canterbury-Surrey Hills-Mont Albert,flat,2,3127.0,8,2027 Q3,570.0,604.87,488.54,721.2
Canterbury-Surrey Hills-Mont Albert,flat,3,3127.0,8,2027 Q3,740.0,766.73,650.4,883.06
Canterbury-Surrey Hills-Mont Albert,house,2,3127.0,8,2027 Q3,620.0,651.72,535.39,768.05
Canterbury-Surrey Hills-Mont Albert,house,3,3127.0,8,2027 Q3,800.0,823.24,706.91,939.56
Canterbury-Surrey Hills-Mont Albert,house,4,3127.0,8,2027 Q3,1100.0,1101.67,985.34,1218.0
Carlton North,flat,1,3054.0,8,2027 Q3,430.0,472.08,355.75,588.41
Carlton North,flat,2,3054.0,8,2027 Q3,600.0,637.69,521.37,754.02
Carlton North,flat,3,3054.0,8,2027 Q3,778.0,806.53,690.2,922.86
Carlton North,house,2,3054.0,8,2027 Q3,755.0,779.86,663.53,896.18
Carlton North,house,3,3054.0,8,2027 Q3,950.0,967.61,851.28,1083.94
Carlton-Parkville,flat,1,3053.0,8,2027 Q3,500.0,537.54,421.21,653.87
Carlton-Parkville,flat,2,3053.0,8,2027 Q3,670.0,701.99,585.66,818.32
Carlton-Parkville,flat,3,3053.0,8,2027 Q3,855.0,877.35,761.02,993.68
Carlton-Parkville,house,2,3053.0,8,2027 Q3,670.0,705.26,588.93,821.59
Carlton-Parkville,house,3,3053.0,8,2027 Q3,950.0,972.64,856.31,1088.97
Carlton-Parkville,house,4,3053.0,8,2027 Q3,1100.0,1098.14,981.81,1214.47
Carnegie,flat,1,3163.0,8,2027 Q3,420.0,454.48,338.15,570.81
Carnegie,flat,2,3163.0,8,2027 Q3,595.0,620.23,503.9,736.56
Carnegie,flat,3,3163.0,8,2027 Q3,775.0,797.48,681.15,913.81
Carnegie,house,2,3163.0,8,2027 Q3,600.0,626.25,509.92,742.58
Carnegie,house,3,3163.0,8,2027 Q3,750.0,772.81,656.48,889.14
Carnegie,house,4,3163.0,8,2027 Q3,1100.0,1106.98,990.65,1223.31
Castlemaine,flat,2,3450.0,8,2027 Q3,390.0,417.33,301.0,533.66
Castlemaine,house,2,3450.0,8,2027 Q3,430.0,454.48,338.15,570.81
Castlemaine,house,3,3450.0,8,2027 Q3,500.0,530.1,413.77,646.43
Castlemaine,house,4,3450.0,8,2027 Q3,580.0,613.18,496.85,729.51
Caulfield,flat,1,3162.0,8,2027 Q3,500.0,534.29,417.97,650.62
Caulfield,flat,2,3162.0,8,2027 Q3,630.0,665.32,548.99,781.65
Caulfield,flat,3,3162.0,8,2027 Q3,810.0,836.16,719.83,952.49
Caulfield,house,2,3162.0,8,2027 Q3,633.0,667.15,550.82,783.48
Caulfield,house,3,3162.0,8,2027 Q3,850.0,872.37,756.04,988.7
Caulfield,house,4,3162.0,8,2027 Q3,1250.0,1253.7,1137.37,1370.03
Chadstone-Oakleigh,flat,1,3166.0,8,2027 Q3,500.0,522.66,406.33,638.99
Chadstone-Oakleigh,flat,2,3166.0,8,2027 Q3,580.0,605.71,489.38,722.04
Chadstone-Oakleigh,flat,3,3166.0,8,2027 Q3,680.0,703.6,587.27,819.93
Chadstone-Oakleigh,house,2,3166.0,8,2027 Q3,570.0,599.39,483.06,715.72
Chadstone-Oakleigh,house,3,3166.0,8,2027 Q3,630.0,659.59,543.26,775.92
Chadstone-Oakleigh,house,4,3166.0,8,2027 Q3,850.0,868.97,752.64,985.3
Cheltenham,flat,1,3192.0,8,2027 Q3,450.0,480.35,364.02,596.68
Cheltenham,flat,2,3192.0,8,2027 Q3,550.0,580.84,464.51,697.17
Cheltenham,flat,3,3192.0,8,2027 Q3,693.0,720.36,604.03,836.69
Cheltenham,house,2,3192.0,8,2027 Q3,585.0,614.43,498.1,730.76
Cheltenham,house,3,3192.0,8,2027 Q3,720.0,747.99,631.66,864.32
Cheltenham,house,4,3192.0,8,2027 Q3,950.0,964.44,848.11,1080.77
Clayton,flat,1,3168.0,8,2027 Q3,490.0,513.03,396.7,629.36
Clayton,flat,2,3168.0,8,2027 Q3,590.0,613.84,497.51,730.17
Clayton,flat,3,3168.0,8,2027 Q3,650.0,674.51,558.18,790.84
Clayton,house,2,3168.0,8,2027 Q3,550.0,574.93,458.6,691.26
Clayton,house,3,3168.0,8,2027 Q3,603.0,633.6,517.27,749.93
Clayton,house,4,3168.0,8,2027 Q3,800.0,830.02,713.7,946.35
Coburg-Pascoe Vale South,flat,1,3058.0,8,2027 Q3,425.0,450.95,334.62,567.28
Coburg-Pascoe Vale South,flat,2,3058.0,8,2027 Q3,550.0,576.78,460.45,693.11
Coburg-Pascoe Vale South,flat,3,3058.0,8,2027 Q3,700.0,723.49,607.16,839.82
Coburg-Pascoe Vale South,house,2,3058.0,8,2027 Q3,580.0,606.9,490.57,723.23
Coburg-Pascoe Vale South,house,3,3058.0,8,2027 Q3,710.0,733.45,617.12,849.78
Coburg-Pascoe Vale South,house,4,3058.0,8,2027 Q3,850.0,867.37,751.04,983.7
Collingwood-Abbotsford,flat,1,3066.0,8,2027 Q3,520.0,556.64,440.31,672.97
Collingwood-Abbotsford,flat,2,3066.0,8,2027 Q3,695.0,725.89,609.56,842.22
Collingwood-Abbotsford,flat,3,3066.0,8,2027 Q3,1000.0,1011.76,895.43,1128.09
Collingwood-Abbotsford,house,2,3066.0,8,2027 Q3,720.0,750.51,634.18,866.84
Collingwood-Abbotsford,house,3,3066.0,8,2027 Q3,950.0,967.85,851.52,1084.18
Corio,flat,1,3214.0,8,2027 Q3,320.0,341.55,225.22,457.88
Corio,flat,2,3214.0,8,2027 Q3,380.0,403.85,287.52,520.18
Corio,flat,3,3214.0,8,2027 Q3,445.0,472.52,356.19,588.85
Corio,house,2,3214.0,8,2027 Q3,380.0,406.06,289.73,522.39
Corio,house,3,3214.0,8,2027 Q3,420.0,453.54,337.21,569.87
Corio,house,4,3214.0,8,2027 Q3,485.0,518.41,402.08,634.74
Craigieburn,flat,2,3064.0,8,2027 Q3,440.0,462.0,345.67,578.33
Craigieburn,flat,3,3064.0,8,2027 Q3,485.0,513.23,396.9,629.56
Craigieburn,house,2,3064.0,8,2027 Q3,450.0,473.39,357.06,589.71
Craigieburn,house,3,3064.0,8,2027 Q3,500.0,527.67,411.34,644.0
Craigieburn,house,4,3064.0,8,2027 Q3,560.0,591.54,475.21,707.87
Cranbourne,flat,1,3977.0,8,2027 Q3,400.0,419.49,303.16,535.82
Cranbourne,flat,2,3977.0,8,2027 Q3,460.0,484.52,368.19,600.85
Cranbourne,flat,3,3977.0,8,2027 Q3,530.0,556.82,440.49,673.15
Cranbourne,house,2,3977.0,8,2027 Q3,490.0,513.71,397.38,630.04
Cranbourne,house,3,3977.0,8,2027 Q3,550.0,577.22,460.89,693.55
Cranbourne,house,4,3977.0,8,2027 Q3,600.0,630.92,514.59,747.25
Croydon-Lilydale,flat,1,3136.0,8,2027 Q3,363.0,397.32,280.99,513.65
Croydon-Lilydale,flat,2,3136.0,8,2027 Q3,500.0,528.2,411.87,644.53
Croydon-Lilydale,flat,3,3136.0,8,2027 Q3,620.0,647.01,530.68,763.34
Croydon-Lilydale,house,2,3136.0,8,2027 Q3,525.0,554.27,437.94,670.6
Croydon-Lilydale,house,3,3136.0,8,2027 Q3,600.0,630.37,514.05,746.7
Croydon-Lilydale,house,4,3136.0,8,2027 Q3,730.0,759.84,643.51,876.17
Dandenong,flat,1,3175.0,8,2027 Q3,375.0,402.9,286.57,519.23
Dandenong,flat,2,3175.0,8,2027 Q3,450.0,479.41,363.08,595.74
Dandenong,flat,3,3175.0,8,2027 Q3,570.0,593.86,477.53,710.19
Dandenong,house,2,3175.0,8,2027 Q3,490.0,514.47,398.14,630.8
Dandenong,house,3,3175.0,8,2027 Q3,560.0,589.5,473.17,705.83
Dandenong,house,4,3175.0,8,2027 Q3,750.0,772.64,656.31,888.96
Dandenong North-Endeavour Hills,flat,1,3177.0,8,2027 Q3,350.0,377.09,260.76,493.42
Dandenong North-Endeavour Hills,flat,2,3177.0,8,2027 Q3,468.0,492.3,375.97,608.63
Dandenong North-Endeavour Hills,flat,3,3177.0,8,2027 Q3,550.0,577.21,460.88,693.54
Dandenong North-Endeavour Hills,house,2,3177.0,8,2027 Q3,475.0,503.08,386.75,619.41
Dandenong North-Endeavour Hills,house,3,3177.0,8,2027 Q3,530.0,559.24,442.91,675.57
Dandenong North-Endeavour Hills,house,4,3177.0,8,2027 Q3,630.0,660.44,544.11,776.77
Docklands,flat,1,3008.0,8,2027 Q3,600.0,645.12,528.79,761.45
Docklands,flat,2,3008.0,8,2027 Q3,763.0,800.59,684.26,916.92
Docklands,flat,3,3008.0,8,2027 Q3,1200.0,1204.82,1088.49,1321.15
Doncaster East-Donvale,flat,1,3109.0,8,2027 Q3,470.0,492.85,376.52,609.18
Doncaster East-Donvale,flat,2,3109.0,8,2027 Q3,575.0,599.08,482.75,715.41
Doncaster East-Donvale,flat,3,3109.0,8,2027 Q3,695.0,719.63,603.3,835.96
Doncaster East-Donvale,house,2,3109.0,8,2027 Q3,530.0,555.44,439.11,671.77
Doncaster East-Donvale,house,3,3109.0,8,2027 Q3,680.0,708.51,592.18,824.84
Doncaster East-Donvale,house,4,3109.0,8,2027 Q3,830.0,853.48,737.16,969.81
Dromana-Portsea,flat,1,3936.0,8,2027 Q3,393.0,416.86,300.54,533.19
Dromana-Portsea,flat,2,3936.0,8,2027 Q3,478.0,507.16,390.83,623.49
Dromana-Portsea,flat,3,3936.0,8,2027 Q3,600.0,626.85,510.52,743.18
Dromana-Portsea,house,2,3936.0,8,2027 Q3,490.0,518.84,402.51,635.17
Dromana-Portsea,house,3,3936.0,8,2027 Q3,570.0,601.32,484.99,717.65
Dromana-Portsea,house,4,3936.0,8,2027 Q3,745.0,769.41,653.08,885.74
East Brunswick,flat,1,3057.0,8,2027 Q3,500.0,532.77,416.45,649.1
East Brunswick,flat,2,3057.0,8,2027 Q3,625.0,656.56,540.23,772.89
East Brunswick,flat,3,3057.0,8,2027 Q3,880.0,895.59,779.26,1011.92
East Brunswick,house,2,3057.0,8,2027 Q3,710.0,732.35,616.02,848.68
East Brunswick,house,3,3057.0,8,2027 Q3,880.0,896.62,780.29,1012.95
East Brunswick,house,4,3057.0,8,2027 Q3,1100.0,1124.09,1007.76,1240.42
East Hawthorn,flat,1,3123.0,8,2027 Q3,490.0,528.78,412.45,645.1
East Hawthorn,flat,2,3123.0,8,2027 Q3,610.0,646.72,530.39,763.04
East Hawthorn,flat,3,3123.0,8,2027 Q3,890.0,916.79,800.46,1033.11
East Hawthorn,house,2,3123.0,8,2027 Q3,698.0,729.81,613.48,846.13
East Hawthorn,house,3,3123.0,8,2027 Q3,898.0,924.51,808.18,1040.84
East Hawthorn,house,4,3123.0,8,2027 Q3,1300.0,1295.16,1178.83,1411.49
East Melbourne,flat,1,3002.0,8,2027 Q3,520.0,557.56,441.23,673.89
East Melbourne,flat,2,3002.0,8,2027 Q3,690.0,721.83,605.5,838.16
East Melbourne,flat,3,3002.0,8,2027 Q3,1175.0,1185.01,1068.68,1301.34
East Melbourne,house,3,3002.0,8,2027 Q3,1100.0,1069.6,953.27,1185.93
East St Kilda,flat,1,3183.0,8,2027 Q3,425.0,465.1,348.77,581.43
East St Kilda,flat,2,3183.0,8,2027 Q3,575.0,609.49,493.16,725.82
East St Kilda,flat,3,3183.0,8,2027 Q3,840.0,856.93,740.6,973.26
East St Kilda,house,2,3183.0,8,2027 Q3,763.0,781.66,665.33,897.99
East St Kilda,house,3,3183.0,8,2027 Q3,900.0,904.88,788.55,1021.21
East St Kilda,house,4,3183.0,8,2027 Q3,1100.0,1098.49,982.16,1214.82
Echuca,flat,1,3564.0,8,2027 Q3,278.0,304.91,188.58,421.24
Echuca,flat,2,3564.0,8,2027 Q3,420.0,445.93,329.6,562.26
Echuca,flat,3,3564.0,8,2027 Q3,450.0,474.03,357.7,590.36
Echuca,house,2,3564.0,8,2027 Q3,418.0,444.83,328.5,561.16
Echuca,house,3,3564.0,8,2027 Q3,520.0,547.66,431.33,663.99
Echuca,house,4,3564.0,8,2027 Q3,640.0,666.46,550.13,782.79
Elsternwick,flat,1,3185.0,8,2027 Q3,440.0,479.72,363.39,596.05
Elsternwick,flat,2,3185.0,8,2027 Q3,600.0,631.96,515.63,748.29
Elsternwick,flat,3,3185.0,8,2027 Q3,800.0,820.08,703.75,936.41
Elsternwick,house,2,3185.0,8,2027 Q3,718.0,740.72,624.39,857.05
Elsternwick,house,3,3185.0,8,2027 Q3,900.0,913.91,797.58,1030.24
Elsternwick,house,4,3185.0,8,2027 Q3,1150.0,1160.79,1044.46,1277.12
Eltham-Research-Montmorency,flat,1,3095.0,8,2027 Q3,360.0,392.18,275.85,508.51
Eltham-Research-Montmorency,flat,2,3095.0,8,2027 Q3,500.0,528.71,412.38,645.04
Eltham-Research-Montmorency,flat,3,3095.0,8,2027 Q3,620.0,644.85,528.52,761.18
Eltham-Research-Montmorency,house,2,3095.0,8,2027 Q3,500.0,528.19,411.86,644.52
Eltham-Research-Montmorency,house,3,3095.0,8,2027 Q3,650.0,674.32,557.99,790.65
Eltham-Research-Montmorency,house,4,3095.0,8,2027 Q3,813.0,831.37,715.04,947.7
Elwood,flat,1,3184.0,8,2027 Q3,450.0,489.76,373.43,606.09
Elwood,flat,2,3184.0,8,2027 Q3,608.0,642.76,526.43,759.09
Elwood,flat,3,3184.0,8,2027 Q3,875.0,889.76,773.43,1006.09
Elwood,house,2,3184.0,8,2027 Q3,795.0,819.27,702.94,935.6
Elwood,house,3,3184.0,8,2027 Q3,1095.0,1108.18,991.85,1224.51
Elwood,house,4,3184.0,8,2027 Q3,1500.0,1454.71,1338.38,1571.04
Essendon,flat,1,3040.0,8,2027 Q3,430.0,458.17,341.84,574.5
Essendon,flat,2,3040.0,8,2027 Q3,510.0,540.65,424.32,656.98
Essendon,flat,3,3040.0,8,2027 Q3,650.0,678.94,562.62,795.27
Essendon,house,2,3040.0,8,2027 Q3,550.0,579.66,463.33,695.98
Essendon,house,3,3040.0,8,2027 Q3,650.0,677.07,560.74,793.4
Essendon,house,4,3040.0,8,2027 Q3,895.0,908.82,792.49,1025.15
Fairfield-Alphington,flat,1,3078.0,8,2027 Q3,400.0,439.42,323.09,555.75
Fairfield-Alphington,flat,2,3078.0,8,2027 Q3,575.0,606.93,490.6,723.26
Fairfield-Alphington,flat,3,3078.0,8,2027 Q3,815.0,820.78,704.45,937.1
Fairfield-Alphington,house,2,3078.0,8,2027 Q3,650.0,674.86,558.53,791.19
Fairfield-Alphington,house,3,3078.0,8,2027 Q3,850.0,865.48,749.15,981.81
Fairfield-Alphington,house,4,3078.0,8,2027 Q3,1113.0,1121.79,1005.46,1238.12
Ferntree Gully,flat,2,3156.0,8,2027 Q3,520.0,544.72,428.39,661.05
Ferntree Gully,flat,3,3156.0,8,2027 Q3,580.0,603.74,487.41,720.07
Ferntree Gully,house,2,3156.0,8,2027 Q3,518.0,543.88,427.56,660.21
Ferntree Gully,house,3,3156.0,8,2027 Q3,600.0,626.08,509.75,742.4
Ferntree Gully,house,4,3156.0,8,2027 Q3,720.0,746.93,630.6,863.26
Fitzroy,flat,1,3065.0,8,2027 Q3,528.0,566.29,449.96,682.62
Fitzroy,flat,2,3065.0,8,2027 Q3,750.0,779.01,662.68,895.34
Fitzroy,flat,3,3065.0,8,2027 Q3,1175.0,1183.46,1067.13,1299.79
Fitzroy,house,2,3065.0,8,2027 Q3,848.0,878.08,761.75,994.41
Fitzroy,house,3,3065.0,8,2027 Q3,1100.0,1110.04,993.71,1226.37
Fitzroy North-Clifton Hill,flat,1,3068.0,8,2027 Q3,500.0,543.03,426.7,659.35
Fitzroy North-Clifton Hill,flat,2,3068.0,8,2027 Q3,690.0,727.56,611.23,843.89
Fitzroy North-Clifton Hill,flat,3,3068.0,8,2027 Q3,1050.0,1071.81,955.48,1188.14
Fitzroy North-Clifton Hill,house,2,3068.0,8,2027 Q3,740.0,771.04,654.71,887.37
Fitzroy North-Clifton Hill,house,3,3068.0,8,2027 Q3,998.0,1017.8,901.47,1134.13
Fitzroy North-Clifton Hill,house,4,3068.0,8,2027 Q3,1295.0,1267.03,1150.71,1383.36
Flemington-Kensington,flat,1,3031.0,8,2027 Q3,470.0,508.4,392.07,624.73
Flemington-Kensington,flat,2,3031.0,8,2027 Q3,560.0,596.22,479.9,712.55
Flemington-Kensington,flat,3,3031.0,8,2027 Q3,850.0,873.78,757.45,990.11
Flemington-Kensington,house,2,3031.0,8,2027 Q3,620.0,647.44,531.12,763.77
Flemington-Kensington,house,3,3031.0,8,2027 Q3,760.0,785.16,668.83,901.49
Flemington-Kensington,house,4,3031.0,8,2027 Q3,945.0,959.46,843.13,1075.79
Flora Hill-Bendigo East,flat,1,3550.0,8,2027 Q3,350.0,373.66,257.33,489.99
Flora Hill-Bendigo East,flat,2,3550.0,8,2027 Q3,380.0,408.95,292.63,525.28
Flora Hill-Bendigo East,flat,3,3550.0,8,2027 Q3,450.0,480.67,364.34,597.0
Flora Hill-Bendigo East,house,2,3550.0,8,2027 Q3,420.0,448.54,332.21,564.87
Flora Hill-Bendigo East,house,3,3550.0,8,2027 Q3,475.0,507.03,390.7,623.36
Flora Hill-Bendigo East,house,4,3550.0,8,2027 Q3,570.0,603.9,487.57,720.23
Footscray,flat,1,3011.0,8,2027 Q3,450.0,474.47,358.14,590.8
Footscray,flat,2,3011.0,8,2027 Q3,560.0,579.91,463.58,696.24
Footscray,flat,3,3011.0,8,2027 Q3,698.0,714.88,598.55,831.21
Footscray,house,2,3011.0,8,2027 Q3,573.0,596.84,480.52,713.17
Footscray,house,3,3011.0,8,2027 Q3,640.0,663.71,547.38,780.04
Footscray,house,4,3011.0,8,2027 Q3,750.0,772.53,656.2,888.86
Frankston,flat,1,3199.0,8,2027 Q3,350.0,380.83,264.5,497.16
Frankston,flat,2,3199.0,8,2027 Q3,475.0,505.55,389.22,621.88
Frankston,flat,3,3199.0,8,2027 Q3,560.0,589.32,472.99,705.65
Frankston,house,2,3199.0,8,2027 Q3,490.0,518.93,402.6,635.26
Frankston,house,3,3199.0,8,2027 Q3,570.0,601.0,484.67,717.33
Frankston,house,4,3199.0,8,2027 Q3,670.0,700.16,583.83,816.49
Geelong-Newcombe,flat,1,3219.0,8,2027 Q3,380.0,400.25,283.92,516.58
Geelong-Newcombe,flat,2,3219.0,8,2027 Q3,460.0,481.2,364.87,597.53
Geelong-Newcombe,flat,3,3219.0,8,2027 Q3,518.0,547.93,431.6,664.26
Geelong-Newcombe,house,2,3219.0,8,2027 Q3,440.0,469.41,353.08,585.74
Geelong-Newcombe,house,3,3219.0,8,2027 Q3,480.0,516.42,400.09,632.75
Geelong-Newcombe,house,4,3219.0,8,2027 Q3,575.0,613.88,497.55,730.21
Gladstone Park-Tullamarine,flat,2,3043.0,8,2027 Q3,450.0,474.24,357.91,590.57
Gladstone Park-Tullamarine,flat,3,3043.0,8,2027 Q3,553.0,580.3,463.97,696.63
Gladstone Park-Tullamarine,house,2,3043.0,8,2027 Q3,500.0,522.27,405.94,638.6
Gladstone Park-Tullamarine,house,3,3043.0,8,2027 Q3,530.0,559.67,443.34,676.0
Gladstone Park-Tullamarine,house,4,3043.0,8,2027 Q3,620.0,649.4,533.07,765.73
Glen Waverley-Mulgrave,flat,1,3150.0,8,2027 Q3,550.0,574.25,457.92,690.58
Glen Waverley-Mulgrave,flat,2,3150.0,8,2027 Q3,640.0,661.93,545.6,778.26
Glen Waverley-Mulgrave,flat,3,3150.0,8,2027 Q3,660.0,690.35,574.02,806.68
Glen Waverley-Mulgrave,house,2,3150.0,8,2027 Q3,590.0,618.98,502.65,735.31
Glen Waverley-Mulgrave,house,3,3150.0,8,2027 Q3,640.0,674.12,557.79,790.45
Glen Waverley-Mulgrave,house,4,3150.0,8,2027 Q3,780.0,813.42,697.09,929.75
Golden Square-Kangaroo Flat,flat,2,3555.0,8,2027 Q3,380.0,406.87,290.54,523.19
Golden Square-Kangaroo Flat,flat,3,3555.0,8,2027 Q3,470.0,500.39,384.06,616.72
Golden Square-Kangaroo Flat,house,2,3555.0,8,2027 Q3,420.0,447.03,330.7,563.36
Golden Square-Kangaroo Flat,house,3,3555.0,8,2027 Q3,480.0,512.07,395.74,628.4
Golden Square-Kangaroo Flat,house,4,3555.0,8,2027 Q3,550.0,583.2,466.87,699.53
Hamilton,flat,1,3300.0,8,2027 Q3,260.0,285.66,169.33,401.99
Hamilton,flat,2,3300.0,8,2027 Q3,320.0,351.28,234.95,467.61
Hamilton,house,2,3300.0,8,2027 Q3,330.0,359.59,243.26,475.92
Hamilton,house,3,3300.0,8,2027 Q3,390.0,424.33,308.0,540.66
Hamilton,house,4,3300.0,8,2027 Q3,460.0,496.51,380.18,612.84
Hampton-Beaumaris,flat,1,3188.0,8,2027 Q3,480.0,520.47,404.15,636.8
Hampton-Beaumaris,flat,2,3188.0,8,2027 Q3,650.0,685.34,569.01,801.67
Hampton-Beaumaris,flat,3,3188.0,8,2027 Q3,900.0,914.74,798.41,1031.07
Hampton-Beaumaris,house,2,3188.0,8,2027 Q3,650.0,686.28,569.95,802.61
Hampton-Beaumaris,house,3,3188.0,8,2027 Q3,895.0,916.38,800.05,1032.71
Hampton-Beaumaris,house,4,3188.0,8,2027 Q3,1295.0,1287.15,1170.82,1403.48
Hastings-Flinders,flat,1,3915.0,8,2027 Q3,360.0,387.66,271.33,503.98
Hastings-Flinders,flat,2,3915.0,8,2027 Q3,470.0,498.62,382.29,614.95
Hastings-Flinders,flat,3,3915.0,8,2027 Q3,550.0,580.82,464.49,697.15
Hastings-Flinders,house,2,3915.0,8,2027 Q3,498.0,526.39,410.06,642.72
Hastings-Flinders,house,3,3915.0,8,2027 Q3,595.0,624.32,508.0,740.65
Hastings-Flinders,house,4,3915.0,8,2027 Q3,750.0,772.33,656.0,888.66
Hawthorn,flat,1,3122.0,8,2027 Q3,450.0,489.77,373.44,606.1
Hawthorn,flat,2,3122.0,8,2027 Q3,600.0,634.57,518.24,750.9
Hawthorn,flat,3,3122.0,8,2027 Q3,850.0,869.12,752.79,985.45
Hawthorn,house,2,3122.0,8,2027 Q3,710.0,730.26,613.93,846.59
Hawthorn,house,3,3122.0,8,2027 Q3,950.0,962.92,846.59,1079.25
Hawthorn,house,4,3122.0,8,2027 Q3,1500.0,1495.41,1379.08,1611.74
Heidelberg-Heidelberg West,flat,1,3084.0,8,2027 Q3,450.0,474.21,357.88,590.54
Heidelberg-Heidelberg West,flat,2,3084.0,8,2027 Q3,530.0,553.76,437.43,670.09
Heidelberg-Heidelberg West,flat,3,3084.0,8,2027 Q3,650.0,674.33,558.0,790.66
Heidelberg-Heidelberg West,house,2,3084.0,8,2027 Q3,510.0,541.05,424.72,657.38
Heidelberg-Heidelberg West,house,3,3084.0,8,2027 Q3,600.0,630.2,513.88,746.53
Heidelberg-Heidelberg West,house,4,3084.0,8,2027 Q3,795.0,816.01,699.68,932.34
Herne Hill-Geelong West,flat,1,3218.0,8,2027 Q3,340.0,367.52,251.19,483.85
Herne Hill-Geelong West,flat,2,3218.0,8,2027 Q3,410.0,440.58,324.25,556.91
Herne Hill-Geelong West,flat,3,3218.0,8,2027 Q3,575.0,600.51,484.19,716.84
Herne Hill-Geelong West,house,2,3218.0,8,2027 Q3,460.0,486.56,370.23,602.89
Herne Hill-Geelong West,house,3,3218.0,8,2027 Q3,520.0,552.46,436.13,668.79
Herne Hill-Geelong West,house,4,3218.0,8,2027 Q3,660.0,689.3,572.97,805.63
Horsham,flat,1,3400.0,8,2027 Q3,250.0,269.34,153.01,385.67
Horsham,flat,2,3400.0,8,2027 Q3,320.0,350.37,234.04,466.7
Horsham,flat,3,3400.0,8,2027 Q3,415.0,446.65,330.32,562.98
Horsham,house,2,3400.0,8,2027 Q3,350.0,376.86,260.53,493.19
Horsham,house,3,3400.0,8,2027 Q3,430.0,463.42,347.09,579.75
Horsham,house,4,3400.0,8,2027 Q3,520.0,552.67,436.34,669.0
Ivanhoe-Ivanhoe East,flat,1,3079.0,8,2027 Q3,490.0,517.57,401.24,633.9
Ivanhoe-Ivanhoe East,flat,2,3079.0,8,2027 Q3,600.0,630.86,514.53,747.19
Ivanhoe-Ivanhoe East,flat,3,3079.0,8,2027 Q3,750.0,778.46,662.14,894.79
Ivanhoe-Ivanhoe East,house,2,3079.0,8,2027 Q3,600.0,631.6,515.27,747.93
Ivanhoe-Ivanhoe East,house,3,3079.0,8,2027 Q3,750.0,777.16,660.83,893.49
Ivanhoe-Ivanhoe East,house,4,3079.0,8,2027 Q3,1000.0,1008.37,892.04,1124.69
Keilor,house,4,3036.0,8,2027 Q3,730.0,745.66,629.33,861.99
Keilor East-Avondale Heights,flat,1,3033.0,8,2027 Q3,450.0,471.83,355.5,588.16
Keilor East-Avondale Heights,flat,2,3033.0,8,2027 Q3,520.0,545.7,429.37,662.03
Keilor East-Avondale Heights,flat,3,3033.0,8,2027 Q3,623.0,650.18,533.85,766.51
Keilor East-Avondale Heights,house,2,3033.0,8,2027 Q3,520.0,549.42,433.09,665.75
Keilor East-Avondale Heights,house,3,3033.0,8,2027 Q3,580.0,613.28,496.95,729.61
Keilor East-Avondale Heights,house,4,3033.0,8,2027 Q3,768.0,793.33,677.0,909.66
Kew,flat,1,3101.0,8,2027 Q3,470.0,506.67,390.34,623.0
Kew,flat,2,3101.0,8,2027 Q3,575.0,613.67,497.34,730.0
Kew,flat,3,3101.0,8,2027 Q3,850.0,871.46,755.13,987.79
Kew,house,2,3101.0,8,2027 Q3,663.0,686.31,569.98,802.64
Kew,house,3,3101.0,8,2027 Q3,850.0,873.15,756.82,989.48
Kew,house,4,3101.0,8,2027 Q3,1300.0,1294.49,1178.17,1410.82
Lara,flat,2,3212.0,8,2027 Q3,415.0,442.17,325.84,558.5
Lara,flat,3,3212.0,8,2027 Q3,485.0,517.08,400.75,633.41
Lara,house,2,3212.0,8,2027 Q3,430.0,458.94,342.61,575.27
Lara,house,3,3212.0,8,2027 Q3,500.0,530.77,414.44,647.1
Lara,house,4,3212.0,8,2027 Q3,580.0,610.81,494.48,727.14
Malvern,flat,1,3144.0,8,2027 Q3,450.0,490.76,374.43,607.09
Malvern,flat,2,3144.0,8,2027 Q3,600.0,637.3,520.97,753.63
Malvern,flat,3,3144.0,8,2027 Q3,908.0,925.36,809.03,1041.69
Malvern,house,2,3144.0,8,2027 Q3,790.0,808.99,692.66,925.32
Malvern,house,3,3144.0,8,2027 Q3,1000.0,1006.33,890.0,1122.66
Malvern,house,4,3144.0,8,2027 Q3,1400.0,1373.71,1257.38,1490.04
Malvern East,flat,1,3145.0,8,2027 Q3,480.0,514.91,398.58,631.24
Malvern East,flat,2,3145.0,8,2027 Q3,600.0,631.98,515.65,748.31
Malvern East,flat,3,3145.0,8,2027 Q3,800.0,821.67,705.34,938.0
Malvern East,house,2,3145.0,8,2027 Q3,650.0,680.45,564.12,796.78
Malvern East,house,3,3145.0,8,2027 Q3,750.0,776.13,659.8,892.46
Malvern East,house,4,3145.0,8,2027 Q3,1150.0,1146.99,1030.66,1263.31
Melton,flat,1,3337.0,8,2027 Q3,350.0,364.54,248.21,480.87
Melton,flat,2,3337.0,8,2027 Q3,365.0,391.22,274.89,507.55
Melton,flat,3,3337.0,8,2027 Q3,400.0,430.58,314.25,546.91
Melton,house,2,3337.0,8,2027 Q3,375.0,398.89,282.56,515.22
Melton,house,3,3337.0,8,2027 Q3,420.0,450.12,333.79,566.45
Melton,house,4,3337.0,8,2027 Q3,470.0,504.98,388.65,621.3
Mentone-Parkdale-Mordialloc,flat,1,3194.0,8,2027 Q3,405.0,441.88,325.56,558.21
Mentone-Parkdale-Mordialloc,flat,2,3194.0,8,2027 Q3,550.0,584.1,467.77,700.43
Mentone-Parkdale-Mordialloc,flat,3,3194.0,8,2027 Q3,720.0,742.99,626.67,859.32
Mentone-Parkdale-Mordialloc,house,2,3194.0,8,2027 Q3,600.0,630.09,513.77,746.42
Mentone-Parkdale-Mordialloc,house,3,3194.0,8,2027 Q3,750.0,776.81,660.48,893.14
Mentone-Parkdale-Mordialloc,house,4,3194.0,8,2027 Q3,910.0,928.86,812.53,1045.19
Mildura,flat,1,3500.0,8,2027 Q3,280.0,305.08,188.75,421.41
Mildura,flat,2,3500.0,8,2027 Q3,350.0,378.26,261.93,494.59
Mildura,flat,3,3500.0,8,2027 Q3,450.0,477.59,361.26,593.92
Mildura,house,2,3500.0,8,2027 Q3,380.0,406.33,290.0,522.66
Mildura,house,3,3500.0,8,2027 Q3,480.0,508.46,392.13,624.79
Mildura,house,4,3500.0,8,2027 Q3,580.0,607.91,491.58,724.24
Mill Park-Epping,flat,1,3076.0,8,2027 Q3,400.0,420.9,304.57,537.23
Mill Park-Epping,flat,2,3076.0,8,2027 Q3,450.0,473.43,357.1,589.76
Mill Park-Epping,flat,3,3076.0,8,2027 Q3,520.0,549.34,433.01,665.67
Mill Park-Epping,house,2,3076.0,8,2027 Q3,480.0,503.43,387.1,619.76
Mill Park-Epping,house,3,3076.0,8,2027 Q3,530.0,558.28,441.95,674.61
Mill Park-Epping,house,4,3076.0,8,2027 Q3,600.0,630.0,513.67,746.33
Moe-Newborough,flat,1,3825.0,8,2027 Q3,250.0,272.99,156.66,389.32
Moe-Newborough,flat,2,3825.0,8,2027 Q3,310.0,338.03,221.7,454.36
Moe-Newborough,house,2,3825.0,8,2027 Q3,350.0,375.46,259.13,491.79
Moe-Newborough,house,3,3825.0,8,2027 Q3,420.0,449.81,333.48,566.14
Moe-Newborough,house,4,3825.0,8,2027 Q3,525.0,549.27,432.94,665.6
Moonee Ponds-Ascot Vale,flat,1,3039.0,8,2027 Q3,450.0,481.86,365.53,598.19
Moonee Ponds-Ascot Vale,flat,2,3039.0,8,2027 Q3,550.0,583.81,467.48,700.14
Moonee Ponds-Ascot Vale,flat,3,3039.0,8,2027 Q3,730.0,754.49,638.16,870.82
Moonee Ponds-Ascot Vale,house,2,3039.0,8,2027 Q3,620.0,646.37,530.04,762.7
Moonee Ponds-Ascot Vale,house,3,3039.0,8,2027 Q3,750.0,778.91,662.58,895.24
Moonee Ponds-Ascot Vale,house,4,3039.0,8,2027 Q3,995.0,1007.67,891.34,1124.0
Morwell,flat,1,3840.0,8,2027 Q3,275.0,298.15,181.82,414.48
Morwell,flat,2,3840.0,8,2027 Q3,320.0,348.51,232.18,464.84
Morwell,house,2,3840.0,8,2027 Q3,350.0,376.76,260.43,493.09
Morwell,house,3,3840.0,8,2027 Q3,400.0,431.03,314.7,547.35
Morwell,house,4,3840.0,8,2027 Q3,493.0,526.44,410.11,642.77
Mount Clear-Buninyong,flat,2,3357.0,8,2027 Q3,360.0,387.27,270.94,503.6
Mount Clear-Buninyong,flat,3,3357.0,8,2027 Q3,390.0,423.97,307.64,540.3
Mount Clear-Buninyong,house,3,3357.0,8,2027 Q3,430.0,463.98,347.65,580.31
Mount Clear-Buninyong,house,4,3357.0,8,2027 Q3,480.0,514.94,398.61,631.27
Mount Waverley,flat,1,3149.0,8,2027 Q3,280.0,326.98,210.65,443.31
Mount Waverley,flat,2,3149.0,8,2027 Q3,540.0,571.37,455.04,687.7
Mount Waverley,flat,3,3149.0,8,2027 Q3,700.0,725.7,609.37,842.03
Mount Waverley,house,2,3149.0,8,2027 Q3,570.0,599.11,482.78,715.43
Mount Waverley,house,3,3149.0,8,2027 Q3,660.0,688.83,572.5,805.16
Mount Waverley,house,4,3149.0,8,2027 Q3,800.0,824.04,707.71,940.37
Mt Eliza-Mornington-Mt Martha,flat,2,3930.0,8,2027 Q3,535.0,564.15,447.82,680.48
Mt Eliza-Mornington-Mt Martha,flat,3,3930.0,8,2027 Q3,650.0,678.04,561.72,794.37
Mt Eliza-Mornington-Mt Martha,house,2,3930.0,8,2027 Q3,533.0,561.48,445.15,677.81
Mt Eliza-Mornington-Mt Martha,house,3,3930.0,8,2027 Q3,675.0,700.63,584.3,816.96
Mt Eliza-Mornington-Mt Martha,house,4,3930.0,8,2027 Q3,895.0,908.98,792.65,1025.31
Murrumbeena-Hughesdale,flat,1,3163.0,8,2027 Q3,405.0,440.09,323.76,556.42
Murrumbeena-Hughesdale,flat,2,3163.0,8,2027 Q3,570.0,600.05,483.72,716.38
Murrumbeena-Hughesdale,flat,3,3163.0,8,2027 Q3,750.0,780.43,664.1,896.76
Murrumbeena-Hughesdale,house,2,3163.0,8,2027 Q3,590.0,620.14,503.81,736.47
Murrumbeena-Hughesdale,house,3,3163.0,8,2027 Q3,730.0,752.46,636.13,868.79
Murrumbeena-Hughesdale,house,4,3163.0,8,2027 Q3,1050.0,1063.28,946.95,1179.61
Narre Warren-Hampton Park,flat,1,3805.0,8,2027 Q3,323.0,342.46,226.13,458.79
Narre Warren-Hampton Park,flat,2,3805.0,8,2027 Q3,470.0,493.22,376.89,609.54
Narre Warren-Hampton Park,flat,3,3805.0,8,2027 Q3,545.0,573.93,457.6,690.26
Narre Warren-Hampton Park,house,2,3805.0,8,2027 Q3,475.0,497.9,381.57,614.23
Narre Warren-Hampton Park,house,3,3805.0,8,2027 Q3,550.0,578.36,462.03,694.69
Narre Warren-Hampton Park,house,4,3805.0,8,2027 Q3,640.0,667.81,551.48,784.14
Newport-Spotswood,flat,1,3015.0,8,2027 Q3,455.0,481.69,365.36,598.02
Newport-Spotswood,flat,2,3015.0,8,2027 Q3,575.0,598.62,482.29,714.95
Newport-Spotswood,flat,3,3015.0,8,2027 Q3,725.0,743.43,627.1,859.76
Newport-Spotswood,house,2,3015.0,8,2027 Q3,580.0,610.88,494.55,727.21
Newport-Spotswood,house,3,3015.0,8,2027 Q3,700.0,724.33,608.0,840.66
Newport-Spotswood,house,4,3015.0,8,2027 Q3,925.0,941.39,825.06,1057.72
Newtown,flat,1,3220.0,8,2027 Q3,318.0,346.39,230.06,462.72
Newtown,flat,2,3220.0,8,2027 Q3,440.0,468.24,351.91,584.57
Newtown,flat,3,3220.0,8,2027 Q3,590.0,616.71,500.38,733.04
Newtown,house,2,3220.0,8,2027 Q3,485.0,514.38,398.05,630.7
Newtown,house,3,3220.0,8,2027 Q3,570.0,596.67,480.34,713.0
Newtown,house,4,3220.0,8,2027 Q3,700.0,721.56,605.23,837.89
Noble Park,flat,1,3174.0,8,2027 Q3,370.0,396.32,279.99,512.64
Noble Park,flat,2,3174.0,8,2027 Q3,495.0,518.46,402.13,634.79
Noble Park,flat,3,3174.0,8,2027 Q3,580.0,604.8,488.47,721.13
Noble Park,house,2,3174.0,8,2027 Q3,480.0,503.55,387.23,619.88
Noble Park,house,3,3174.0,8,2027 Q3,550.0,577.01,460.68,693.34
Noble Park,house,4,3174.0,8,2027 Q3,630.0,658.02,541.69,774.35
North Bendigo,flat,1,3550.0,8,2027 Q3,320.0,353.65,237.32,469.98
North Bendigo,flat,2,3550.0,8,2027 Q3,398.0,427.74,311.41,544.07
North Bendigo,flat,3,3550.0,8,2027 Q3,475.0,510.49,394.16,626.82
North Bendigo,house,2,3550.0,8,2027 Q3,420.0,449.13,332.8,565.46
North Bendigo,house,3,3550.0,8,2027 Q3,480.0,512.41,396.08,628.74
North Bendigo,house,4,3550.0,8,2027 Q3,550.0,585.29,468.96,701.62
North Geelong,flat,1,3215.0,8,2027 Q3,330.0,356.59,240.26,472.92
North Geelong,flat,2,3215.0,8,2027 Q3,420.0,446.22,329.89,562.55
North Geelong,flat,3,3215.0,8,2027 Q3,500.0,528.11,411.78,644.44
North Geelong,house,2,3215.0,8,2027 Q3,440.0,466.72,350.39,583.05
North Geelong,house,3,3215.0,8,2027 Q3,495.0,528.14,411.81,644.47
North Geelong,house,4,3215.0,8,2027 Q3,580.0,612.68,496.35,729.01
North Melbourne-West Melbourne,flat,1,3051.0,8,2027 Q3,525.0,562.12,445.8,678.45
North Melbourne-West Melbourne,flat,2,3051.0,8,2027 Q3,660.0,692.6,576.27,808.93
North Melbourne-West Melbourne,flat,3,3051.0,8,2027 Q3,882.0,899.91,783.58,1016.24
North Melbourne-West Melbourne,house,2,3051.0,8,2027 Q3,650.0,683.64,567.31,799.97
North Melbourne-West Melbourne,house,3,3051.0,8,2027 Q3,853.0,876.9,760.57,993.23
North Melbourne-West Melbourne,house,4,3051.0,8,2027 Q3,1080.0,1093.37,977.05,1209.7
Northcote,flat,1,3070.0,8,2027 Q3,420.0,458.06,341.73,574.39
Northcote,flat,2,3070.0,8,2027 Q3,600.0,630.94,514.61,747.27
Northcote,flat,3,3070.0,8,2027 Q3,850.0,871.84,755.51,988.17
Northcote,house,2,3070.0,8,2027 Q3,700.0,722.57,606.24,838.9
Northcote,house,3,3070.0,8,2027 Q3,850.0,867.55,751.22,983.88
Northcote,house,4,3070.0,8,2027 Q3,1250.0,1254.51,1138.18,1370.84
Nunawading-Mitcham,flat,1,3132.0,8,2027 Q3,435.0,461.25,344.92,577.58
Nunawading-Mitcham,flat,2,3132.0,8,2027 Q3,520.0,549.11,432.78,665.44
Nunawading-Mitcham,flat,3,3132.0,8,2027 Q3,650.0,673.08,556.76,789.41
Nunawading-Mitcham,house,2,3132.0,8,2027 Q3,525.0,555.17,438.84,671.5
Nunawading-Mitcham,house,3,3132.0,8,2027 Q3,625.0,656.21,539.88,772.54
Nunawading-Mitcham,house,4,3132.0,8,2027 Q3,745.0,773.68,657.35,890.01
Oak Park-Glenroy-Fawkner,flat,1,3046.0,8,2027 Q3,385.0,409.79,293.46,526.11
Oak Park-Glenroy-Fawkner,flat,2,3046.0,8,2027 Q3,490.0,514.96,398.63,631.29
Oak Park-Glenroy-Fawkner,flat,3,3046.0,8,2027 Q3,600.0,622.42,506.1,738.75
Oak Park-Glenroy-Fawkner,house,2,3046.0,8,2027 Q3,500.0,525.18,408.85,641.51
Oak Park-Glenroy-Fawkner,house,3,3046.0,8,2027 Q3,551.0,579.95,463.62,696.28
Oak Park-Glenroy-Fawkner,house,4,3046.0,8,2027 Q3,660.0,689.56,573.23,805.89
Ocean Grove-Barwon Heads,flat,2,3226.0,8,2027 Q3,468.0,494.02,377.69,610.35
Ocean Grove-Barwon Heads,flat,3,3226.0,8,2027 Q3,560.0,582.6,466.27,698.93
Ocean Grove-Barwon Heads,house,2,3226.0,8,2027 Q3,520.0,546.71,430.38,663.04
Ocean Grove-Barwon Heads,house,3,3226.0,8,2027 Q3,550.0,578.29,461.96,694.62
Ocean Grove-Barwon Heads,house,4,3226.0,8,2027 Q3,650.0,679.94,563.61,796.27
Pakenham,flat,2,3810.0,8,2027 Q3,450.0,475.24,358.91,591.57
Pakenham,flat,3,3810.0,8,2027 Q3,500.0,529.98,413.65,646.31
Pakenham,house,2,3810.0,8,2027 Q3,460.0,485.65,369.32,601.98
Pakenham,house,3,3810.0,8,2027 Q3,530.0,559.11,442.78,675.44
Pakenham,house,4,3810.0,8,2027 Q3,590.0,621.52,505.2,737.85
Pascoe Vale-Coburg North,flat,1,3044.0,8,2027 Q3,280.0,315.06,198.73,431.39
Pascoe Vale-Coburg North,flat,2,3044.0,8,2027 Q3,500.0,524.29,407.96,640.62
Pascoe Vale-Coburg North,flat,3,3044.0,8,2027 Q3,628.0,651.71,535.38,768.04
Pascoe Vale-Coburg North,house,2,3044.0,8,2027 Q3,540.0,563.89,447.56,680.22
Pascoe Vale-Coburg North,house,3,3044.0,8,2027 Q3,620.0,644.9,528.57,761.23
Pascoe Vale-Coburg North,house,4,3044.0,8,2027 Q3,785.0,800.77,684.44,917.1
Port Melbourne,flat,1,3207.0,8,2027 Q3,550.0,586.65,470.32,702.98
Port Melbourne,flat,2,3207.0,8,2027 Q3,745.0,775.96,659.63,892.29
Port Melbourne,flat,3,3207.0,8,2027 Q3,1175.0,1179.55,1063.22,1295.88
Port Melbourne,house,2,3207.0,8,2027 Q3,740.0,773.85,657.52,890.18
Port Melbourne,house,3,3207.0,8,2027 Q3,980.0,994.8,878.47,1111.13
Port Melbourne,house,4,3207.0,8,2027 Q3,1125.0,1132.89,1016.56,1249.22
Portland,flat,1,3305.0,8,2027 Q3,345.0,365.24,248.91,481.57
Portland,flat,2,3305.0,8,2027 Q3,350.0,373.68,257.35,490.01
Portland,flat,3,3305.0,8,2027 Q3,475.0,504.87,388.54,621.2
Portland,house,2,3305.0,8,2027 Q3,380.0,402.34,286.01,518.67
Portland,house,3,3305.0,8,2027 Q3,430.0,458.53,342.2,574.86
Portland,house,4,3305.0,8,2027 Q3,565.0,588.07,471.74,704.4
Prahran-Windsor,flat,1,3181.0,8,2027 Q3,460.0,505.09,388.76,621.42
Prahran-Windsor,flat,2,3181.0,8,2027 Q3,650.0,687.86,571.53,804.19
Prahran-Windsor,flat,3,3181.0,8,2027 Q3,950.0,970.9,854.57,1087.23
Prahran-Windsor,house,2,3181.0,8,2027 Q3,775.0,800.73,684.4,917.06
Prahran-Windsor,house,3,3181.0,8,2027 Q3,975.0,991.3,874.97,1107.63
Prahran-Windsor,house,4,3181.0,8,2027 Q3,1350.0,1340.68,1224.35,1457.01
Preston,flat,1,3072.0,8,2027 Q3,440.0,472.96,356.63,589.29
Preston,flat,2,3072.0,8,2027 Q3,550.0,579.85,463.52,696.18
Preston,flat,3,3072.0,8,2027 Q3,695.0,718.98,602.65,835.31
Preston,house,2,3072.0,8,2027 Q3,588.0,615.26,498.93,731.59
Preston,house,3,3072.0,8,2027 Q3,675.0,705.57,589.24,821.9
Preston,house,4,3072.0,8,2027 Q3,925.0,943.54,827.21,1059.87
Reservoir,flat,1,3073.0,8,2027 Q3,400.0,425.36,309.03,541.69
Reservoir,flat,2,3073.0,8,2027 Q3,500.0,526.9,410.57,643.23
Reservoir,flat,3,3073.0,8,2027 Q3,620.0,646.87,530.54,763.2
Reservoir,house,2,3073.0,8,2027 Q3,500.0,526.96,410.63,643.29
Reservoir,house,3,3073.0,8,2027 Q3,560.0,591.99,475.66,708.32
Reservoir,house,4,3073.0,8,2027 Q3,700.0,732.05,615.72,848.38
Richmond-Burnley,flat,1,3121.0,8,2027 Q3,510.0,554.13,437.8,670.46
Richmond-Burnley,flat,2,3121.0,8,2027 Q3,700.0,734.39,618.06,850.72
Richmond-Burnley,flat,3,3121.0,8,2027 Q3,1000.0,1012.67,896.34,1129.0
Richmond-Burnley,house,2,3121.0,8,2027 Q3,750.0,782.12,665.8,898.45
Richmond-Burnley,house,3,3121.0,8,2027 Q3,990.0,1010.11,893.78,1126.44
Richmond-Burnley,house,4,3121.0,8,2027 Q3,1315.0,1313.64,1197.31,1429.97
Ringwood,flat,1,3134.0,8,2027 Q3,440.0,467.44,351.11,583.77
Ringwood,flat,2,3134.0,8,2027 Q3,520.0,548.47,432.14,664.8
Ringwood,flat,3,3134.0,8,2027 Q3,620.0,645.48,529.15,761.81
Ringwood,house,2,3134.0,8,2027 Q3,520.0,548.92,432.59,665.25
Ringwood,house,3,3134.0,8,2027 Q3,600.0,629.95,513.62,746.27
Ringwood,house,4,3134.0,8,2027 Q3,710.0,738.76,622.44,855.09
Rowville,flat,2,3178.0,8,2027 Q3,530.0,550.81,434.48,667.14
Rowville,flat,3,3178.0,8,2027 Q3,628.0,649.72,533.39,766.05
Rowville,house,3,3178.0,8,2027 Q3,600.0,624.62,508.29,740.95
Rowville,house,4,3178.0,8,2027 Q3,725.0,746.88,630.55,863.21
Sale-Maffra,flat,1,3850.0,8,2027 Q3,253.0,280.86,164.53,397.19
Sale-Maffra,flat,2,3850.0,8,2027 Q3,360.0,387.62,271.29,503.94
Sale-Maffra,flat,3,3850.0,8,2027 Q3,470.0,498.57,382.24,614.9
Sale-Maffra,house,2,3850.0,8,2027 Q3,400.0,427.79,311.46,544.12
Sale-Maffra,house,3,3850.0,8,2027 Q3,450.0,480.9,364.57,597.23
Sale-Maffra,house,4,3850.0,8,2027 Q3,550.0,582.96,466.63,699.29
Seaford-Carrum Downs,flat,1,3198.0,8,2027 Q3,380.0,408.46,292.13,524.78
Seaford-Carrum Downs,flat,2,3198.0,8,2027 Q3,470.0,498.08,381.75,614.41
Seaford-Carrum Downs,flat,3,3198.0,8,2027 Q3,560.0,589.0,472.67,705.33
Seaford-Carrum Downs,house,2,3198.0,8,2027 Q3,490.0,518.33,402.0,634.65
Seaford-Carrum Downs,house,3,3198.0,8,2027 Q3,560.0,591.37,475.05,707.7
Seaford-Carrum Downs,house,4,3198.0,8,2027 Q3,660.0,689.83,573.5,806.16
Sebastopol-Delacombe,flat,1,3356.0,8,2027 Q3,300.0,317.8,201.47,434.13
Sebastopol-Delacombe,flat,2,3356.0,8,2027 Q3,350.0,374.71,258.38,491.04
Sebastopol-Delacombe,flat,3,3356.0,8,2027 Q3,390.0,419.97,303.64,536.3
Sebastopol-Delacombe,house,2,3356.0,8,2027 Q3,360.0,386.11,269.78,502.44
Sebastopol-Delacombe,house,3,3356.0,8,2027 Q3,400.0,431.36,315.03,547.69
Sebastopol-Delacombe,house,4,3356.0,8,2027 Q3,455.0,490.44,374.11,606.77
Seymour,flat,1,3660.0,8,2027 Q3,275.0,297.13,180.8,413.45
Seymour,flat,2,3660.0,8,2027 Q3,360.0,385.28,268.95,501.61
Seymour,house,2,3660.0,8,2027 Q3,380.0,401.6,285.27,517.93
Seymour,house,3,3660.0,8,2027 Q3,420.0,450.93,334.6,567.26
Seymour,house,4,3660.0,8,2027 Q3,530.0,559.29,442.96,675.62
Shepparton,flat,1,3630.0,8,2027 Q3,290.0,316.27,199.94,432.6
Shepparton,flat,2,3630.0,8,2027 Q3,385.0,413.24,296.91,529.57
Shepparton,flat,3,3630.0,8,2027 Q3,490.0,515.8,399.47,632.13
Shepparton,house,2,3630.0,8,2027 Q3,390.0,417.1,300.77,533.43
Shepparton,house,3,3630.0,8,2027 Q3,475.0,505.54,389.21,621.87
Shepparton,house,4,3630.0,8,2027 Q3,590.0,618.11,501.78,734.44
South Melbourne,flat,1,3205.0,8,2027 Q3,548.0,584.28,467.95,700.61
South Melbourne,flat,2,3205.0,8,2027 Q3,700.0,731.88,615.55,848.21
South Melbourne,flat,3,3205.0,8,2027 Q3,950.0,960.82,844.49,1077.15
South Melbourne,house,2,3205.0,8,2027 Q3,750.0,781.02,664.69,897.35
South Melbourne,house,3,3205.0,8,2027 Q3,950.0,960.92,844.59,1077.25
South Yarra,flat,1,3141.0,8,2027 Q3,500.0,541.54,425.21,657.87
South Yarra,flat,2,3141.0,8,2027 Q3,700.0,731.28,614.95,847.61
South Yarra,flat,3,3141.0,8,2027 Q3,1100.0,1109.66,993.33,1225.99
South Yarra,house,2,3141.0,8,2027 Q3,780.0,805.47,689.14,921.8
South Yarra,house,3,3141.0,8,2027 Q3,1100.0,1102.77,986.44,1219.1
South Yarra,house,4,3141.0,8,2027 Q3,1700.0,1650.9,1534.57,1767.23
Southbank,flat,1,3006.0,8,2027 Q3,570.0,611.58,495.25,727.91
Southbank,flat,2,3006.0,8,2027 Q3,720.0,753.93,637.6,870.26
Southbank,flat,3,3006.0,8,2027 Q3,1010.0,1024.2,907.87,1140.53
Springvale,flat,1,3171.0,8,2027 Q3,370.0,401.11,284.78,517.44
Springvale,flat,2,3171.0,8,2027 Q3,520.0,547.55,431.22,663.88
Springvale,flat,3,3171.0,8,2027 Q3,650.0,675.66,559.33,791.99
Springvale,house,2,3171.0,8,2027 Q3,510.0,538.29,421.96,654.62
Springvale,house,3,3171.0,8,2027 Q3,570.0,602.75,486.42,719.08
Springvale,house,4,3171.0,8,2027 Q3,683.0,714.08,597.75,830.41
St Albans-Deer Park,flat,1,3021.0,8,2027 Q3,330.0,354.55,238.22,470.88
St Albans-Deer Park,flat,2,3021.0,8,2027 Q3,420.0,445.16,328.83,561.49
St Albans-Deer Park,flat,3,3021.0,8,2027 Q3,482.0,510.37,394.04,626.7
St Albans-Deer Park,house,2,3021.0,8,2027 Q3,420.0,444.76,328.43,561.09
St Albans-Deer Park,house,3,3021.0,8,2027 Q3,470.0,501.53,385.2,617.86
St Albans-Deer Park,house,4,3021.0,8,2027 Q3,550.0,583.83,467.5,700.16
St Kilda,flat,1,3182.0,8,2027 Q3,465.0,503.85,387.53,620.18
St Kilda,flat,2,3182.0,8,2027 Q3,630.0,662.92,546.59,779.25
St Kilda,flat,3,3182.0,8,2027 Q3,890.0,894.62,778.29,1010.95
St Kilda,house,2,3182.0,8,2027 Q3,728.0,746.86,630.54,863.19
St Kilda,house,3,3182.0,8,2027 Q3,950.0,963.86,847.53,1080.19
St Kilda,house,4,3182.0,8,2027 Q3,1105.0,1099.79,983.46,1216.12
Sunbury,flat,2,3429.0,8,2027 Q3,440.0,466.67,350.34,583.0
Sunbury,flat,3,3429.0,8,2027 Q3,480.0,510.17,393.84,626.5
Sunbury,house,2,3429.0,8,2027 Q3,440.0,465.84,349.51,582.16
Sunbury,house,3,3429.0,8,2027 Q3,490.0,521.56,405.23,637.89
Sunbury,house,4,3429.0,8,2027 Q3,570.0,601.12,484.79,717.45
Sunshine,flat,1,3020.0,8,2027 Q3,330.0,354.76,238.43,471.09
Sunshine,flat,2,3020.0,8,2027 Q3,410.0,434.14,317.81,550.47
Sunshine,flat,3,3020.0,8,2027 Q3,530.0,554.23,437.9,670.55
Sunshine,house,2,3020.0,8,2027 Q3,460.0,483.51,367.18,599.84
Sunshine,house,3,3020.0,8,2027 Q3,495.0,526.89,410.56,643.22
Sunshine,house,4,3020.0,8,2027 Q3,600.0,630.72,514.4,747.05
Swan Hill,flat,1,3585.0,8,2027 Q3,245.0,272.85,156.52,389.18
Swan Hill,flat,2,3585.0,8,2027 Q3,355.0,379.76,263.43,496.09
Swan Hill,house,3,3585.0,8,2027 Q3,475.0,504.74,388.41,621.07
Swan Hill,house,4,3585.0,8,2027 Q3,560.0,586.76,470.43,703.09
Sydenham,flat,2,3037.0,8,2027 Q3,450.0,471.35,355.02,587.68
Sydenham,flat,3,3037.0,8,2027 Q3,460.0,488.23,371.9,604.56
Sydenham,house,2,3037.0,8,2027 Q3,440.0,464.02,347.69,580.35
Sydenham,house,3,3037.0,8,2027 Q3,480.0,509.58,393.25,625.9
Sydenham,house,4,3037.0,8,2027 Q3,530.0,563.27,446.94,679.6
Thomastown-Lalor,flat,1,3074.0,8,2027 Q3,375.0,397.33,281.0,513.66
Thomastown-Lalor,flat,2,3074.0,8,2027 Q3,450.0,473.84,357.51,590.17
Thomastown-Lalor,flat,3,3074.0,8,2027 Q3,501.0,529.14,412.81,645.47
Thomastown-Lalor,house,2,3074.0,8,2027 Q3,470.0,496.0,379.67,612.33
Thomastown-Lalor,house,3,3074.0,8,2027 Q3,510.0,540.09,423.76,656.42
Thomastown-Lalor,house,4,3074.0,8,2027 Q3,590.0,621.99,505.66,738.32
Thornbury,flat,1,3071.0,8,2027 Q3,400.0,437.92,321.59,554.25
Thornbury,flat,2,3071.0,8,2027 Q3,520.0,557.02,440.69,673.35
Thornbury,flat,3,3071.0,8,2027 Q3,748.0,774.98,658.65,891.31
Thornbury,house,2,3071.0,8,2027 Q3,650.0,673.36,557.03,789.69
Thornbury,house,3,3071.0,8,2027 Q3,798.0,820.27,703.94,936.6
Thornbury,house,4,3071.0,8,2027 Q3,960.0,968.51,852.19,1084.84
Toorak,flat,1,3142.0,8,2027 Q3,445.0,484.92,368.59,601.25
Toorak,flat,2,3142.0,8,2027 Q3,650.0,679.03,562.7,795.36
Toorak,flat,3,3142.0,8,2027 Q3,1000.0,1009.6,893.27,1125.93
Toorak,house,2,3142.0,8,2027 Q3,695.0,721.03,604.7,837.36
Toorak,house,3,3142.0,8,2027 Q3,1250.0,1230.2,1113.87,1346.53
Toorak,house,4,3142.0,8,2027 Q3,1875.0,1820.94,1704.61,1937.27
Torquay,flat,2,3228.0,8,2027 Q3,500.0,527.89,411.56,644.22
Torquay,flat,3,3228.0,8,2027 Q3,660.0,686.14,569.81,802.46
Torquay,house,2,3228.0,8,2027 Q3,535.0,558.62,442.29,674.95
Torquay,house,3,3228.0,8,2027 Q3,650.0,674.84,558.51,791.17
Torquay,house,4,3228.0,8,2027 Q3,750.0,780.57,664.24,896.9
Traralgon,flat,1,3844.0,8,2027 Q3,293.0,320.51,204.18,436.84
Traralgon,flat,2,3844.0,8,2027 Q3,365.0,394.38,278.05,510.71
Traralgon,flat,3,3844.0,8,2027 Q3,488.0,519.5,403.17,635.83
Traralgon,house,2,3844.0,8,2027 Q3,390.0,418.59,302.26,534.92
Traralgon,house,3,3844.0,8,2027 Q3,460.0,493.34,377.01,609.67
Traralgon,house,4,3844.0,8,2027 Q3,580.0,612.32,495.99,728.65
Vermont-Forest Hill-Burwood East,flat,1,3133.0,8,2027 Q3,530.0,547.53,431.2,663.86
Vermont-Forest Hill-Burwood East,flat,2,3133.0,8,2027 Q3,578.0,601.52,485.19,717.85
Vermont-Forest Hill-Burwood East,flat,3,3133.0,8,2027 Q3,650.0,672.95,556.62,789.28
Vermont-Forest Hill-Burwood East,house,2,3133.0,8,2027 Q3,540.0,566.97,450.64,683.3
Vermont-Forest Hill-Burwood East,house,3,3133.0,8,2027 Q3,630.0,660.8,544.47,777.13
Vermont-Forest Hill-Burwood East,house,4,3133.0,8,2027 Q3,750.0,775.82,659.49,892.15
Wanagaratta,flat,1,3677.0,8,2027 Q3,267.0,289.13,172.8,405.46
Wanagaratta,flat,2,3677.0,8,2027 Q3,350.0,376.29,259.96,492.62
Wanagaratta,flat,3,3677.0,8,2027 Q3,420.0,444.82,328.49,561.15
Wanagaratta,house,2,3677.0,8,2027 Q3,400.0,424.88,308.55,541.21
Wanagaratta,house,3,3677.0,8,2027 Q3,480.0,509.7,393.37,626.03
Wanagaratta,house,4,3677.0,8,2027 Q3,555.0,580.96,464.63,697.29
Wantirna-Scoresby,flat,1,3152.0,8,2027 Q3,287.0,305.88,189.55,422.21
Wantirna-Scoresby,flat,2,3152.0,8,2027 Q3,510.0,530.17,413.84,646.5
Wantirna-Scoresby,flat,3,3152.0,8,2027 Q3,610.0,634.86,518.53,751.19
Wantirna-Scoresby,house,2,3152.0,8,2027 Q3,550.0,573.82,457.49,690.15
Wantirna-Scoresby,house,3,3152.0,8,2027 Q3,597.0,625.46,509.13,741.79
Wantirna-Scoresby,house,4,3152.0,8,2027 Q3,700.0,725.98,609.65,842.31
Warragul,flat,2,3820.0,8,2027 Q3,410.0,437.74,321.41,554.07
Warragul,house,2,3820.0,8,2027 Q3,420.0,446.81,330.48,563.14
Warragul,house,3,3820.0,8,2027 Q3,483.0,513.9,397.57,630.23
Warragul,house,4,3820.0,8,2027 Q3,590.0,620.18,503.85,736.5
Warrnambool,flat,1,3280.0,8,2027 Q3,345.0,371.9,255.57,488.23
Warrnambool,flat,2,3280.0,8,2027 Q3,420.0,448.71,332.38,565.04
Warrnambool,flat,3,3280.0,8,2027 Q3,500.0,528.57,412.24,644.9
Warrnambool,house,2,3280.0,8,2027 Q3,450.0,474.92,358.59,591.25
Warrnambool,house,3,3280.0,8,2027 Q3,550.0,577.16,460.83,693.48
Warrnambool,house,4,3280.0,8,2027 Q3,680.0,706.46,590.13,822.79
Wendouree-Alfredton,flat,1,3355.0,8,2027 Q3,285.0,306.25,189.92,422.57
Wendouree-Alfredton,flat,2,3355.0,8,2027 Q3,350.0,374.73,258.41,491.06
Wendouree-Alfredton,flat,3,3355.0,8,2027 Q3,413.0,442.3,325.97,558.63
Wendouree-Alfredton,house,2,3355.0,8,2027 Q3,370.0,394.44,278.11,510.77
Wendouree-Alfredton,house,3,3355.0,8,2027 Q3,410.0,440.7,324.37,557.03
Wendouree-Alfredton,house,4,3355.0,8,2027 Q3,480.0,514.63,398.3,630.96
Werribee-Hoppers Crossing,flat,1,3030.0,8,2027 Q3,350.0,369.24,252.92,485.57
Werribee-Hoppers Crossing,flat,2,3030.0,8,2027 Q3,405.0,428.31,311.98,544.64
Werribee-Hoppers Crossing,flat,3,3030.0,8,2027 Q3,450.0,477.8,361.47,594.13
Werribee-Hoppers Crossing,house,2,3030.0,8,2027 Q3,420.0,443.93,327.6,560.26
Werribee-Hoppers Crossing,house,3,3030.0,8,2027 Q3,460.0,488.02,371.69,604.35
Werribee-Hoppers Crossing,house,4,3030.0,8,2027 Q3,525.0,557.27,440.94,673.6
West Brunswick,flat,1,3055.0,8,2027 Q3,400.0,436.99,320.66,553.32
West Brunswick,flat,2,3055.0,8,2027 Q3,500.0,533.83,417.51,650.16
West Brunswick,flat,3,3055.0,8,2027 Q3,725.0,751.34,635.01,867.66
West Brunswick,house,2,3055.0,8,2027 Q3,590.0,617.62,501.29,733.95
West Brunswick,house,3,3055.0,8,2027 Q3,755.0,777.73,661.4,894.06
West Brunswick,house,4,3055.0,8,2027 Q3,1000.0,1022.29,905.96,1138.62
West Footscray,flat,1,3012.0,8,2027 Q3,365.0,397.18,280.85,513.51
West Footscray,flat,2,3012.0,8,2027 Q3,475.0,503.66,387.33,619.99
West Footscray,flat,3,3012.0,8,2027 Q3,620.0,647.33,531.01,763.66
West Footscray,house,2,3012.0,8,2027 Q3,500.0,527.69,411.36,644.02
West Footscray,house,3,3012.0,8,2027 Q3,600.0,628.2,511.87,744.53
West Footscray,house,4,3012.0,8,2027 Q3,725.0,752.5,636.17,868.83
Whittlesea,flat,2,3757.0,8,2027 Q3,440.0,460.82,344.49,577.15
Whittlesea,flat,3,3757.0,8,2027 Q3,500.0,524.98,408.65,641.31
Whittlesea,house,2,3757.0,8,2027 Q3,450.0,471.92,355.59,588.25
Whittlesea,house,3,3757.0,8,2027 Q3,510.0,535.79,419.46,652.12
Whittlesea,house,4,3757.0,8,2027 Q3,550.0,579.88,463.56,696.21
Williamstown,flat,1,3016.0,8,2027 Q3,420.0,444.88,328.55,561.21
Williamstown,flat,2,3016.0,8,2027 Q3,523.0,554.46,438.13,670.79
Williamstown,flat,3,3016.0,8,2027 Q3,670.0,700.63,584.3,816.96
Williamstown,house,2,3016.0,8,2027 Q3,600.0,624.54,508.21,740.87
Williamstown,house,3,3016.0,8,2027 Q3,800.0,821.96,705.63,938.29
Williamstown,house,4,3016.0,8,2027 Q3,1000.0,1016.52,900.19,1132.85
Wodonga,flat,1,3690.0,8,2027 Q3,290.0,317.9,201.58,434.23
Wodonga,flat,2,3690.0,8,2027 Q3,385.0,414.77,298.44,531.1
Wodonga,flat,3,3690.0,8,2027 Q3,450.0,480.08,363.75,596.41
Wodonga,house,2,3690.0,8,2027 Q3,418.0,442.74,326.42,559.07
Wodonga,house,3,3690.0,8,2027 Q3,500.0,528.54,412.21,644.87
Wodonga,house,4,3690.0,8,2027 Q3,590.0,618.87,502.54,735.2
Yarra Ranges,flat,1,3138.0,8,2027 Q3,350.0,376.59,260.26,492.92
Yarra Ranges,flat,2,3138.0,8,2027 Q3,488.0,518.56,402.23,634.89
Yarra Ranges,flat,3,3138.0,8,2027 Q3,550.0,580.21,463.88,696.54
Yarra Ranges,house,2,3138.0,8,2027 Q3,500.0,526.36,410.03,642.68
Yarra Ranges,house,3,3138.0,8,2027 Q3,595.0,623.41,507.08,739.74
Yarra Ranges,house,4,3138.0,8,2027 Q3,695.0,719.57,603.24,835.9
Yarraville-Seddon,flat,1,3013.0,8,2027 Q3,393.0,426.79,310.46,543.12
Yarraville-Seddon,flat,2,3013.0,8,2027 Q3,520.0,552.26,435.93,668.59
Yarraville-Seddon,flat,3,3013.0,8,2027 Q3,730.0,755.08,638.75,871.41
Yarraville-Seddon,house,2,3013.0,8,2027 Q3,600.0,622.67,506.34,739.0
Yarraville-Seddon,house,3,3013.0,8,2027 Q3,720.0,745.27,628.94,861.6
Yarraville-Seddon,house,4,3013.0,8,2027 Q3,850.0,866.97,750.64,983.3
